FHIR IG Publisher Version 2.2.11 (Git# 0ec4807574e3). Built 2026-07-15T17:53:55.408Z (21 days old)  
Detected Java version: 17.0.19 from /usr/lib/jvm/msopenjdk-current on Linux/aarch64 (64bit). 6144MB available
dir = /ws, path = /usr/local/share/nvm/current/bin:/usr/local/sdkman/bin:/usr/local/sdkman/candidates/java/current/bin:/usr/local/sdkman/candidates/gradle/current/bin:/usr/local/sdkman/candidates/maven/current/bin:/usr/local/sdkman/candidates/ant/current/bin:/usr/lib/jvm/msopenjdk-current/bin:/usr/local/sbin:/usr/local/bin:/usr/sbin:/usr/bin:/sbin:/bin
Parameters: -ig ig.ini -tx https://tx.fhir.org                                                      
Character encoding = UTF-8 / UTF-8                                                                  
Start Clock @ Thursday, August 6, 2026 at 4:02:43 PM Coordinated Universal Time (2026-08-06T16:02:43Z)
                                                                                                    
Build FHIR IG from /ws/ig.ini                                                                        (00:00.023 / 00:00.023, 26Mb)
No FHIR settings file at /root/.fhir/fhir-settings.json; using defaults (no API keys or npm path)    (00:00.001 / 00:00.024, 26Mb)
Package Cache: /root/.fhir/packages                                                                  (00:00.001 / 00:00.026, 26Mb)
Run Sushi on /ws                                                                                     (00:00.008 / 00:00.035, 26Mb)
Sushi: info  Running SUSHI v3.20.0 (implements FHIR Shorthand specification v3.0.0)                  (00:00.388 / 00:00.423, 28Mb)
Sushi: info  Arguments:                                                                              (00:00.000 / 00:00.423, 28Mb)
Sushi: info    --out /ws                                                                             (00:00.000 / 00:00.424, 28Mb)
Sushi: info    /ws                                                                                   (00:00.000 / 00:00.424, 28Mb)
Sushi: info  Using configuration file: /ws/sushi-config.yaml                                         (00:00.354 / 00:00.779, 28Mb)
Sushi: info  Importing FSH text...                                                                   (00:00.051 / 00:00.830, 28Mb)
Sushi: info  Preprocessed 35 documents with 45 aliases.                                              (00:00.132 / 00:00.962, 28Mb)
Sushi: info  Imported 10 definitions and 8 instances.                                                (00:00.105 / 00:01.068, 28Mb)
Sushi: info  Loaded virtual package sushi-r5forR4#1.0.0 with 7 resources                             (00:00.067 / 00:01.136, 28Mb)
Sushi: info  Resolved hl7.fhir.uv.tools.r4#latest to concrete version 1.1.2                          (00:00.186 / 00:01.323, 28Mb)
Sushi: info  Loaded hl7.fhir.uv.tools.r4#1.1.2 with 119 resources                                    (00:00.068 / 00:01.392, 28Mb)
Sushi: info  Resolved hl7.terminology.r4#latest to concrete version 7.3.0                            (00:00.057 / 00:01.449, 28Mb)
Sushi: info  Loaded hl7.terminology.r4#7.3.0 with 4176 resources                                     (00:01.576 / 00:03.026, 28Mb)
Sushi: info  Loaded de.ihe-d.terminology#3.0.1 with 32 resources                                     (00:00.011 / 00:03.037, 28Mb)
Sushi: info  Loaded de.medizininformatikinitiative.kerndatensatz.base#2026.0.0 with 37 resources     (00:00.023 / 00:03.061, 28Mb)
Sushi: info  Loaded de.medizininformatikinitiative.kerndatensatz.meta#2026.0.0 with 173 resources    (00:00.048 / 00:03.109, 28Mb)
Sushi: info  Loaded dvmd.kdl.r4#2025.0.1 with 5 resources                                            (00:00.004 / 00:03.114, 28Mb)
Sushi: info  Loaded ihe.formatcode.fhir#1.4.0 with 5 resources                                       (00:00.002 / 00:03.117, 28Mb)
Sushi: info  Loaded hl7.fhir.uv.crmi#2.0.0 with 123 resources                                        (00:00.103 / 00:03.221, 28Mb)
Sushi: info  Loaded hl7.fhir.r4.core#4.0.1 with 4581 resources                                       (00:01.655 / 00:04.876, 28Mb)
Sushi: info  Resolved hl7.fhir.uv.extensions.r4#latest to concrete version 5.3.0                     (00:00.055 / 00:04.932, 28Mb)
Sushi: info  Loaded hl7.fhir.uv.extensions.r4#5.3.0 with 885 resources                               (00:00.339 / 00:05.272, 28Mb)
Sushi: info  Loaded virtual package sushi-local#LOCAL with 1 resources                               (00:00.009 / 00:05.281, 28Mb)
Sushi: info  Converting FSH to FHIR resources...                                                     (00:00.012 / 00:05.293, 28Mb)
Sushi: info  Converted 3 FHIR StructureDefinitions.                                                  (00:01.018 / 00:06.311, 28Mb)
Sushi: info  Converted 1 FHIR CodeSystems.                                                           (00:00.119 / 00:06.431, 28Mb)
Sushi: info  Converted 6 FHIR ValueSets.                                                             (00:00.185 / 00:06.617, 28Mb)
Sushi: info  Converted 8 FHIR instances.                                                             (00:00.499 / 00:07.116, 28Mb)
Sushi: info  Exporting FHIR resources as JSON...                                                     (00:00.001 / 00:07.118, 28Mb)
Sushi: info  Exported 18 FHIR resources as JSON.                                                     (00:00.018 / 00:07.136, 28Mb)
Sushi: info  Assembling Implementation Guide sources...                                              (00:00.001 / 00:07.138, 28Mb)
Sushi: info  Generated ImplementationGuide-mii-ig-dokument.json                                      (00:00.036 / 00:07.175, 28Mb)
Sushi: info  Assembled Implementation Guide sources; ready for IG Publisher.                         (00:00.000 / 00:07.175, 28Mb)
Sushi: ========================= SUSHI RESULTS ===========================                           (00:00.002 / 00:07.178, 28Mb)
Sushi: |  -------------------------------------------------------------  |                           (00:00.000 / 00:07.178, 28Mb)
Sushi: | |    Profiles   |  Extensions  |   Logicals   |   Resources   | |                           (00:00.000 / 00:07.178, 28Mb)
Sushi: | |-------------------------------------------------------------| |                           (00:00.000 / 00:07.178, 28Mb)
Sushi: | |       1       |      1       |      1       |       0       | |                           (00:00.000 / 00:07.179, 28Mb)
Sushi: |  -------------------------------------------------------------  |                           (00:00.000 / 00:07.179, 28Mb)
Sushi: |  -------------------------------------------------------------  |                           (00:00.000 / 00:07.179, 28Mb)
Sushi: | |      ValueSets     |    CodeSystems    |     Instances      | |                           (00:00.000 / 00:07.179, 28Mb)
Sushi: | |-------------------------------------------------------------| |                           (00:00.000 / 00:07.180, 28Mb)
Sushi: | |         6          |         1         |         8          | |                           (00:00.000 / 00:07.180, 28Mb)
Sushi: |  -------------------------------------------------------------  |                           (00:00.000 / 00:07.180, 28Mb)
Sushi: |                                                                 |                           (00:00.000 / 00:07.180, 28Mb)
Sushi: ===================================================================                           (00:00.000 / 00:07.180, 28Mb)
Sushi: | Why pun? Just for for the halibut.     0 Errors      0 Warnings |                           (00:00.000 / 00:07.180, 28Mb)
Sushi: ===================================================================                           (00:00.000 / 00:07.181, 28Mb)
Root directory: /ws                                                                                  (00:00.021 / 00:07.202, 28Mb)
Unable to load IG as an r5 IG - try R4 (property code is a class com.google.gson.JsonPrimitive looking for an object) (00:00.270 / 00:07.473, 52Mb)
Load Template from #ig-template                                                                      (00:00.349 / 00:07.823, 75Mb)
 Load Template from fhir2.base.template#0.1.0                                                        (00:00.014 / 00:07.837, 75Mb)
Scanning directory: /ws/template
======================================================================
Check folders                                                                                        (00:09.648 / 00:17.489, 80Mb)
Source: /ws/input/predefined-resources                                                               (00:00.013 / 00:17.499, 80Mb)
Source: /ws/input/capabilities                                                                       (00:00.000 / 00:17.499, 80Mb)
Source: /ws/input/examples                                                                           (00:00.000 / 00:17.500, 80Mb)
Source: /ws/input/extensions                                                                         (00:00.000 / 00:17.500, 80Mb)
Source: /ws/input/models                                                                             (00:00.000 / 00:17.500, 80Mb)
Source: /ws/input/operations                                                                         (00:00.000 / 00:17.501, 80Mb)
Source: /ws/input/profiles                                                                           (00:00.000 / 00:17.501, 80Mb)
Source: /ws/input/resources                                                                          (00:00.000 / 00:17.501, 80Mb)
Source: /ws/input/vocabulary                                                                         (00:00.000 / 00:17.502, 80Mb)
Source: /ws/input/testing                                                                            (00:00.000 / 00:17.502, 80Mb)
Source: /ws/input/history                                                                            (00:00.000 / 00:17.502, 80Mb)
Source: /ws/fsh-generated/resources                                                                  (00:00.000 / 00:17.502, 80Mb)
Pages: /ws/input/intro-notes                                                                         (00:00.049 / 00:17.552, 85Mb)
Pages: /ws/template/config                                                                           (00:00.000 / 00:17.553, 85Mb)
Pages: /ws/input/images                                                                              (00:00.000 / 00:17.553, 85Mb)
Output: /ws/output                                                                                   (00:00.000 / 00:17.553, 85Mb)
QA Dir: /ws/temp/qa                                                                                  (00:00.729 / 00:18.283, 92Mb)
Terminology Cache is at /ws/input-cache/txcache. 17 files in cache                                   (00:00.004 / 00:18.288, 92Mb)
Load Terminology Cache from /ws/input-cache/txcache                                                  (00:00.000 / 00:18.288, 92Mb)
Core Package hl7.fhir.r4.core#4.0.1                                                                  (00:00.000 / 00:18.288, 92Mb)
Load hl7.fhir.core-4.0.1 package from /root/.fhir/packages/hl7.fhir.r4.core#4.0.1                    (00:00.099 / 00:18.388, 113Mb)
Running Terminology Log: /tmp/ohfu-fhir-ig-10749294290677718488.html
Connect to Terminology Server at https://tx.fhir.org                                                 (00:03.057 / 00:21.445, 355Mb)
Connect to https://tx.fhir.org/r4                                                                    (00:01.049 / 00:22.494, 381Mb)
[39mLoad Package hl7.fhir.pubpack#0.2.5
[0;39m[39mLoad Package hl7.fhir.xver-extensions#0.1.0
[0;39mLoad hl7tx (http://terminology.hl7.org) from hl7.terminology.r4#7.3.0                                (00:01.294 / 00:23.788, 401Mb)
[39mLoad Package hl7.terminology.r4#7.3.0
[0;39mLoad hl7ext (http://hl7.org/fhir/extensions) from hl7.fhir.uv.extensions.r4#5.3.0                    (00:01.311 / 00:25.100, 434Mb)
[39mLoad Package hl7.fhir.uv.extensions.r4#5.3.0
[0;39mLoad de_ihe_d_terminology (http://fhir.de/packages/de.ihe-d.terminology) from de.ihe-d.terminology#3.0.1 (00:01.008 / 00:26.108, 265Mb)
[39mLoad Package de.ihe-d.terminology#3.0.1
[0;39mLoad de_medizininformatikinitiative_kerndatensatz_base (https://www.medizininformatik-initiative.de/fhir/modul-base) from de.medizininformatikinitiative.kerndatensatz.base#2026.0.0 (00:00.005 / 00:26.114, 267Mb)
Load package dependency de.basisprofil.r4#1.5.x                                                      (00:00.016 / 00:26.131, 267Mb)
[39mLoad Package de.basisprofil.r4#1.5.4
[0;39mLoad package dependency de.medizininformatikinitiative.kerndatensatz.meta#2026.0.x                   (00:00.040 / 00:26.171, 295Mb)
[39mLoad Package de.medizininformatikinitiative.kerndatensatz.meta#2026.0.0
[0;39m[39mLoad Package de.medizininformatikinitiative.kerndatensatz.base#2026.0.0
[0;39mLoad de_medizininformatikinitiative_kerndatensatz_meta (https://www.medizininformatik-initiative.de/fhir/modul-meta) from de.medizininformatikinitiative.kerndatensatz.meta#2026.0.0 (00:00.028 / 00:26.199, 317Mb)
[39mLoad Package de.medizininformatikinitiative.kerndatensatz.meta#2026.0.0
[0;39mLoad dvmd_kdl_r4 (http://fhir.org/packages/dvmd.kdl.r4) from dvmd.kdl.r4#2025.0.1                    (00:00.005 / 00:26.205, 317Mb)
[39mLoad Package dvmd.kdl.r4#2025.0.1
[0;39mLoad ihe_formatcode_fhir (https://profiles.ihe.net/fhir/ihe.formatcode.fhir) from ihe.formatcode.fhir#1.4.0 (00:00.004 / 00:26.210, 317Mb)
Load package dependency hl7.terminology.r4#6.3.0                                                     (00:00.447 / 00:26.657, 343Mb)
Load package dependency hl7.fhir.uv.extensions.r4#5.2.0                                              (00:00.130 / 00:26.788, 375Mb)
[39mLoad Package hl7.fhir.uv.extensions.r4#5.2.0
[0;39m[39mLoad Package hl7.terminology.r4#6.3.0
[0;39m[39mLoad Package ihe.formatcode.fhir#1.4.0
[0;39mLoad hl7_fhir_uv_crmi (http://hl7.org/fhir/uv/crmi) from hl7.fhir.uv.crmi#2.0.0                      (00:02.765 / 00:29.554, 342Mb)
Load package dependency hl7.terminology.r4#7.2.0                                                     (00:00.524 / 00:30.078, 362Mb)
[39mLoad Package hl7.terminology.r4#7.2.0
[0;39m[39mLoad Package hl7.fhir.uv.crmi#2.0.0
[0;39mLoad igtools (http://hl7.org/fhir/tools) from hl7.fhir.uv.tools.r4#1.1.2                             (00:01.652 / 00:31.730, 616Mb)
[39mLoad Package hl7.fhir.uv.tools.r4#1.1.2
[0;39mLoad R5 Specials
Initialization complete                                                                              (00:01.578 / 00:33.309, 726Mb)
Load IG                                                                                              (00:00.000 / 00:33.309, 726Mb)
Load Translations                                                                                    (00:00.004 / 00:33.313, 727Mb)
Load Content                                                                                         (00:00.000 / 00:33.313, 727Mb)
-force-language=null defaultTranslationLang=en sourceIg.language=en sourceIg.jurisdiction=276        (00:00.035 / 00:33.348, 734Mb)
Using en as the default narrative language. (Implementation Guide param i18n-default-lang)           (00:00.000 / 00:33.349, 734Mb)
Loaded 19 files from /ws/fsh-generated/resources                                                     (00:00.079 / 00:33.429, 752Mb)
Loaded 1 files from /ws/input/resources                                                              (00:00.001 / 00:33.430, 752Mb)
load /ws/fsh-generated/resources/CapabilityStatement-mii-cps-dokument-capabilitystatement.json       (00:00.000 / 00:33.431, 752Mb)
load /ws/fsh-generated/resources/CodeSystem-mii-cs-dokument-nlp-processing-status.json               (00:00.003 / 00:33.435, 754Mb)
load /ws/fsh-generated/resources/DocumentReference-AmandaAlzheimerAnnotiertesDokument.json           (00:00.002 / 00:33.438, 754Mb)
load /ws/fsh-generated/resources/DocumentReference-AmandaAlzheimerDeIdentifiziertesDokument.json     (00:00.002 / 00:33.440, 756Mb)
load /ws/fsh-generated/resources/DocumentReference-AmandaAlzheimerOriginalDokument.json              (00:00.001 / 00:33.442, 756Mb)
load /ws/fsh-generated/resources/Encounter-AmandaAlzheimerAbteilungskontakt.json                     (00:00.001 / 00:33.443, 756Mb)
load /ws/fsh-generated/resources/Encounter-AmandaAlzheimerEinrichtungskontakt.json                   (00:00.001 / 00:33.444, 758Mb)
load /ws/fsh-generated/resources/Encounter-AmandaAlzheimerVersorgungsstellenKontakt.json             (00:00.001 / 00:33.446, 758Mb)
load /ws/fsh-generated/resources/Patient-AmandaAlzheimer.json                                        (00:00.001 / 00:33.447, 758Mb)
load /ws/fsh-generated/resources/StructureDefinition-mii-ex-dokument-nlp-processing-status.json      (00:00.001 / 00:33.448, 758Mb)
load /ws/fsh-generated/resources/StructureDefinition-mii-lm-dokument.json                            (00:00.002 / 00:33.451, 760Mb)
load /ws/fsh-generated/resources/StructureDefinition-mii-pr-dokument-dokument.json                   (00:00.002 / 00:33.453, 760Mb)
load /ws/fsh-generated/resources/ValueSet-mii-vs-dokument-einrichtungsart.json                       (00:00.007 / 00:33.460, 766Mb)
load /ws/fsh-generated/resources/ValueSet-mii-vs-dokument-fachgebiet.json                            (00:00.001 / 00:33.462, 766Mb)
load /ws/fsh-generated/resources/ValueSet-mii-vs-dokument-format-code.json                           (00:00.001 / 00:33.463, 766Mb)
load /ws/fsh-generated/resources/ValueSet-mii-vs-dokument-nlp-processing-status.json                 (00:00.001 / 00:33.464, 768Mb)
load /ws/fsh-generated/resources/ValueSet-mii-vs-dokument-sct-dokument-kategorie.json                (00:00.000 / 00:33.465, 768Mb)
load /ws/fsh-generated/resources/ValueSet-mii-vs-dokument-sct-dokument-typ.json                      (00:00.000 / 00:33.465, 768Mb)
load /ws/input/resources/Parameters-expansion-manifest.json                                          (00:00.001 / 00:33.466, 768Mb)
Ignoring file /ws/input/translations/de/ImplementationGuide-mii-ig-dokument.po - resource type 'ImplementationGuide' is not supported for translation supplements
Process Loaded Resources                                                                             (00:00.002 / 00:33.469, 768Mb)
process res: CodeSystem/mii-cs-dokument-nlp-processing-status                                        (00:00.000 / 00:33.469, 768Mb)
process res: ValueSet/mii-vs-dokument-einrichtungsart                                                (00:00.005 / 00:33.474, 770Mb)
process res: ValueSet/mii-vs-dokument-fachgebiet                                                     (00:00.005 / 00:33.480, 770Mb)
process res: ValueSet/mii-vs-dokument-format-code                                                    (00:00.003 / 00:33.483, 772Mb)
process res: ValueSet/mii-vs-dokument-nlp-processing-status                                          (00:00.005 / 00:33.488, 772Mb)
process res: ValueSet/mii-vs-dokument-sct-dokument-kategorie                                         (00:00.002 / 00:33.490, 772Mb)
process res: ValueSet/mii-vs-dokument-sct-dokument-typ                                               (00:00.001 / 00:33.492, 774Mb)
process res: StructureDefinition/mii-ex-dokument-nlp-processing-status                               (00:00.001 / 00:33.494, 774Mb)
process res: StructureDefinition/mii-lm-dokument                                                     (00:00.003 / 00:33.498, 776Mb)
process res: StructureDefinition/mii-pr-dokument-dokument                                            (00:00.005 / 00:33.503, 778Mb)
process res: CapabilityStatement/mii-cps-dokument-capabilitystatement                                (00:00.014 / 00:33.518, 790Mb)
process res: ImplementationGuide/mii-ig-dokument                                                     (00:00.426 / 00:33.945, 794Mb)
Generating Snapshots                                                                                 (00:00.384 / 00:34.329, 479Mb)
Generate Snapshots                                                                                   (00:00.000 / 00:34.330, 479Mb)
Check Snapshot for https://www.medizininformatik-initiative.de/fhir/ext/modul-dokument/StructureDefinition/mii-ex-dokument-nlp-processing-status (00:00.000 / 00:34.331, 479Mb)
Generate Snapshot for https://www.medizininformatik-initiative.de/fhir/ext/modul-dokument/StructureDefinition/mii-ex-dokument-nlp-processing-status (00:00.000 / 00:34.331, 479Mb)
Context.See https://www.medizininformatik-initiative.de/fhir/ext/modul-dokument/StructureDefinition/mii-ex-dokument-nlp-processing-status (00:00.013 / 00:34.345, 483Mb)
Check Snapshot for https://www.medizininformatik-initiative.de/fhir/ext/modul-dokument/StructureDefinition/mii-lm-dokument (00:00.003 / 00:34.348, 485Mb)
Generate Snapshot for Logical Model or specializationhttps://www.medizininformatik-initiative.de/fhir/ext/modul-dokument/StructureDefinition/mii-lm-dokument (00:00.000 / 00:34.349, 485Mb)
Context.See https://www.medizininformatik-initiative.de/fhir/ext/modul-dokument/StructureDefinition/mii-lm-dokument (00:00.017 / 00:34.367, 493Mb)
Check Snapshot for https://www.medizininformatik-initiative.de/fhir/ext/modul-dokument/StructureDefinition/mii-pr-dokument-dokument (00:00.006 / 00:34.373, 497Mb)
Generate Snapshot for https://www.medizininformatik-initiative.de/fhir/ext/modul-dokument/StructureDefinition/mii-pr-dokument-dokument (00:00.000 / 00:34.373, 497Mb)
Context.See https://www.medizininformatik-initiative.de/fhir/ext/modul-dokument/StructureDefinition/mii-pr-dokument-dokument (00:00.091 / 00:34.465, 551Mb)

Signing Certificate: RSA key for Subject: OU=IG Publisher, L=Ann Arbor, CN=hl7.org, O=HL7, ST=Missouri, C=us from: OU=IG Publisher, L=Ann Arbor, CN=hl7.org, O=HL7, ST=Missouri, C=us
Fetch https://www.medizininformatik-initiative.de/fhir/ext/modul-dokument/package-list.json for version check (00:00.269 / 00:34.735, 619Mb)
Loaded Files: 53                                                                                     (00:00.116 / 00:34.852, 631Mb)
  /ws/fsh-generated/resources/ImplementationGuide-mii-ig-dokument - 1 Resources                      (00:00.000 / 00:34.852, 631Mb)
    ImplementationGuide/mii-ig-dokument                                                              (00:00.000 / 00:34.852, 631Mb)
  /ws/fsh-generated/resources/CapabilityStatement-mii-cps-dokument-capabilitystatement - 1 Resources (00:00.000 / 00:34.852, 631Mb)
    CapabilityStatement/mii-cps-dokument-capabilitystatement                                         (00:00.000 / 00:34.853, 631Mb)
  /ws/fsh-generated/resources/CodeSystem-mii-cs-dokument-nlp-processing-status - 1 Resources         (00:00.000 / 00:34.853, 631Mb)
    CodeSystem/mii-cs-dokument-nlp-processing-status                                                 (00:00.000 / 00:34.853, 631Mb)
  /ws/fsh-generated/resources/DocumentReference-AmandaAlzheimerAnnotiertesDokument - 1 Resources     (00:00.000 / 00:34.853, 631Mb)
    DocumentReference/AmandaAlzheimerAnnotiertesDokument                                             (00:00.000 / 00:34.853, 631Mb)
  /ws/fsh-generated/resources/DocumentReference-AmandaAlzheimerDeIdentifiziertesDokument - 1 Resources (00:00.000 / 00:34.854, 631Mb)
    DocumentReference/AmandaAlzheimerDeIdentifiziertesDokument                                       (00:00.000 / 00:34.854, 631Mb)
  /ws/fsh-generated/resources/DocumentReference-AmandaAlzheimerOriginalDokument - 1 Resources        (00:00.000 / 00:34.854, 631Mb)
    DocumentReference/AmandaAlzheimerOriginalDokument                                                (00:00.000 / 00:34.854, 631Mb)
  /ws/fsh-generated/resources/Encounter-AmandaAlzheimerAbteilungskontakt - 1 Resources               (00:00.000 / 00:34.854, 631Mb)
    Encounter/AmandaAlzheimerAbteilungskontakt                                                       (00:00.000 / 00:34.855, 631Mb)
  /ws/fsh-generated/resources/Encounter-AmandaAlzheimerEinrichtungskontakt - 1 Resources             (00:00.000 / 00:34.855, 631Mb)
    Encounter/AmandaAlzheimerEinrichtungskontakt                                                     (00:00.000 / 00:34.855, 631Mb)
  /ws/fsh-generated/resources/Encounter-AmandaAlzheimerVersorgungsstellenKontakt - 1 Resources       (00:00.000 / 00:34.855, 631Mb)
    Encounter/AmandaAlzheimerVersorgungsstellenKontakt                                               (00:00.000 / 00:34.855, 631Mb)
  /ws/fsh-generated/resources/Patient-AmandaAlzheimer - 1 Resources                                  (00:00.000 / 00:34.855, 631Mb)
    Patient/AmandaAlzheimer                                                                          (00:00.000 / 00:34.856, 631Mb)
  /ws/fsh-generated/resources/StructureDefinition-mii-ex-dokument-nlp-processing-status - 1 Resources (00:00.000 / 00:34.856, 631Mb)
    StructureDefinition/mii-ex-dokument-nlp-processing-status                                        (00:00.000 / 00:34.856, 631Mb)
  /ws/fsh-generated/resources/StructureDefinition-mii-lm-dokument - 1 Resources                      (00:00.000 / 00:34.856, 631Mb)
    StructureDefinition/mii-lm-dokument                                                              (00:00.000 / 00:34.856, 631Mb)
  /ws/fsh-generated/resources/StructureDefinition-mii-pr-dokument-dokument - 1 Resources             (00:00.000 / 00:34.857, 631Mb)
    StructureDefinition/mii-pr-dokument-dokument                                                     (00:00.000 / 00:34.857, 631Mb)
  /ws/fsh-generated/resources/ValueSet-mii-vs-dokument-einrichtungsart - 1 Resources                 (00:00.000 / 00:34.857, 631Mb)
    ValueSet/mii-vs-dokument-einrichtungsart                                                         (00:00.000 / 00:34.857, 631Mb)
  /ws/fsh-generated/resources/ValueSet-mii-vs-dokument-fachgebiet - 1 Resources                      (00:00.000 / 00:34.858, 631Mb)
    ValueSet/mii-vs-dokument-fachgebiet                                                              (00:00.000 / 00:34.858, 631Mb)
  /ws/fsh-generated/resources/ValueSet-mii-vs-dokument-format-code - 1 Resources                     (00:00.000 / 00:34.858, 631Mb)
    ValueSet/mii-vs-dokument-format-code                                                             (00:00.000 / 00:34.858, 631Mb)
  /ws/fsh-generated/resources/ValueSet-mii-vs-dokument-nlp-processing-status - 1 Resources           (00:00.000 / 00:34.858, 631Mb)
    ValueSet/mii-vs-dokument-nlp-processing-status                                                   (00:00.000 / 00:34.859, 631Mb)
  /ws/fsh-generated/resources/ValueSet-mii-vs-dokument-sct-dokument-kategorie - 1 Resources          (00:00.000 / 00:34.859, 631Mb)
    ValueSet/mii-vs-dokument-sct-dokument-kategorie                                                  (00:00.000 / 00:34.859, 631Mb)
  /ws/fsh-generated/resources/ValueSet-mii-vs-dokument-sct-dokument-typ - 1 Resources                (00:00.000 / 00:34.859, 631Mb)
    ValueSet/mii-vs-dokument-sct-dokument-typ                                                        (00:00.000 / 00:34.860, 631Mb)
  /ws/input/resources/Parameters-expansion-manifest - 1 Resources                                    (00:00.000 / 00:34.860, 631Mb)
    Parameters/mii-param-dokument-manifest                                                           (00:00.000 / 00:34.860, 631Mb)
  /ws/input/includes/menu - 0 Resources                                                              (00:00.000 / 00:34.860, 631Mb)
  /ws/fsh-generated/includes/fsh-link-references - 0 Resources                                       (00:00.000 / 00:34.860, 631Mb)
  /ws/input/pagecontent/logical-models - 0 Resources                                                 (00:00.000 / 00:34.861, 631Mb)
  /ws/input/pagecontent/profiles-and-extensions - 0 Resources                                        (00:00.000 / 00:34.861, 631Mb)
  /ws/input/pagecontent/examples - 0 Resources                                                       (00:00.000 / 00:34.861, 631Mb)
  /ws/input/pagecontent/conformance - 0 Resources                                                    (00:00.000 / 00:34.861, 631Mb)
  /ws/input/pagecontent/uml-diagrams - 0 Resources                                                   (00:00.000 / 00:34.861, 631Mb)
  /ws/input/pagecontent/guidance - 0 Resources                                                       (00:00.000 / 00:34.862, 631Mb)
  /ws/input/pagecontent/implementer-guidance - 0 Resources                                           (00:00.000 / 00:34.862, 631Mb)
  /ws/input/pagecontent/security-and-privacy - 0 Resources                                           (00:00.000 / 00:34.862, 631Mb)
  /ws/input/pagecontent/capability-statements - 0 Resources                                          (00:00.000 / 00:34.862, 631Mb)
  /ws/input/pagecontent/missing-data - 0 Resources                                                   (00:00.000 / 00:34.862, 631Mb)
  /ws/input/pagecontent/terminology - 0 Resources                                                    (00:00.000 / 00:34.863, 631Mb)
  /ws/input/pagecontent/metadata - 0 Resources                                                       (00:00.000 / 00:34.863, 631Mb)
  /ws/input/pagecontent/researcher-guidance - 0 Resources                                            (00:00.000 / 00:34.863, 631Mb)
  /ws/input/pagecontent/datasets-and-descriptions - 0 Resources                                      (00:00.000 / 00:34.863, 631Mb)
  /ws/input/pagecontent/must-support - 0 Resources                                                   (00:00.000 / 00:34.864, 631Mb)
  /ws/input/pagecontent/index - 0 Resources                                                          (00:00.000 / 00:34.864, 631Mb)
  /ws/input/pagecontent/version-history - 0 Resources                                                (00:00.000 / 00:34.864, 631Mb)
  /ws/input/pagecontent/search-parameters-and-operations - 0 Resources                               (00:00.000 / 00:34.864, 631Mb)
  /ws/input/pagecontent/translationinfo - 0 Resources                                                (00:00.000 / 00:34.864, 631Mb)
  /ws/input/pagecontent/changes - 0 Resources                                                        (00:00.000 / 00:34.865, 631Mb)
  /ws/input/pagecontent/downloads - 0 Resources                                                      (00:00.000 / 00:34.865, 631Mb)
  /ws/input/pagecontent/general-requirements - 0 Resources                                           (00:00.000 / 00:34.865, 631Mb)
  /ws/input/intro-notes - 0 Resources                                                                (00:00.000 / 00:34.865, 631Mb)
  /ws/template/config - 0 Resources                                                                  (00:00.000 / 00:34.865, 631Mb)
  /ws/template/config/_config - 0 Resources                                                          (00:00.000 / 00:34.866, 631Mb)
  /ws/input/images - 0 Resources                                                                     (00:00.000 / 00:34.866, 631Mb)
  /ws/input/images/ExterneDokumentennutzung - 0 Resources                                            (00:00.000 / 00:34.866, 631Mb)
  /ws/input/images/NLP-Pipeline - 0 Resources                                                        (00:00.000 / 00:34.866, 631Mb)
  /ws/input/images/InterneDokumentennutzung - 0 Resources                                            (00:00.000 / 00:34.866, 631Mb)
  /ws/input/images/Paketabhaengigkeiten - 0 Resources                                                (00:00.000 / 00:34.867, 631Mb)
  /ws/input/images/Informationsmodell - 0 Resources                                                  (00:00.000 / 00:34.867, 631Mb)
Checking Language                                                                                    (00:00.048 / 00:34.916, 635Mb)
process type: NamingSystem                                                                           (00:00.000 / 00:34.917, 635Mb)
process type: CodeSystem                                                                             (00:00.000 / 00:34.917, 635Mb)
process type: ValueSet                                                                               (00:00.000 / 00:34.917, 635Mb)
process type: ConceptMap                                                                             (00:00.000 / 00:34.918, 635Mb)
process type: DataElement                                                                            (00:00.000 / 00:34.918, 635Mb)
process type: StructureDefinition                                                                    (00:00.000 / 00:34.918, 635Mb)
process type: OperationDefinition                                                                    (00:00.000 / 00:34.918, 635Mb)
process type: SearchParameter                                                                        (00:00.000 / 00:34.918, 635Mb)
process type: CapabilityStatement                                                                    (00:00.000 / 00:34.918, 635Mb)
process type: Conformance                                                                            (00:00.000 / 00:34.919, 635Mb)
process type: StructureMap                                                                           (00:00.000 / 00:34.919, 635Mb)
process type: ActivityDefinition                                                                     (00:00.000 / 00:34.919, 635Mb)
process type: Citation                                                                               (00:00.000 / 00:34.919, 635Mb)
process type: ChargeItemDefinition                                                                   (00:00.000 / 00:34.919, 635Mb)
process type: CompartmentDefinition                                                                  (00:00.000 / 00:34.920, 635Mb)
process type: ConceptMap                                                                             (00:00.000 / 00:34.920, 635Mb)
process type: ConditionDefinition                                                                    (00:00.000 / 00:34.920, 635Mb)
process type: EffectEvidenceSynthesis                                                                (00:00.000 / 00:34.920, 635Mb)
process type: EventDefinition                                                                        (00:00.000 / 00:34.920, 635Mb)
process type: Evidence                                                                               (00:00.000 / 00:34.921, 635Mb)
process type: EvidenceVariable                                                                       (00:00.000 / 00:34.921, 635Mb)
process type: ExampleScenario                                                                        (00:00.000 / 00:34.921, 635Mb)
process type: GraphDefinition                                                                        (00:00.000 / 00:34.921, 635Mb)
process type: ImplementationGuide                                                                    (00:00.000 / 00:34.921, 635Mb)
process type: Library                                                                                (00:00.000 / 00:34.922, 635Mb)
process type: Measure                                                                                (00:00.000 / 00:34.922, 635Mb)
process type: MessageDefinition                                                                      (00:00.000 / 00:34.922, 635Mb)
process type: PlanDefinition                                                                         (00:00.000 / 00:34.922, 635Mb)
process type: Questionnaire                                                                          (00:00.000 / 00:34.922, 635Mb)
process type: ResearchDefinition                                                                     (00:00.000 / 00:34.922, 635Mb)
process type: ResearchElementDefinition                                                              (00:00.000 / 00:34.922, 635Mb)
process type: RiskEvidenceSynthesis                                                                  (00:00.000 / 00:34.923, 635Mb)
process type: SearchParameter                                                                        (00:00.000 / 00:34.923, 635Mb)
process type: Statistic                                                                              (00:00.000 / 00:34.923, 635Mb)
process type: TerminologyCapabilities                                                                (00:00.000 / 00:34.923, 635Mb)
process type: TestPlan                                                                               (00:00.000 / 00:34.924, 635Mb)
process type: TestScript                                                                             (00:00.000 / 00:34.924, 635Mb)
process type: ActorDefinition                                                                        (00:00.000 / 00:34.925, 635Mb)
process type: SubscriptionTopic                                                                      (00:00.000 / 00:34.925, 635Mb)
process type: Requirements                                                                           (00:00.000 / 00:34.925, 635Mb)
Load Dependency Info                                                                                 (00:00.000 / 00:34.925, 635Mb)
Load Info                                                                                            (00:00.000 / 00:34.926, 635Mb)
Load Paths                                                                                           (00:00.000 / 00:34.927, 637Mb)
Check R4 / R4B                                                                                       (00:00.000 / 00:34.927, 637Mb)
R4/R4B Check                                                                                         (00:00.000 / 00:34.927, 637Mb)
Assign Comparison Ids                                                                                (00:00.015 / 00:34.942, 641Mb)
Propagating status                                                                                   (00:00.000 / 00:34.943, 641Mb)
propagating status                                                                                   (00:00.000 / 00:34.943, 641Mb)
Generating Narratives                                                                                (00:00.000 / 00:34.943, 641Mb)
gen narratives                                                                                       (00:00.000 / 00:34.944, 641Mb)
generate narrative for ImplementationGuide-mii-ig-dokument.json : mii-ig-dokument                    (00:00.000 / 00:34.944, 641Mb)
generate narrative for CapabilityStatement-mii-cps-dokument-capabilitystatement.json : mii-cps-dokument-capabilitystatement (00:00.112 / 00:35.057, 655Mb)
generate narrative for CodeSystem-mii-cs-dokument-nlp-processing-status.json : mii-cs-dokument-nlp-processing-status (00:00.948 / 00:36.006, 414Mb)
generate narrative for DocumentReference-AmandaAlzheimerAnnotiertesDokument.json : AmandaAlzheimerAnnotiertesDokument (00:00.011 / 00:36.018, 416Mb)
generate narrative for DocumentReference-AmandaAlzheimerDeIdentifiziertesDokument.json : AmandaAlzheimerDeIdentifiziertesDokument (00:00.042 / 00:36.060, 424Mb)
generate narrative for DocumentReference-AmandaAlzheimerOriginalDokument.json : AmandaAlzheimerOriginalDokument (00:00.004 / 00:36.065, 426Mb)
generate narrative for Encounter-AmandaAlzheimerAbteilungskontakt.json : AmandaAlzheimerAbteilungskontakt (00:00.107 / 00:36.172, 564Mb)
generate narrative for Encounter-AmandaAlzheimerEinrichtungskontakt.json : AmandaAlzheimerEinrichtungskontakt (00:00.003 / 00:36.175, 566Mb)
generate narrative for Encounter-AmandaAlzheimerVersorgungsstellenKontakt.json : AmandaAlzheimerVersorgungsstellenKontakt (00:00.001 / 00:36.177, 566Mb)
generate narrative for Patient-AmandaAlzheimer.json : AmandaAlzheimer                                (00:00.002 / 00:36.180, 566Mb)
generate narrative for StructureDefinition-mii-ex-dokument-nlp-processing-status.json : mii-ex-dokument-nlp-processing-status (00:00.001 / 00:36.181, 568Mb)
generate narrative for StructureDefinition-mii-lm-dokument.json : mii-lm-dokument                    (00:00.065 / 00:36.247, 576Mb)
generate narrative for StructureDefinition-mii-pr-dokument-dokument.json : mii-pr-dokument-dokument  (00:00.030 / 00:36.278, 596Mb)
generate narrative for ValueSet-mii-vs-dokument-einrichtungsart.json : mii-vs-dokument-einrichtungsart (00:00.172 / 00:36.451, 686Mb)
generate narrative for ValueSet-mii-vs-dokument-fachgebiet.json : mii-vs-dokument-fachgebiet         (00:00.105 / 00:36.557, 706Mb)
generate narrative for ValueSet-mii-vs-dokument-format-code.json : mii-vs-dokument-format-code       (00:00.003 / 00:36.560, 708Mb)
generate narrative for ValueSet-mii-vs-dokument-nlp-processing-status.json : mii-vs-dokument-nlp-processing-status (00:00.001 / 00:36.562, 708Mb)
generate narrative for ValueSet-mii-vs-dokument-sct-dokument-kategorie.json : mii-vs-dokument-sct-dokument-kategorie (00:00.002 / 00:36.564, 710Mb)
generate narrative for ValueSet-mii-vs-dokument-sct-dokument-typ.json : mii-vs-dokument-sct-dokument-typ (00:00.001 / 00:36.566, 710Mb)
generate narrative for resources/Parameters-expansion-manifest.json : mii-param-dokument-manifest    (00:00.001 / 00:36.568, 712Mb)
Validating Conformance Resources                                                                     (00:00.000 / 00:36.568, 712Mb)
validate res: CodeSystem/mii-cs-dokument-nlp-processing-status                                       (00:00.000 / 00:36.568, 712Mb)
validate res: ValueSet/mii-vs-dokument-einrichtungsart                                               (00:00.061 / 00:36.630, 856Mb)
validate res: ValueSet/mii-vs-dokument-fachgebiet                                                    (00:00.022 / 00:36.652, 924Mb)
validate res: ValueSet/mii-vs-dokument-format-code                                                   (00:00.011 / 00:36.664, 976Mb)
validate res: ValueSet/mii-vs-dokument-nlp-processing-status                                         (00:00.034 / 00:36.699, 442Mb)
validate res: ValueSet/mii-vs-dokument-sct-dokument-kategorie                                        (00:00.014 / 00:36.714, 486Mb)
validate res: ValueSet/mii-vs-dokument-sct-dokument-typ                                              (00:00.010 / 00:36.724, 534Mb)
validate res: StructureDefinition/mii-ex-dokument-nlp-processing-status                              (00:00.010 / 00:36.735, 584Mb)
validate res: StructureDefinition/mii-lm-dokument                                                    (00:02.753 / 00:39.489, 922Mb)
validate res: StructureDefinition/mii-pr-dokument-dokument                                           (00:00.719 / 00:40.208, 1Gb)
validate res: CapabilityStatement/mii-cps-dokument-capabilitystatement                               (00:04.425 / 00:44.633, 1Gb)
validate res: ImplementationGuide/mii-ig-dokument                                                    (00:00.150 / 00:44.783, 674Mb)
Check profiles & code systems                                                                        (00:19.417 / 01:04.201, 1Gb)
process CodeSystem: mii-cs-dokument-nlp-processing-status                                            (00:00.000 / 01:04.201, 1Gb)
process profile: mii-ex-dokument-nlp-processing-status                                               (00:00.000 / 01:04.202, 1Gb)
process profile: mii-lm-dokument                                                                     (00:00.000 / 01:04.202, 1Gb)
process profile: mii-pr-dokument-dokument                                                            (00:00.000 / 01:04.203, 1Gb)
Check realm rules                                                                                    (00:00.001 / 01:04.204, 1Gb)
Previous Version Comparison                                                                          (00:00.000 / 01:04.205, 1Gb)
.. loaded. Process                                                                                   (00:00.000 / 01:04.205, 1Gb)
  ...ImplementationGuide mii-ig-dokument                                                             (00:00.000 / 01:04.205, 1Gb)
  ...CapabilityStatement mii-cps-dokument-capabilitystatement                                        (00:00.000 / 01:04.206, 1Gb)
  ...CodeSystem mii-cs-dokument-nlp-processing-status                                                (00:00.000 / 01:04.206, 1Gb)
  ...StructureDefinition mii-ex-dokument-nlp-processing-status                                       (00:00.000 / 01:04.206, 1Gb)
  ...StructureDefinition mii-lm-dokument                                                             (00:00.000 / 01:04.206, 1Gb)
  ...StructureDefinition mii-pr-dokument-dokument                                                    (00:00.000 / 01:04.206, 1Gb)
  ...ValueSet mii-vs-dokument-einrichtungsart                                                        (00:00.000 / 01:04.207, 1Gb)
  ...ValueSet mii-vs-dokument-fachgebiet                                                             (00:00.000 / 01:04.207, 1Gb)
  ...ValueSet mii-vs-dokument-format-code                                                            (00:00.000 / 01:04.207, 1Gb)
  ...ValueSet mii-vs-dokument-nlp-processing-status                                                  (00:00.000 / 01:04.207, 1Gb)
  ...ValueSet mii-vs-dokument-sct-dokument-kategorie                                                 (00:00.000 / 01:04.208, 1Gb)
  ...ValueSet mii-vs-dokument-sct-dokument-typ                                                       (00:00.000 / 01:04.208, 1Gb)
finish previous version comparison                                                                   (00:00.000 / 01:04.208, 1Gb)
finish ipa version                                                                                   (00:00.000 / 01:04.208, 1Gb)
finish ips version                                                                                   (00:00.000 / 01:04.208, 1Gb)
comparisons done                                                                                     (00:00.000 / 01:04.208, 1Gb)
Validate Expressions                                                                                 (00:00.010 / 01:04.219, 1Gb)
scanForUsageStats                                                                                    (00:00.000 / 01:04.219, 1Gb)
Checking for Bundles to sign                                                                         (00:00.004 / 01:04.223, 1Gb)
Validating Resources                                                                                 (00:00.000 / 01:04.223, 1Gb)
 .. validate /ws/fsh-generated/resources/ImplementationGuide-mii-ig-dokument                         (00:00.000 / 01:04.224, 1Gb)
 .. /ws/fsh-generated/resources/ImplementationGuide-mii-ig-dokument                                  (00:00.000 / 01:04.224, 1Gb)
 .. validate /ws/fsh-generated/resources/CapabilityStatement-mii-cps-dokument-capabilitystatement    (00:00.000 / 01:04.224, 1Gb)
 .. /ws/fsh-generated/resources/CapabilityStatement-mii-cps-dokument-capabilitystatement             (00:00.000 / 01:04.225, 1Gb)
 .. validate /ws/fsh-generated/resources/CodeSystem-mii-cs-dokument-nlp-processing-status            (00:00.000 / 01:04.225, 1Gb)
 .. /ws/fsh-generated/resources/CodeSystem-mii-cs-dokument-nlp-processing-status                     (00:00.000 / 01:04.225, 1Gb)
 .. validate /ws/fsh-generated/resources/DocumentReference-AmandaAlzheimerAnnotiertesDokument        (00:00.000 / 01:04.226, 1Gb)
 .. /ws/fsh-generated/resources/DocumentReference-AmandaAlzheimerAnnotiertesDokument                 (00:00.000 / 01:04.226, 1Gb)
     validating DocumentReference/AmandaAlzheimerAnnotiertesDokument                                 (00:00.000 / 01:04.226, 1Gb)
 .. validate /ws/fsh-generated/resources/DocumentReference-AmandaAlzheimerDeIdentifiziertesDokument  (00:00.101 / 01:04.328, 1Gb)
 .. /ws/fsh-generated/resources/DocumentReference-AmandaAlzheimerDeIdentifiziertesDokument           (00:00.000 / 01:04.328, 1Gb)
     validating DocumentReference/AmandaAlzheimerDeIdentifiziertesDokument                           (00:00.000 / 01:04.328, 1Gb)
 .. validate /ws/fsh-generated/resources/DocumentReference-AmandaAlzheimerOriginalDokument           (00:00.024 / 01:04.353, 1Gb)
 .. /ws/fsh-generated/resources/DocumentReference-AmandaAlzheimerOriginalDokument                    (00:00.000 / 01:04.353, 1Gb)
     validating DocumentReference/AmandaAlzheimerOriginalDokument                                    (00:00.000 / 01:04.353, 1Gb)
 .. validate /ws/fsh-generated/resources/Encounter-AmandaAlzheimerAbteilungskontakt                  (00:00.068 / 01:04.421, 1Gb)
 .. /ws/fsh-generated/resources/Encounter-AmandaAlzheimerAbteilungskontakt                           (00:00.000 / 01:04.421, 1Gb)
     validating Encounter/AmandaAlzheimerAbteilungskontakt                                           (00:00.000 / 01:04.421, 1Gb)
 .. validate /ws/fsh-generated/resources/Encounter-AmandaAlzheimerEinrichtungskontakt                (00:00.047 / 01:04.468, 2Gb)
 .. /ws/fsh-generated/resources/Encounter-AmandaAlzheimerEinrichtungskontakt                         (00:00.000 / 01:04.468, 2Gb)
     validating Encounter/AmandaAlzheimerEinrichtungskontakt                                         (00:00.000 / 01:04.469, 2Gb)
 .. validate /ws/fsh-generated/resources/Encounter-AmandaAlzheimerVersorgungsstellenKontakt          (00:00.011 / 01:04.480, 2Gb)
 .. /ws/fsh-generated/resources/Encounter-AmandaAlzheimerVersorgungsstellenKontakt                   (00:00.000 / 01:04.480, 2Gb)
     validating Encounter/AmandaAlzheimerVersorgungsstellenKontakt                                   (00:00.000 / 01:04.480, 2Gb)
 .. validate /ws/fsh-generated/resources/Patient-AmandaAlzheimer                                     (00:00.009 / 01:04.490, 2Gb)
 .. /ws/fsh-generated/resources/Patient-AmandaAlzheimer                                              (00:00.000 / 01:04.490, 2Gb)
     validating Patient/AmandaAlzheimer                                                              (00:00.000 / 01:04.490, 2Gb)
 .. validate /ws/fsh-generated/resources/StructureDefinition-mii-ex-dokument-nlp-processing-status   (00:00.017 / 01:04.508, 625Mb)
 .. /ws/fsh-generated/resources/StructureDefinition-mii-ex-dokument-nlp-processing-status            (00:00.000 / 01:04.508, 625Mb)
 .. validate /ws/fsh-generated/resources/StructureDefinition-mii-lm-dokument                         (00:00.000 / 01:04.508, 625Mb)
 .. /ws/fsh-generated/resources/StructureDefinition-mii-lm-dokument                                  (00:00.000 / 01:04.509, 625Mb)
 .. validate /ws/fsh-generated/resources/StructureDefinition-mii-pr-dokument-dokument                (00:00.000 / 01:04.509, 625Mb)
 .. /ws/fsh-generated/resources/StructureDefinition-mii-pr-dokument-dokument                         (00:00.000 / 01:04.509, 625Mb)
 .. validate /ws/fsh-generated/resources/ValueSet-mii-vs-dokument-einrichtungsart                    (00:00.000 / 01:04.509, 625Mb)
 .. /ws/fsh-generated/resources/ValueSet-mii-vs-dokument-einrichtungsart                             (00:00.000 / 01:04.509, 625Mb)
 .. validate /ws/fsh-generated/resources/ValueSet-mii-vs-dokument-fachgebiet                         (00:00.000 / 01:04.509, 625Mb)
 .. /ws/fsh-generated/resources/ValueSet-mii-vs-dokument-fachgebiet                                  (00:00.000 / 01:04.510, 625Mb)
 .. validate /ws/fsh-generated/resources/ValueSet-mii-vs-dokument-format-code                        (00:00.000 / 01:04.510, 625Mb)
 .. /ws/fsh-generated/resources/ValueSet-mii-vs-dokument-format-code                                 (00:00.000 / 01:04.510, 625Mb)
 .. validate /ws/fsh-generated/resources/ValueSet-mii-vs-dokument-nlp-processing-status              (00:00.000 / 01:04.510, 625Mb)
 .. /ws/fsh-generated/resources/ValueSet-mii-vs-dokument-nlp-processing-status                       (00:00.000 / 01:04.510, 625Mb)
 .. validate /ws/fsh-generated/resources/ValueSet-mii-vs-dokument-sct-dokument-kategorie             (00:00.000 / 01:04.511, 625Mb)
 .. /ws/fsh-generated/resources/ValueSet-mii-vs-dokument-sct-dokument-kategorie                      (00:00.000 / 01:04.511, 625Mb)
 .. validate /ws/fsh-generated/resources/ValueSet-mii-vs-dokument-sct-dokument-typ                   (00:00.000 / 01:04.511, 625Mb)
 .. /ws/fsh-generated/resources/ValueSet-mii-vs-dokument-sct-dokument-typ                            (00:00.000 / 01:04.511, 625Mb)
 .. validate /ws/input/resources/Parameters-expansion-manifest                                       (00:00.000 / 01:04.511, 625Mb)
 .. /ws/input/resources/Parameters-expansion-manifest                                                (00:00.000 / 01:04.511, 625Mb)
     validating Parameters/mii-param-dokument-manifest                                               (00:00.000 / 01:04.512, 625Mb)
 .. validate /ws/input/includes                                                                      (00:00.043 / 01:04.555, 1Gb)
 .. /ws/input/includes                                                                               (00:00.000 / 01:04.555, 1Gb)
 .. validate /ws/input/includes/menu                                                                 (00:00.000 / 01:04.555, 1Gb)
 .. /ws/input/includes/menu                                                                          (00:00.000 / 01:04.556, 1Gb)
 .. validate /ws/fsh-generated/includes                                                              (00:00.000 / 01:04.556, 1Gb)
 .. /ws/fsh-generated/includes                                                                       (00:00.000 / 01:04.556, 1Gb)
 .. validate /ws/fsh-generated/includes/fsh-link-references                                          (00:00.000 / 01:04.557, 1Gb)
 .. /ws/fsh-generated/includes/fsh-link-references                                                   (00:00.000 / 01:04.557, 1Gb)
 .. validate /ws/input/intro-notes                                                                   (00:00.000 / 01:04.557, 1Gb)
 .. /ws/input/intro-notes                                                                            (00:00.000 / 01:04.557, 1Gb)
 .. validate /ws/input/pagecontent                                                                   (00:00.000 / 01:04.558, 1Gb)
 .. /ws/input/pagecontent                                                                            (00:00.000 / 01:04.558, 1Gb)
 .. validate /ws/input/pagecontent/logical-models                                                    (00:00.000 / 01:04.558, 1Gb)
 .. /ws/input/pagecontent/logical-models                                                             (00:00.000 / 01:04.558, 1Gb)
 .. validate /ws/input/pagecontent/profiles-and-extensions                                           (00:00.000 / 01:04.558, 1Gb)
 .. /ws/input/pagecontent/profiles-and-extensions                                                    (00:00.000 / 01:04.559, 1Gb)
 .. validate /ws/input/pagecontent/examples                                                          (00:00.000 / 01:04.559, 1Gb)
 .. /ws/input/pagecontent/examples                                                                   (00:00.000 / 01:04.559, 1Gb)
 .. validate /ws/input/pagecontent/conformance                                                       (00:00.000 / 01:04.559, 1Gb)
 .. /ws/input/pagecontent/conformance                                                                (00:00.000 / 01:04.559, 1Gb)
 .. validate /ws/input/pagecontent/uml-diagrams                                                      (00:00.000 / 01:04.560, 1Gb)
 .. /ws/input/pagecontent/uml-diagrams                                                               (00:00.000 / 01:04.560, 1Gb)
 .. validate /ws/input/pagecontent/guidance                                                          (00:00.000 / 01:04.560, 1Gb)
 .. /ws/input/pagecontent/guidance                                                                   (00:00.000 / 01:04.560, 1Gb)
 .. validate /ws/input/pagecontent/implementer-guidance                                              (00:00.000 / 01:04.561, 1Gb)
 .. /ws/input/pagecontent/implementer-guidance                                                       (00:00.000 / 01:04.561, 1Gb)
 .. validate /ws/input/pagecontent/security-and-privacy                                              (00:00.000 / 01:04.561, 1Gb)
 .. /ws/input/pagecontent/security-and-privacy                                                       (00:00.000 / 01:04.561, 1Gb)
 .. validate /ws/input/pagecontent/capability-statements                                             (00:00.000 / 01:04.561, 1Gb)
 .. /ws/input/pagecontent/capability-statements                                                      (00:00.000 / 01:04.562, 1Gb)
 .. validate /ws/input/pagecontent/missing-data                                                      (00:00.000 / 01:04.562, 1Gb)
 .. /ws/input/pagecontent/missing-data                                                               (00:00.000 / 01:04.562, 1Gb)
 .. validate /ws/input/pagecontent/terminology                                                       (00:00.000 / 01:04.562, 1Gb)
 .. /ws/input/pagecontent/terminology                                                                (00:00.000 / 01:04.562, 1Gb)
 .. validate /ws/input/pagecontent/metadata                                                          (00:00.000 / 01:04.563, 1Gb)
 .. /ws/input/pagecontent/metadata                                                                   (00:00.000 / 01:04.563, 1Gb)
 .. validate /ws/input/pagecontent/researcher-guidance                                               (00:00.000 / 01:04.563, 1Gb)
 .. /ws/input/pagecontent/researcher-guidance                                                        (00:00.000 / 01:04.563, 1Gb)
 .. validate /ws/input/pagecontent/datasets-and-descriptions                                         (00:00.000 / 01:04.563, 1Gb)
 .. /ws/input/pagecontent/datasets-and-descriptions                                                  (00:00.000 / 01:04.564, 1Gb)
 .. validate /ws/input/pagecontent/must-support                                                      (00:00.000 / 01:04.564, 1Gb)
 .. /ws/input/pagecontent/must-support                                                               (00:00.000 / 01:04.564, 1Gb)
 .. validate /ws/input/pagecontent/index                                                             (00:00.000 / 01:04.564, 1Gb)
 .. /ws/input/pagecontent/index                                                                      (00:00.000 / 01:04.565, 1Gb)
 .. validate /ws/input/pagecontent/version-history                                                   (00:00.000 / 01:04.565, 1Gb)
 .. /ws/input/pagecontent/version-history                                                            (00:00.000 / 01:04.565, 1Gb)
 .. validate /ws/input/pagecontent/search-parameters-and-operations                                  (00:00.000 / 01:04.565, 1Gb)
 .. /ws/input/pagecontent/search-parameters-and-operations                                           (00:00.000 / 01:04.565, 1Gb)
 .. validate /ws/input/pagecontent/translationinfo                                                   (00:00.000 / 01:04.565, 1Gb)
 .. /ws/input/pagecontent/translationinfo                                                            (00:00.000 / 01:04.565, 1Gb)
 .. validate /ws/input/pagecontent/changes                                                           (00:00.000 / 01:04.566, 1Gb)
 .. /ws/input/pagecontent/changes                                                                    (00:00.000 / 01:04.566, 1Gb)
 .. validate /ws/input/pagecontent/downloads                                                         (00:00.000 / 01:04.566, 1Gb)
 .. /ws/input/pagecontent/downloads                                                                  (00:00.000 / 01:04.566, 1Gb)
 .. validate /ws/input/pagecontent/general-requirements                                              (00:00.000 / 01:04.567, 1Gb)
 .. /ws/input/pagecontent/general-requirements                                                       (00:00.000 / 01:04.567, 1Gb)
 .. validate /ws/input/intro-notes                                                                   (00:00.000 / 01:04.567, 1Gb)
 .. /ws/input/intro-notes                                                                            (00:00.000 / 01:04.567, 1Gb)
 .. validate /ws/template/config                                                                     (00:00.000 / 01:04.567, 1Gb)
 .. /ws/template/config                                                                              (00:00.000 / 01:04.568, 1Gb)
 .. validate /ws/template/config/_config                                                             (00:00.000 / 01:04.568, 1Gb)
 .. /ws/template/config/_config                                                                      (00:00.000 / 01:04.568, 1Gb)
 .. validate /ws/input/images                                                                        (00:00.000 / 01:04.568, 1Gb)
 .. /ws/input/images                                                                                 (00:00.000 / 01:04.568, 1Gb)
 .. validate /ws/input/images/ExterneDokumentennutzung                                               (00:00.000 / 01:04.568, 1Gb)
 .. /ws/input/images/ExterneDokumentennutzung                                                        (00:00.000 / 01:04.569, 1Gb)
 .. validate /ws/input/images/NLP-Pipeline                                                           (00:00.000 / 01:04.569, 1Gb)
 .. /ws/input/images/NLP-Pipeline                                                                    (00:00.000 / 01:04.569, 1Gb)
 .. validate /ws/input/images/InterneDokumentennutzung                                               (00:00.000 / 01:04.569, 1Gb)
 .. /ws/input/images/InterneDokumentennutzung                                                        (00:00.000 / 01:04.570, 1Gb)
 .. validate /ws/input/images/Paketabhaengigkeiten                                                   (00:00.000 / 01:04.570, 1Gb)
 .. /ws/input/images/Paketabhaengigkeiten                                                            (00:00.000 / 01:04.570, 1Gb)
 .. validate /ws/input/images/Informationsmodell                                                     (00:00.000 / 01:04.570, 1Gb)
 .. /ws/input/images/Informationsmodell                                                              (00:00.000 / 01:04.570, 1Gb)
 .. check Profile Examples                                                                           (00:00.000 / 01:04.571, 1Gb)
gen narratives                                                                                       (00:00.000 / 01:04.571, 1Gb)
Processing Provenance Records                                                                        (00:00.003 / 01:04.574, 1Gb)
Generating Translation artifacts                                                                     (00:00.000 / 01:04.575, 1Gb)
Generating Outputs in /ws/output                                                                     (00:00.130 / 01:04.705, 1Gb)
Warning @ Git URL is not a valid URl. Source: git remote origin url
Generate Native Outputs                                                                              (00:00.905 / 01:05.610, 1Gb)
Produce resources for ImplementationGuide/mii-ig-dokument                                            (00:00.000 / 01:05.611, 1Gb)
Produce resources for CapabilityStatement/mii-cps-dokument-capabilitystatement                       (00:01.192 / 01:06.804, 1Gb)
Produce resources for CodeSystem/mii-cs-dokument-nlp-processing-status                               (00:00.639 / 01:07.443, 1Gb)
Produce resources for DocumentReference/AmandaAlzheimerAnnotiertesDokument                           (00:00.269 / 01:07.713, 1Gb)
Produce resources for DocumentReference/AmandaAlzheimerDeIdentifiziertesDokument                     (00:01.271 / 01:08.985, 1Gb)
Produce resources for DocumentReference/AmandaAlzheimerOriginalDokument                              (00:00.391 / 01:09.376, 1Gb)
Produce resources for Encounter/AmandaAlzheimerAbteilungskontakt                                     (00:00.533 / 01:09.909, 1Gb)
Produce resources for Encounter/AmandaAlzheimerEinrichtungskontakt                                   (00:00.107 / 01:10.017, 1Gb)
Produce resources for Encounter/AmandaAlzheimerVersorgungsstellenKontakt                             (00:00.086 / 01:10.104, 1Gb)
Produce resources for Patient/AmandaAlzheimer                                                        (00:00.102 / 01:10.206, 1Gb)
Produce resources for StructureDefinition/mii-ex-dokument-nlp-processing-status                      (00:00.057 / 01:10.263, 1Gb)
Produce resources for StructureDefinition/mii-lm-dokument                                            (00:01.724 / 01:11.988, 1Gb)
Produce resources for StructureDefinition/mii-pr-dokument-dokument                                   (00:03.966 / 01:15.955, 1Gb)
Produce resources for ValueSet/mii-vs-dokument-einrichtungsart                                       (00:17.887 / 01:33.843, 1Gb)
Produce resources for ValueSet/mii-vs-dokument-fachgebiet                                            (00:00.135 / 01:33.978, 1Gb)
Produce resources for ValueSet/mii-vs-dokument-format-code                                           (00:00.090 / 01:34.069, 1Gb)
Produce resources for ValueSet/mii-vs-dokument-nlp-processing-status                                 (00:00.082 / 01:34.152, 1Gb)
Produce resources for ValueSet/mii-vs-dokument-sct-dokument-kategorie                                (00:00.082 / 01:34.234, 1Gb)
Produce resources for ValueSet/mii-vs-dokument-sct-dokument-typ                                      (00:00.076 / 01:34.311, 1Gb)
Produce resources for Parameters/mii-param-dokument-manifest                                         (00:00.076 / 01:34.387, 1Gb)
Run Template                                                                                         (00:01.400 / 01:35.788, 1Gb)
Template Done                                                                                        (00:01.884 / 01:37.672, 1Gb)
Generate HTML Outputs                                                                                (00:00.067 / 01:37.740, 1Gb)
Produce outputs for ImplementationGuide/mii-ig-dokument                                              (00:00.001 / 01:37.741, 1Gb)
Produce outputs for ImplementationGuide/mii-ig-dokument                                              (00:00.089 / 01:37.831, 1Gb)
Produce outputs for ImplementationGuide/mii-ig-dokument                                              (00:00.077 / 01:37.909, 1Gb)
Produce outputs for CapabilityStatement/mii-cps-dokument-capabilitystatement                         (00:00.066 / 01:37.975, 1Gb)
Produce outputs for CapabilityStatement/mii-cps-dokument-capabilitystatement                         (00:00.046 / 01:38.022, 1Gb)
Produce outputs for CapabilityStatement/mii-cps-dokument-capabilitystatement                         (00:00.033 / 01:38.055, 1Gb)
Produce outputs for CodeSystem/mii-cs-dokument-nlp-processing-status                                 (00:00.025 / 01:38.081, 1Gb)
Produce outputs for CodeSystem/mii-cs-dokument-nlp-processing-status                                 (00:00.056 / 01:38.138, 1Gb)
Produce outputs for CodeSystem/mii-cs-dokument-nlp-processing-status                                 (00:00.042 / 01:38.180, 1Gb)
Produce outputs for DocumentReference/AmandaAlzheimerAnnotiertesDokument                             (00:00.039 / 01:38.220, 1Gb)
Produce outputs for DocumentReference/AmandaAlzheimerAnnotiertesDokument                             (00:00.032 / 01:38.253, 1Gb)
Produce outputs for DocumentReference/AmandaAlzheimerAnnotiertesDokument                             (00:00.024 / 01:38.278, 1Gb)
Produce outputs for DocumentReference/AmandaAlzheimerDeIdentifiziertesDokument                       (00:00.022 / 01:38.300, 1Gb)
Produce outputs for DocumentReference/AmandaAlzheimerDeIdentifiziertesDokument                       (00:00.017 / 01:38.318, 1Gb)
Produce outputs for DocumentReference/AmandaAlzheimerDeIdentifiziertesDokument                       (00:00.015 / 01:38.334, 1Gb)
Produce outputs for DocumentReference/AmandaAlzheimerOriginalDokument                                (00:00.012 / 01:38.347, 1Gb)
Produce outputs for DocumentReference/AmandaAlzheimerOriginalDokument                                (00:00.020 / 01:38.367, 1Gb)
Produce outputs for DocumentReference/AmandaAlzheimerOriginalDokument                                (00:00.020 / 01:38.387, 1Gb)
Produce outputs for Encounter/AmandaAlzheimerAbteilungskontakt                                       (00:00.017 / 01:38.405, 1Gb)
Produce outputs for Encounter/AmandaAlzheimerAbteilungskontakt                                       (00:00.017 / 01:38.422, 1Gb)
Produce outputs for Encounter/AmandaAlzheimerAbteilungskontakt                                       (00:00.018 / 01:38.441, 1Gb)
Produce outputs for Encounter/AmandaAlzheimerEinrichtungskontakt                                     (00:00.010 / 01:38.452, 1Gb)
Produce outputs for Encounter/AmandaAlzheimerEinrichtungskontakt                                     (00:00.009 / 01:38.461, 1Gb)
Produce outputs for Encounter/AmandaAlzheimerEinrichtungskontakt                                     (00:00.010 / 01:38.471, 1Gb)
Produce outputs for Encounter/AmandaAlzheimerVersorgungsstellenKontakt                               (00:00.009 / 01:38.481, 1Gb)
Produce outputs for Encounter/AmandaAlzheimerVersorgungsstellenKontakt                               (00:00.009 / 01:38.490, 1Gb)
Produce outputs for Encounter/AmandaAlzheimerVersorgungsstellenKontakt                               (00:00.012 / 01:38.503, 1Gb)
Produce outputs for Patient/AmandaAlzheimer                                                          (00:00.010 / 01:38.513, 1Gb)
Produce outputs for Patient/AmandaAlzheimer                                                          (00:00.012 / 01:38.525, 1Gb)
Produce outputs for Patient/AmandaAlzheimer                                                          (00:00.011 / 01:38.537, 1Gb)
Produce outputs for StructureDefinition/mii-ex-dokument-nlp-processing-status                        (00:00.007 / 01:38.544, 1Gb)
Produce outputs for StructureDefinition/mii-ex-dokument-nlp-processing-status                        (00:01.017 / 01:39.561, 1Gb)
Produce outputs for StructureDefinition/mii-ex-dokument-nlp-processing-status                        (00:00.280 / 01:39.842, 1Gb)
Produce outputs for StructureDefinition/mii-lm-dokument                                              (00:00.149 / 01:39.991, 2Gb)
Produce outputs for StructureDefinition/mii-lm-dokument                                              (00:00.265 / 01:40.257, 2Gb)
Produce outputs for StructureDefinition/mii-lm-dokument                                              (00:00.272 / 01:40.529, 2Gb)
Produce outputs for StructureDefinition/mii-pr-dokument-dokument                                     (00:00.316 / 01:40.846, 683Mb)
Produce outputs for StructureDefinition/mii-pr-dokument-dokument                                     (00:00.904 / 01:41.750, 1Gb)
Produce outputs for StructureDefinition/mii-pr-dokument-dokument                                     (00:00.865 / 01:42.615, 677Mb)
Produce outputs for ValueSet/mii-vs-dokument-einrichtungsart                                         (00:00.687 / 01:43.303, 1Gb)
Produce outputs for ValueSet/mii-vs-dokument-einrichtungsart                                         (00:00.076 / 01:43.380, 1Gb)
Produce outputs for ValueSet/mii-vs-dokument-einrichtungsart                                         (00:00.043 / 01:43.423, 1Gb)
Produce outputs for ValueSet/mii-vs-dokument-fachgebiet                                              (00:00.029 / 01:43.452, 1Gb)
Produce outputs for ValueSet/mii-vs-dokument-fachgebiet                                              (00:00.033 / 01:43.486, 1Gb)
Produce outputs for ValueSet/mii-vs-dokument-fachgebiet                                              (00:00.042 / 01:43.528, 1Gb)
Produce outputs for ValueSet/mii-vs-dokument-format-code                                             (00:00.036 / 01:43.564, 1Gb)
Produce outputs for ValueSet/mii-vs-dokument-format-code                                             (00:00.034 / 01:43.599, 1Gb)
Produce outputs for ValueSet/mii-vs-dokument-format-code                                             (00:00.033 / 01:43.633, 1Gb)
Produce outputs for ValueSet/mii-vs-dokument-nlp-processing-status                                   (00:00.026 / 01:43.660, 1Gb)
Produce outputs for ValueSet/mii-vs-dokument-nlp-processing-status                                   (00:00.054 / 01:43.714, 1Gb)
Produce outputs for ValueSet/mii-vs-dokument-nlp-processing-status                                   (00:00.072 / 01:43.787, 1Gb)
Produce outputs for ValueSet/mii-vs-dokument-sct-dokument-kategorie                                  (00:00.031 / 01:43.818, 1Gb)
Produce outputs for ValueSet/mii-vs-dokument-sct-dokument-kategorie                                  (00:00.028 / 01:43.847, 1Gb)
Produce outputs for ValueSet/mii-vs-dokument-sct-dokument-kategorie                                  (00:00.030 / 01:43.877, 1Gb)
Produce outputs for ValueSet/mii-vs-dokument-sct-dokument-typ                                        (00:00.036 / 01:43.914, 1Gb)
Produce outputs for ValueSet/mii-vs-dokument-sct-dokument-typ                                        (00:00.029 / 01:43.944, 1Gb)
Produce outputs for ValueSet/mii-vs-dokument-sct-dokument-typ                                        (00:00.024 / 01:43.969, 1Gb)
Produce outputs for Parameters/mii-param-dokument-manifest                                           (00:00.028 / 01:43.998, 1Gb)
Produce outputs for Parameters/mii-param-dokument-manifest                                           (00:00.028 / 01:44.026, 1Gb)
Produce outputs for Parameters/mii-param-dokument-manifest                                           (00:00.020 / 01:44.047, 1Gb)
Generate Spreadsheets                                                                                (00:00.146 / 01:44.194, 1Gb)
Generate Summaries                                                                                   (00:00.966 / 01:45.160, 1Gb)
Generating Summary Outputs (en)                                                                      (00:00.001 / 01:45.161, 1Gb)
Generating Summary Outputs (de)                                                                      (00:10.963 / 01:56.125, 1Gb)
DB Cumulative Time invested: 00:00:00.112
Sending Usage Stats to Server                                                                        (00:08.558 / 02:04.683, 1Gb)
## Memory (MB): Use = 1146, Free = 1573, Total = 2720, Max = 6144                                    (00:00.007 / 02:04.690, 1Gb)
Reclaiming memory...                                                                                 (00:00.000 / 02:04.691, 1Gb)
Generating combined package                                                                          (00:00.006 / 02:04.698, 1Gb)
Error generating combined package: /ws/output/package.tgz (No such file or directory)                (00:00.015 / 02:04.713, 1Gb)
## Memory (MB): Use = 553, Free = 1366, Total = 1920, Max = 6144                                     (00:00.343 / 02:05.057, 555Mb)
Run jekyll: jekyll build --destination "/ws/output" (in folder /ws/temp/pages)                       (00:00.002 / 02:05.059, 557Mb)
Troubleshooting Note: usual cases for Jekyll to fail are:                                            (00:00.000 / 02:05.059, 557Mb)
* A failure to produce a fragment that is already logged in the output above                         (00:00.000 / 02:05.060, 557Mb)
* A reference to a manually edited file that hasn't been provided                                    (00:00.000 / 02:05.060, 557Mb)
Jekyll: Source: /ws/temp/pages                                                                       (00:00.482 / 02:05.542, 561Mb)
Jekyll: Generating...                                                                                (00:00.000 / 02:05.542, 561Mb)
Jekyll: done in 8.767 seconds.                                                                       (00:08.774 / 02:14.321, 563Mb)
[39m
[0;39m[39mInstalling de.medizininformatikinitiative.kerndatensatz.dokument#dev
[0;39m[39m done.
[0;39m[39m loaded @ /root/.fhir/packages/de.medizininformatikinitiative.kerndatensatz.dokument#dev
[0;39mChecking Output HTML                                                                                 (00:01.369 / 02:15.686, 909Mb)
AI format for /ws/output/en - % reduction = 99
AI format for /ws/output/de - % reduction = 99
CheckHTML: List files                                                                                (00:02.674 / 02:18.361, 669Mb)
found 2271 files                                                                                     (00:00.173 / 02:18.535, 671Mb)
Loading Files                                                                                        (00:00.000 / 02:18.535, 671Mb)
Load /ws/output/DocumentReference-AmandaAlzheimerDeIdentifiziertesDokument.html                      (00:00.000 / 02:18.535, 671Mb)
Load /ws/output/tbl_bck01111.png                                                                     (00:00.004 / 02:18.539, 671Mb)
Load /ws/output/Patient-AmandaAlzheimer.html                                                         (00:00.001 / 02:18.541, 671Mb)
Load /ws/output/icon_page_n_i.gif                                                                    (00:00.001 / 02:18.543, 671Mb)
Load /ws/output/researcher-guidance.html                                                             (00:00.000 / 02:18.543, 671Mb)
Load /ws/output/tbl_bck0111.png                                                                      (00:00.001 / 02:18.545, 671Mb)
Load /ws/output/tbl_bck11100.png                                                                     (00:00.001 / 02:18.546, 671Mb)
Load /ws/output/tbl_bck03510.png                                                                     (00:00.000 / 02:18.547, 671Mb)
Load /ws/output/ValueSet-mii-vs-dokument-sct-dokument-typ.xml                                        (00:00.000 / 02:18.547, 671Mb)
Load /ws/output/tbl_bck1025.png                                                                      (00:00.001 / 02:18.549, 671Mb)
Load /ws/output/icon-administration.png                                                              (00:00.000 / 02:18.550, 671Mb)
Load /ws/output/tbl_bck150.png                                                                       (00:00.000 / 02:18.550, 671Mb)
Load /ws/output/llms.txt                                                                             (00:00.000 / 02:18.551, 671Mb)
Load /ws/output/translationinfo.html                                                                 (00:00.000 / 02:18.551, 671Mb)
Load /ws/output/tbl_bck0000111101.png                                                                (00:00.001 / 02:18.553, 671Mb)
Load /ws/output/searchform.html                                                                      (00:00.000 / 02:18.554, 671Mb)
Load /ws/output/tbl_bck1001010.png                                                                   (00:00.005 / 02:18.559, 673Mb)
Load /ws/output/tbl_bck0515.png                                                                      (00:00.001 / 02:18.560, 673Mb)
Load /ws/output/icon-fhir-16-grey.png                                                                (00:00.000 / 02:18.560, 673Mb)
Load /ws/output/ValueSet-mii-vs-dokument-format-code.json.html                                       (00:00.000 / 02:18.561, 673Mb)
Load /ws/output/ImplementationGuide-mii-ig-dokument.json                                             (00:00.002 / 02:18.563, 673Mb)
Load /ws/output/tbl_bck1011001.png                                                                   (00:00.000 / 02:18.564, 673Mb)
Load /ws/output/tbl_bck1111000.png                                                                   (00:00.000 / 02:18.565, 673Mb)
Load /ws/output/tbl_bck1011000.png                                                                   (00:00.000 / 02:18.565, 673Mb)
Load /ws/output/DocumentReference-AmandaAlzheimerOriginalDokument.html                               (00:00.005 / 02:18.571, 673Mb)
Load /ws/output/tbl_bck13312.png                                                                     (00:00.005 / 02:18.577, 673Mb)
Load /ws/output/icon-qi-help.png                                                                     (00:00.002 / 02:18.579, 673Mb)
Load /ws/output/icon_profile.png                                                                     (00:00.001 / 02:18.581, 673Mb)
Load /ws/output/tbl_bck025.png                                                                       (00:00.000 / 02:18.582, 673Mb)
Load /ws/output/tbl_bck0500.png                                                                      (00:00.000 / 02:18.583, 673Mb)
Load /ws/output/tbl_bck1150.png                                                                      (00:00.000 / 02:18.583, 673Mb)
Load /ws/output/tbl_bck0000111100.png                                                                (00:00.000 / 02:18.584, 673Mb)
Load /ws/output/ExterneDokumentennutzung.png                                                         (00:00.000 / 02:18.584, 673Mb)
Load /ws/output/tbl_bck151.png                                                                       (00:00.016 / 02:18.600, 673Mb)
Load /ws/output/icon_page_n.gif                                                                      (00:00.000 / 02:18.601, 673Mb)
Load /ws/output/ValueSet-mii-vs-dokument-format-code.xml.html                                        (00:00.000 / 02:18.601, 673Mb)
Load /ws/output/icon-fhir-16.png                                                                     (00:00.001 / 02:18.602, 673Mb)
Load /ws/output/external.png                                                                         (00:00.000 / 02:18.603, 673Mb)
Load /ws/output/definitions.json.zip                                                                 (00:00.000 / 02:18.603, 673Mb)
Load /ws/output/tbl_bck11101.png                                                                     (00:00.000 / 02:18.603, 673Mb)
Load /ws/output/tbl_bck0110.png                                                                      (00:00.000 / 02:18.603, 673Mb)
Load /ws/output/tbl_bck1540.png                                                                      (00:00.000 / 02:18.604, 673Mb)
Load /ws/output/artifacts.html                                                                       (00:00.000 / 02:18.604, 673Mb)
Load /ws/output/tbl_bck13500.png                                                                     (00:00.000 / 02:18.605, 673Mb)
Load /ws/output/tbl_bck01110.png                                                                     (00:00.000 / 02:18.605, 673Mb)
Load /ws/output/tbl_bck0350250.png                                                                   (00:00.000 / 02:18.605, 673Mb)
Load /ws/output/tbl_bck01112.png                                                                     (00:00.000 / 02:18.606, 673Mb)
Load /ws/output/tbl_bck0250250.png                                                                   (00:00.000 / 02:18.606, 675Mb)
Load /ws/output/ValueSet-mii-vs-dokument-sct-dokument-typ.json                                       (00:00.000 / 02:18.606, 675Mb)
Load /ws/output/DocumentReference-AmandaAlzheimerDeIdentifiziertesDokument.xml.html                  (00:00.000 / 02:18.606, 675Mb)
Load /ws/output/icon_reference.png                                                                   (00:00.000 / 02:18.607, 675Mb)
Load /ws/output/tbl_bck0112.png                                                                      (00:00.000 / 02:18.608, 675Mb)
Load /ws/output/tbl_bck03513.png                                                                     (00:00.000 / 02:18.608, 675Mb)
Load /ws/output/Encounter-AmandaAlzheimerAbteilungskontakt.html                                      (00:00.000 / 02:18.608, 675Mb)
Load /ws/output/tbl_bck100000.png                                                                    (00:00.000 / 02:18.609, 675Mb)
Load /ws/output/tbl_bck000000.png                                                                    (00:00.000 / 02:18.610, 675Mb)
Load /ws/output/tbl_bck000011110000.png                                                              (00:00.000 / 02:18.610, 675Mb)
.Load /ws/output/tbl_vjoin-closed.png                                                                 (00:00.000 / 02:18.610, 675Mb)
Load /ws/output/tbl_bck1152.png                                                                      (00:00.000 / 02:18.611, 675Mb)
Load /ws/output/tbl_bck0111101.png                                                                   (00:00.000 / 02:18.611, 675Mb)
Load /ws/output/tbl_bck033.png                                                                       (00:00.000 / 02:18.611, 675Mb)
Load /ws/output/tbl_bck13310.png                                                                     (00:00.000 / 02:18.611, 675Mb)
Load /ws/output/ValueSet-mii-vs-dokument-einrichtungsart.html                                        (00:00.000 / 02:18.612, 675Mb)
Load /ws/output/prism.js                                                                             (00:00.000 / 02:18.612, 675Mb)
Load /ws/output/tbl_bck1350.png                                                                      (00:00.000 / 02:18.613, 675Mb)
Load /ws/output/StructureDefinition-mii-pr-dokument-dokument-mappings.html                           (00:00.000 / 02:18.613, 675Mb)
Load /ws/output/tbl_bck00001111110.png                                                               (00:00.000 / 02:18.614, 675Mb)
Load /ws/output/tbl_bck00001111111.png                                                               (00:00.000 / 02:18.614, 675Mb)
Load /ws/output/DocumentReference-AmandaAlzheimerDeIdentifiziertesDokument.json.html                 (00:00.000 / 02:18.615, 675Mb)
Load /ws/output/tbl_bck1351.png                                                                      (00:00.000 / 02:18.615, 675Mb)
Load /ws/output/mustsupport.png                                                                      (00:00.000 / 02:18.616, 675Mb)
Load /ws/output/ValueSet-mii-vs-dokument-einrichtungsart.xlsx                                        (00:00.000 / 02:18.616, 675Mb)
Load /ws/output/icon_vd_col.png                                                                      (00:00.000 / 02:18.616, 675Mb)
Load /ws/output/tbl_bck0111100.png                                                                   (00:00.000 / 02:18.616, 675Mb)
Load /ws/output/tbl_bck035125.png                                                                    (00:00.000 / 02:18.617, 675Mb)
Load /ws/output/tbl_bck10340.png                                                                     (00:00.000 / 02:18.617, 675Mb)
Load /ws/output/StructureDefinition-mii-lm-dokument.profile.xml.html                                 (00:00.000 / 02:18.617, 675Mb)
Load /ws/output/Encounter-AmandaAlzheimerAbteilungskontakt.xml.html                                  (00:00.000 / 02:18.618, 675Mb)
Load /ws/output/ValueSet-mii-vs-dokument-nlp-processing-status.xml                                   (00:00.000 / 02:18.618, 675Mb)
Load /ws/output/tbl_bck03300.png                                                                     (00:00.000 / 02:18.619, 675Mb)
Load /ws/output/tbl_bck152.png                                                                       (00:00.000 / 02:18.620, 675Mb)
Load /ws/output/tbl_bck1033.png                                                                      (00:00.000 / 02:18.620, 675Mb)
Load /ws/output/tbl_bck000001.png                                                                    (00:00.000 / 02:18.620, 675Mb)
Load /ws/output/tbl_bck03512.png                                                                     (00:00.000 / 02:18.620, 675Mb)
Load /ws/output/icon_vd_select.png                                                                   (00:00.000 / 02:18.620, 675Mb)
Load /ws/output/tbl_bck1231.png                                                                      (00:00.000 / 02:18.621, 675Mb)
Load /ws/output/tbl_bck1543.png                                                                      (00:00.000 / 02:18.621, 675Mb)
Load /ws/output/usage-stats.json                                                                     (00:00.000 / 02:18.621, 675Mb)
Load /ws/output/guidance.html                                                                        (00:00.000 / 02:18.621, 675Mb)
Load /ws/output/Encounter-AmandaAlzheimerAbteilungskontakt.xml                                       (00:00.000 / 02:18.622, 675Mb)
Load /ws/output/tbl_bck110010.png                                                                    (00:00.001 / 02:18.623, 677Mb)
Load /ws/output/icon-toc.png                                                                         (00:00.000 / 02:18.623, 677Mb)
Load /ws/output/tbl_bck110000.png                                                                    (00:00.000 / 02:18.624, 677Mb)
Load /ws/output/Encounter-AmandaAlzheimerAbteilungskontakt.change.history.html                       (00:00.000 / 02:18.624, 677Mb)
Load /ws/output/NLP-Pipeline.png                                                                     (00:00.000 / 02:18.625, 677Mb)
Load /ws/output/Parameters-mii-param-dokument-manifest.json.html                                     (00:00.000 / 02:18.625, 677Mb)
Load /ws/output/icon_page_n_o.gif                                                                    (00:00.000 / 02:18.626, 677Mb)
Load /ws/output/must-support.html                                                                    (00:00.000 / 02:18.626, 677Mb)
Load /ws/output/tbl_bck000011.png                                                                    (00:00.000 / 02:18.627, 677Mb)
Load /ws/output/Encounter-AmandaAlzheimerVersorgungsstellenKontakt.xml                               (00:00.000 / 02:18.627, 677Mb)
Load /ws/output/CodeSystem-mii-cs-dokument-nlp-processing-status.xlsx                                (00:00.000 / 02:18.628, 677Mb)
Load /ws/output/Patient-AmandaAlzheimer.xml                                                          (00:00.000 / 02:18.629, 677Mb)
Load /ws/output/implementer-guidance.html                                                            (00:00.000 / 02:18.629, 677Mb)
Load /ws/output/tbl_bck10350.png                                                                     (00:00.000 / 02:18.630, 677Mb)
Load /ws/output/ImplementationGuide-mii-ig-dokument.xml                                              (00:00.000 / 02:18.630, 677Mb)
Load /ws/output/icon-fhir-128.png                                                                    (00:00.009 / 02:18.640, 685Mb)
Load /ws/output/tbl_bck03310.png                                                                     (00:00.000 / 02:18.641, 685Mb)
Load /ws/output/index.html                                                                           (00:00.000 / 02:18.641, 685Mb)
Load /ws/output/tbl_bck0111110.png                                                                   (00:00.001 / 02:18.642, 685Mb)
Load /ws/output/tbl_vjoin.png                                                                        (00:00.000 / 02:18.643, 685Mb)
Load /ws/output/tbl_bck00001111101.png                                                               (00:00.000 / 02:18.643, 685Mb)
Load /ws/output/tbl_vjoin_end_slice.png                                                              (00:00.000 / 02:18.644, 685Mb)
Load /ws/output/tbl_bck1340.png                                                                      (00:00.000 / 02:18.644, 685Mb)
.Load /ws/output/tbl_bck025125.png                                                                    (00:00.000 / 02:18.645, 685Mb)
Load /ws/output/icon-q-text.png                                                                      (00:00.000 / 02:18.645, 685Mb)
Load /ws/output/tbl_bck00001111100.png                                                               (00:00.000 / 02:18.646, 685Mb)
Load /ws/output/tbl_bck13300.png                                                                     (00:00.000 / 02:18.646, 685Mb)
Load /ws/output/icon-q-display.png                                                                   (00:00.000 / 02:18.647, 685Mb)
Load /ws/output/icon-fhir-1024.png                                                                   (00:00.000 / 02:18.648, 685Mb)
Load /ws/output/package.tgz                                                                          (00:00.000 / 02:18.648, 685Mb)
Load /ws/output/Encounter-AmandaAlzheimerVersorgungsstellenKontakt.html                              (00:00.000 / 02:18.649, 685Mb)
Load /ws/output/tbl_bck0512.png                                                                      (00:00.002 / 02:18.651, 685Mb)
Load /ws/output/tbl_bck000011110010.png                                                              (00:00.000 / 02:18.652, 685Mb)
Load /ws/output/conformance.html                                                                     (00:00.000 / 02:18.652, 685Mb)
Load /ws/output/StructureDefinition-mii-pr-dokument-dokument-examples.html                           (00:00.001 / 02:18.653, 685Mb)
Load /ws/output/tbl_bck143.png                                                                       (00:00.002 / 02:18.655, 685Mb)
Load /ws/output/tbl_bck03503.png                                                                     (00:00.000 / 02:18.656, 685Mb)
Load /ws/output/CodeSystem-mii-cs-dokument-nlp-processing-status.html                                (00:00.000 / 02:18.656, 685Mb)
Load /ws/output/tbl_bck100010.png                                                                    (00:00.001 / 02:18.658, 685Mb)
Load /ws/output/tbl_bck000010.png                                                                    (00:00.000 / 02:18.658, 685Mb)
Load /ws/output/tbl_bck1552.png                                                                      (00:00.000 / 02:18.658, 685Mb)
Load /ws/output/tbl_bck1220.png                                                                      (00:00.000 / 02:18.659, 685Mb)
Load /ws/output/icon_element.gif                                                                     (00:00.000 / 02:18.659, 685Mb)
Load /ws/output/Patient-AmandaAlzheimer.change.history.html                                          (00:00.000 / 02:18.660, 685Mb)
Load /ws/output/tbl_bck0350240.png                                                                   (00:00.001 / 02:18.661, 685Mb)
Load /ws/output/tbl_bck13512.png                                                                     (00:00.000 / 02:18.661, 685Mb)
Load /ws/output/tbl_bck0250240.png                                                                   (00:00.000 / 02:18.662, 685Mb)
Load /ws/output/ValueSet-mii-vs-dokument-nlp-processing-status-testing.html                          (00:00.000 / 02:18.662, 685Mb)
Load /ws/output/DocumentReference-AmandaAlzheimerDeIdentifiziertesDokument.change.history.html       (00:00.001 / 02:18.663, 685Mb)
Load /ws/output/tbl_bck13510.png                                                                     (00:00.021 / 02:18.685, 685Mb)
Load /ws/output/tbl_bck01100.png                                                                     (00:00.000 / 02:18.685, 685Mb)
Load /ws/output/Encounter-AmandaAlzheimerEinrichtungskontakt.html                                    (00:00.000 / 02:18.686, 685Mb)
Load /ws/output/tbl_bck0100.png                                                                      (00:00.001 / 02:18.687, 687Mb)
Load /ws/output/tbl_bck1550.png                                                                      (00:00.000 / 02:18.687, 687Mb)
Load /ws/output/DocumentReference-AmandaAlzheimerOriginalDokument.change.history.html                (00:00.000 / 02:18.687, 687Mb)
Load /ws/output/DocumentReference-AmandaAlzheimerAnnotiertesDokument.xml                             (00:00.000 / 02:18.688, 687Mb)
Load /ws/output/de.medizininformatikinitiative.kerndatensatz.dokument.en.tgz                         (00:00.005 / 02:18.694, 691Mb)
Load /ws/output/tbl_bck11111.png                                                                     (00:00.000 / 02:18.694, 691Mb)
Load /ws/output/tbl_bck155.png                                                                       (00:00.000 / 02:18.695, 691Mb)
Load /ws/output/tbl_bck141.png                                                                       (00:00.000 / 02:18.695, 691Mb)
Load /ws/output/tbl_bck0000111110.png                                                                (00:00.000 / 02:18.695, 691Mb)
Load /ws/output/ValueSet-mii-vs-dokument-einrichtungsart-testing.html                                (00:00.000 / 02:18.696, 691Mb)
Load /ws/output/Parameters-mii-param-dokument-manifest.json                                          (00:00.001 / 02:18.697, 691Mb)
Load /ws/output/tbl_bck035.png                                                                       (00:00.000 / 02:18.698, 691Mb)
Load /ws/output/tbl_bck1001001.png                                                                   (00:00.000 / 02:18.698, 691Mb)
Load /ws/output/tbl_bck0510.png                                                                      (00:00.000 / 02:18.698, 691Mb)
Load /ws/output/tbl_bck1140.png                                                                      (00:00.000 / 02:18.698, 691Mb)
Load /ws/output/tbl_bck1111010.png                                                                   (00:00.000 / 02:18.698, 691Mb)
Load /ws/output/StructureDefinition-mii-lm-dokument.profile.history.html                             (00:00.000 / 02:18.699, 691Mb)
Load /ws/output/package.r4.manifest.json                                                             (00:00.000 / 02:18.699, 691Mb)
Load /ws/output/tbl_bck1011010.png                                                                   (00:00.000 / 02:18.700, 691Mb)
Load /ws/output/tbl_bck1424.png                                                                      (00:00.000 / 02:18.700, 691Mb)
Load /ws/output/icon-resource.png                                                                    (00:00.000 / 02:18.700, 691Mb)
Load /ws/output/icon_text.png                                                                        (00:00.000 / 02:18.700, 691Mb)
Load /ws/output/examples.xml.zip                                                                     (00:00.000 / 02:18.700, 691Mb)
Load /ws/output/CapabilityStatement-mii-cps-dokument-capabilitystatement.xml.html                    (00:00.000 / 02:18.701, 691Mb)
Load /ws/output/toc.html                                                                             (00:00.000 / 02:18.701, 691Mb)
Load /ws/output/icon-type-operation.png                                                              (00:00.000 / 02:18.702, 691Mb)
Load /ws/output/tbl_vjoin_slicer.png                                                                 (00:00.000 / 02:18.702, 691Mb)
.Load /ws/output/de.medizininformatikinitiative.kerndatensatz.dokument.de.manifest.json               (00:00.000 / 02:18.702, 691Mb)
Load /ws/output/StructureDefinition-mii-lm-dokument.csv                                              (00:00.000 / 02:18.703, 691Mb)
Load /ws/output/icon_bundle.png                                                                      (00:00.000 / 02:18.703, 691Mb)
Load /ws/output/tbl_bck1001000.png                                                                   (00:00.000 / 02:18.703, 693Mb)
Load /ws/output/tbl_bck0505.png                                                                      (00:00.000 / 02:18.703, 693Mb)
Load /ws/output/StructureDefinition-mii-ex-dokument-nlp-processing-status.profile.xml.html           (00:00.000 / 02:18.704, 693Mb)
Load /ws/output/tbl_vjoin_end_slicer-closed.png                                                      (00:00.000 / 02:18.704, 693Mb)
Load /ws/output/tbl_bck0000111111.png                                                                (00:00.000 / 02:18.704, 693Mb)
Load /ws/output/tbl_bck1035.png                                                                      (00:00.000 / 02:18.705, 693Mb)
Load /ws/output/tbl_bck140.png                                                                       (00:00.000 / 02:18.705, 693Mb)
Load /ws/output/changes.html                                                                         (00:00.000 / 02:18.705, 693Mb)
Load /ws/output/icon-qi-subject.png                                                                  (00:00.000 / 02:18.706, 693Mb)
Load /ws/output/tbl_bck11110.png                                                                     (00:00.000 / 02:18.706, 693Mb)
Load /ws/output/tbl_bck03500.png                                                                     (00:00.000 / 02:18.706, 693Mb)
Load /ws/output/icon_extension_complex.png                                                           (00:00.000 / 02:18.707, 693Mb)
Load /ws/output/lock.png                                                                             (00:00.000 / 02:18.707, 693Mb)
Load /ws/output/tbl_bck0101.png                                                                      (00:00.000 / 02:18.707, 693Mb)
Load /ws/output/tbl_bck01101.png                                                                     (00:00.000 / 02:18.707, 693Mb)
Load /ws/output/tbl_vjoin_slicer-closed.png                                                          (00:00.000 / 02:18.707, 693Mb)
Load /ws/output/Parameters-mii-param-dokument-manifest.xml                                           (00:00.000 / 02:18.708, 693Mb)
Load /ws/output/tbl_bck011110000.png                                                                 (00:00.001 / 02:18.709, 693Mb)
Load /ws/output/tbl_bck1250.png                                                                      (00:00.000 / 02:18.709, 693Mb)
Load /ws/output/ValueSet-mii-vs-dokument-nlp-processing-status.json.html                             (00:00.000 / 02:18.710, 693Mb)
Load /ws/output/ValueSet-mii-vs-dokument-nlp-processing-status.xml.html                              (00:00.000 / 02:18.710, 693Mb)
Load /ws/output/tbl_bck00001111010.png                                                               (00:00.000 / 02:18.711, 693Mb)
Load /ws/output/StructureDefinition-mii-lm-dokument-testing.html                                     (00:00.000 / 02:18.711, 693Mb)
Load /ws/output/tbl_bck133.png                                                                       (00:00.000 / 02:18.712, 693Mb)
Load /ws/output/icon-fhir-48.png                                                                     (00:00.000 / 02:18.712, 695Mb)
Load /ws/output/DocumentReference-AmandaAlzheimerAnnotiertesDokument.xml.html                        (00:00.000 / 02:18.712, 695Mb)
Load /ws/output/icon-q-date.png                                                                      (00:00.000 / 02:18.713, 695Mb)
Load /ws/output/tbl_bck100100.png                                                                    (00:00.000 / 02:18.713, 695Mb)
Load /ws/output/tbl_bck000100.png                                                                    (00:00.000 / 02:18.713, 695Mb)
Load /ws/output/StructureDefinition-mii-pr-dokument-dokument.html                                    (00:00.000 / 02:18.714, 695Mb)
Load /ws/output/tree-filter.png                                                                      (00:00.000 / 02:18.714, 695Mb)
Load /ws/output/Encounter-AmandaAlzheimerAbteilungskontakt.json.html                                 (00:00.000 / 02:18.715, 695Mb)
Load /ws/output/ValueSet-mii-vs-dokument-sct-dokument-kategorie.json                                 (00:00.000 / 02:18.715, 695Mb)
Load /ws/output/tbl_bck1330.png                                                                      (00:00.000 / 02:18.716, 695Mb)
Load /ws/output/icon-not-selected.png                                                                (00:00.000 / 02:18.716, 695Mb)
Load /ws/output/ValueSet-mii-vs-dokument-nlp-processing-status.json                                  (00:00.000 / 02:18.716, 695Mb)
Load /ws/output/ValueSet-mii-vs-dokument-fachgebiet.html                                             (00:00.000 / 02:18.716, 695Mb)
Load /ws/output/tbl_bck0012.png                                                                      (00:00.000 / 02:18.717, 695Mb)
Load /ws/output/ValueSet-mii-vs-dokument-fachgebiet.xlsx                                             (00:00.000 / 02:18.717, 695Mb)
Load /ws/output/tbl_bck1331.png                                                                      (00:00.000 / 02:18.717, 695Mb)
Load /ws/output/icon_choice.gif                                                                      (00:00.000 / 02:18.718, 695Mb)
Load /ws/output/tbl_bck010110.png                                                                    (00:00.000 / 02:18.718, 695Mb)
Load /ws/output/icon_page-child.gif                                                                  (00:00.000 / 02:18.718, 695Mb)
Load /ws/output/tbl_bck110110.png                                                                    (00:00.000 / 02:18.718, 695Mb)
Load /ws/output/StructureDefinition-mii-pr-dokument-dokument.xlsx                                    (00:00.000 / 02:18.718, 695Mb)
Load /ws/output/tbl_vjoin_end_slicer-open.png                                                        (00:00.000 / 02:18.719, 695Mb)
Load /ws/output/tbl_bck1133.png                                                                      (00:00.000 / 02:18.719, 695Mb)
Load /ws/output/icon-change-remove.png                                                               (00:00.000 / 02:18.719, 695Mb)
Load /ws/output/link.svg                                                                             (00:00.000 / 02:18.719, 695Mb)
Load /ws/output/tbl_bck10320.png                                                                     (00:00.000 / 02:18.720, 695Mb)
Load /ws/output/tbl_bck100101.png                                                                    (00:00.000 / 02:18.720, 695Mb)
Load /ws/output/icon_modifier_extension_simple.png                                                   (00:00.000 / 02:18.720, 695Mb)
Load /ws/output/tbl_bck035025.png                                                                    (00:00.000 / 02:18.720, 695Mb)
.Load /ws/output/tbl_bck10240.png                                                                     (00:00.000 / 02:18.721, 695Mb)
Load /ws/output/logical-models.html                                                                  (00:00.000 / 02:18.721, 695Mb)
Load /ws/output/StructureDefinition-mii-lm-dokument-mappings.html                                    (00:00.001 / 02:18.722, 695Mb)
Load /ws/output/tbl_bck1251.png                                                                      (00:00.002 / 02:18.724, 695Mb)
Load /ws/output/icon-qi-vertical.png                                                                 (00:00.000 / 02:18.725, 695Mb)
Load /ws/output/CapabilityStatement-mii-cps-dokument-capabilitystatement.html                        (00:00.000 / 02:18.725, 695Mb)
Load /ws/output/icon-change-edit.png                                                                 (00:00.000 / 02:18.726, 695Mb)
Load /ws/output/url-literals.json                                                                    (00:00.000 / 02:18.726, 695Mb)
Load /ws/output/tbl_bck000011110.png                                                                 (00:00.000 / 02:18.727, 695Mb)
Load /ws/output/tbl_bck0000111001.png                                                                (00:00.000 / 02:18.727, 695Mb)
Load /ws/output/tbl_bck0000111110110.png                                                             (00:00.000 / 02:18.727, 695Mb)
Load /ws/output/StructureDefinition-mii-ex-dokument-nlp-processing-status.sch                        (00:00.000 / 02:18.728, 695Mb)
Load /ws/output/tbl_bck124.png                                                                       (00:00.000 / 02:18.729, 695Mb)
Load /ws/output/tbl_bck130.png                                                                       (00:00.000 / 02:18.729, 695Mb)
Load /ws/output/tbl_bck11000.png                                                                     (00:00.000 / 02:18.730, 695Mb)
Load /ws/output/tbl_bck03410.png                                                                     (00:00.000 / 02:18.730, 695Mb)
Load /ws/output/tbl_bck1125.png                                                                      (00:00.000 / 02:18.731, 695Mb)
Load /ws/output/tbl_bck050.png                                                                       (00:00.001 / 02:18.732, 695Mb)
Load /ws/output/CodeSystem-mii-cs-dokument-nlp-processing-status-testing.html                        (00:00.000 / 02:18.732, 695Mb)
Load /ws/output/tbl_bck01011.png                                                                     (00:00.005 / 02:18.738, 695Mb)
Load /ws/output/tbl_vjoin_end_slicer.png                                                             (00:00.000 / 02:18.739, 695Mb)
Load /ws/output/DocumentReference-AmandaAlzheimerOriginalDokument.xml                                (00:00.000 / 02:18.739, 695Mb)
Load /ws/output/tbl-open.png                                                                         (00:00.004 / 02:18.744, 699Mb)
Load /ws/output/tbl_bck0011.png                                                                      (00:00.000 / 02:18.745, 699Mb)
Load /ws/output/tbl_bck0010.png                                                                      (00:00.000 / 02:18.745, 699Mb)
Load /ws/output/icon-qi-hidden.png                                                                   (00:00.000 / 02:18.746, 699Mb)
Load /ws/output/tbl_bck01010.png                                                                     (00:00.000 / 02:18.746, 699Mb)
Load /ws/output/icon-warning.png                                                                     (00:00.001 / 02:18.747, 699Mb)
Load /ws/output/tbl_bck051.png                                                                       (00:00.000 / 02:18.748, 699Mb)
Load /ws/output/CapabilityStatement-mii-cps-dokument-capabilitystatement.json.html                   (00:00.000 / 02:18.748, 699Mb)
Load /ws/output/tbl_vjoin_slice-open.png                                                             (00:00.001 / 02:18.750, 699Mb)
Load /ws/output/tbl_bck11001.png                                                                     (00:00.000 / 02:18.750, 699Mb)
Load /ws/output/uml-diagrams.html                                                                    (00:00.000 / 02:18.751, 699Mb)
Load /ws/output/tbl_bck131.png                                                                       (00:00.000 / 02:18.752, 699Mb)
Load /ws/output/tbl_bck125.png                                                                       (00:00.000 / 02:18.752, 699Mb)
Load /ws/output/tbl_bck0400.png                                                                      (00:00.000 / 02:18.752, 699Mb)
Load /ws/output/tbl_bck1050.png                                                                      (00:00.000 / 02:18.753, 699Mb)
Load /ws/output/validator.pack                                                                       (00:00.000 / 02:18.753, 699Mb)
Load /ws/output/tbl_bck0000111000.png                                                                (00:00.000 / 02:18.754, 699Mb)
Load /ws/output/tbl_vjoin-open.png                                                                   (00:00.000 / 02:18.754, 699Mb)
Load /ws/output/icon_vd_view.png                                                                     (00:00.000 / 02:18.755, 699Mb)
Load /ws/output/icon_datatype.gif                                                                    (00:00.000 / 02:18.755, 699Mb)
Load /ws/output/tbl_bck000011111.png                                                                 (00:00.000 / 02:18.756, 699Mb)
Load /ws/output/alert.jpg                                                                            (00:00.000 / 02:18.756, 699Mb)
Load /ws/output/ValueSet-mii-vs-dokument-format-code-testing.html                                    (00:00.000 / 02:18.757, 699Mb)
Load /ws/output/tbl_vjoin_end_slice-open.png                                                         (00:00.001 / 02:18.758, 699Mb)
Load /ws/output/tbl_bck1011100.png                                                                   (00:00.000 / 02:18.758, 699Mb)
Load /ws/output/tbl_bck1252.png                                                                      (00:00.000 / 02:18.759, 699Mb)
Load /ws/output/StructureDefinition-mii-ex-dokument-nlp-processing-status.xml                        (00:00.000 / 02:18.759, 699Mb)
Load /ws/output/CapabilityStatement-mii-cps-dokument-capabilitystatement.xml                         (00:00.007 / 02:18.766, 705Mb)
Load /ws/output/tbl_bck1011110.png                                                                   (00:00.006 / 02:18.772, 709Mb)
Load /ws/output/icon_slice.png                                                                       (00:00.000 / 02:18.773, 709Mb)
Load /ws/output/tbl_bck0000111010.png                                                                (00:00.000 / 02:18.773, 709Mb)
Load /ws/output/schematrons.zip                                                                      (00:00.000 / 02:18.774, 709Mb)
Load /ws/output/ValueSet-mii-vs-dokument-sct-dokument-typ.xml.html                                   (00:00.000 / 02:18.774, 709Mb)
Load /ws/output/icon-directory.gif                                                                   (00:00.001 / 02:18.775, 709Mb)
.Load /ws/output/tbl_bck000011101.png                                                                 (00:00.000 / 02:18.776, 709Mb)
Load /ws/output/icon-q-datetime.png                                                                  (00:00.000 / 02:18.776, 709Mb)
Load /ws/output/tbl_bck135.png                                                                       (00:00.000 / 02:18.776, 709Mb)
Load /ws/output/tbl_bck0410.png                                                                      (00:00.000 / 02:18.777, 709Mb)
Load /ws/output/tbl_bck1040.png                                                                      (00:00.000 / 02:18.777, 709Mb)
Load /ws/output/codesystem-ref-all-list.csv                                                          (00:00.000 / 02:18.777, 709Mb)
Load /ws/output/tbl_bck11011.png                                                                     (00:00.000 / 02:18.777, 709Mb)
Load /ws/output/DocumentReference-AmandaAlzheimerOriginalDokument.json.html                          (00:00.000 / 02:18.778, 709Mb)
Load /ws/output/tbl_bck041.png                                                                       (00:00.000 / 02:18.778, 709Mb)
Load /ws/output/tbl_bck01000.png                                                                     (00:00.000 / 02:18.779, 709Mb)
Load /ws/output/icon-q-item.png                                                                      (00:00.000 / 02:18.779, 709Mb)
Load /ws/output/tbl_bck0000.png                                                                      (00:00.000 / 02:18.779, 709Mb)
Load /ws/output/Parameters-mii-param-dokument-manifest.xml.html                                      (00:00.000 / 02:18.779, 709Mb)
Load /ws/output/tbl_bck0001.png                                                                      (00:00.000 / 02:18.780, 709Mb)
Load /ws/output/Encounter-AmandaAlzheimerEinrichtungskontakt.xml.html                                (00:00.000 / 02:18.780, 709Mb)
Load /ws/output/tbl_bck1135.png                                                                      (00:00.000 / 02:18.781, 711Mb)
Load /ws/output/tbl_bck040.png                                                                       (00:00.000 / 02:18.781, 711Mb)
Load /ws/output/valueset-list.json                                                                   (00:00.000 / 02:18.781, 711Mb)
Load /ws/output/tbl_bck11010.png                                                                     (00:00.000 / 02:18.782, 711Mb)
Load /ws/output/tbl_bck03400.png                                                                     (00:00.000 / 02:18.782, 711Mb)
Load /ws/output/tbl_bck0000111110100.png                                                             (00:00.000 / 02:18.782, 711Mb)
Load /ws/output/tbl_bck134.png                                                                       (00:00.000 / 02:18.782, 711Mb)
Load /ws/output/all-profiles.csv                                                                     (00:00.000 / 02:18.783, 711Mb)
Load /ws/output/tbl_bck120.png                                                                       (00:00.000 / 02:18.783, 711Mb)
Load /ws/output/tbl_bck000011100.png                                                                 (00:00.000 / 02:18.783, 711Mb)
Load /ws/output/CapabilityStatement-mii-cps-dokument-capabilitystatement.change.history.html         (00:00.000 / 02:18.783, 711Mb)
Load /ws/output/tbl_bck0000111011.png                                                                (00:00.000 / 02:18.784, 711Mb)
Load /ws/output/ValueSet-mii-vs-dokument-fachgebiet.xml.html                                         (00:00.000 / 02:18.784, 711Mb)
Load /ws/output/icon_primitive.png                                                                   (00:00.000 / 02:18.785, 711Mb)
Load /ws/output/cc0.png                                                                              (00:00.000 / 02:18.786, 711Mb)
Load /ws/output/definitions.xml.zip                                                                  (00:00.000 / 02:18.786, 711Mb)
Load /ws/output/tbl_vjoin_end_slice-closed.png                                                       (00:00.000 / 02:18.786, 711Mb)
Load /ws/output/InterneDokumentennutzung.png                                                         (00:00.000 / 02:18.787, 711Mb)
Load /ws/output/icon-q-open-choice.png                                                               (00:00.000 / 02:18.788, 711Mb)
Load /ws/output/target.png                                                                           (00:00.000 / 02:18.788, 711Mb)
Load /ws/output/StructureDefinition-mii-ex-dokument-nlp-processing-status.html                       (00:00.000 / 02:18.789, 711Mb)
Load /ws/output/tbl_bck00001111001.png                                                               (00:00.003 / 02:18.792, 711Mb)
Load /ws/output/Encounter-AmandaAlzheimerVersorgungsstellenKontakt.xml.html                          (00:00.001 / 02:18.794, 711Mb)
Load /ws/output/StructureDefinition-mii-lm-dokument.html                                             (00:00.001 / 02:18.795, 711Mb)
Load /ws/output/icon_q_root.gif                                                                      (00:00.001 / 02:18.796, 711Mb)
Load /ws/output/tbl_bck1241.png                                                                      (00:00.000 / 02:18.797, 711Mb)
Load /ws/output/ValueSet-mii-vs-dokument-format-code.html                                            (00:00.000 / 02:18.797, 711Mb)
Load /ws/output/tbl_bck10250.png                                                                     (00:00.001 / 02:18.798, 711Mb)
Load /ws/output/icon-q-quantity.png                                                                  (00:00.000 / 02:18.799, 711Mb)
Load /ws/output/StructureDefinition-mii-ex-dokument-nlp-processing-status.profile.json.html          (00:00.000 / 02:18.799, 711Mb)
Load /ws/output/information.png                                                                      (00:00.001 / 02:18.800, 711Mb)
Load /ws/output/DocumentReference-AmandaAlzheimerAnnotiertesDokument.html                            (00:00.000 / 02:18.801, 711Mb)
Load /ws/output/tbl_bck10330.png                                                                     (00:00.002 / 02:18.804, 711Mb)
Load /ws/output/ValueSet-mii-vs-dokument-sct-dokument-kategorie.xml.html                             (00:00.000 / 02:18.804, 711Mb)
Load /ws/output/tbl_vjoin_end-open.png                                                               (00:00.001 / 02:18.806, 711Mb)
Load /ws/output/StructureDefinition-mii-lm-dokument-examples.html                                    (00:00.001 / 02:18.807, 711Mb)
Load /ws/output/tbl_bck1123.png                                                                      (00:00.002 / 02:18.810, 711Mb)
Load /ws/output/ValueSet-mii-vs-dokument-einrichtungsart.xml                                         (00:00.000 / 02:18.811, 711Mb)
Load /ws/output/tbl_bck010100.png                                                                    (00:00.001 / 02:18.812, 713Mb)
Load /ws/output/tbl_bck110100.png                                                                    (00:00.000 / 02:18.812, 713Mb)
Load /ws/output/icon-qi-security.bmp                                                                 (00:00.000 / 02:18.813, 713Mb)
.Load /ws/output/CodeSystem-mii-cs-dokument-nlp-processing-status.xml.html                            (00:00.000 / 02:18.813, 713Mb)
Load /ws/output/tbl_vjoin_end-closed.png                                                             (00:00.001 / 02:18.815, 713Mb)
Load /ws/output/tbl_bck1320.png                                                                      (00:00.000 / 02:18.816, 713Mb)
Load /ws/output/StructureDefinition-mii-pr-dokument-dokument.profile.xml.html                        (00:00.000 / 02:18.816, 713Mb)
Load /ws/output/StructureDefinition-mii-pr-dokument-dokument.csv                                     (00:00.000 / 02:18.817, 713Mb)
Load /ws/output/icon-include.png                                                                     (00:00.000 / 02:18.817, 713Mb)
Load /ws/output/tbl_bck100110.png                                                                    (00:00.000 / 02:18.818, 713Mb)
Load /ws/output/tbl_bck000110.png                                                                    (00:00.000 / 02:18.818, 713Mb)
Load /ws/output/ValueSet-mii-vs-dokument-sct-dokument-typ.change.history.html                        (00:00.000 / 02:18.819, 713Mb)
Load /ws/output/ValueSet-mii-vs-dokument-fachgebiet.change.history.html                              (00:00.001 / 02:18.820, 713Mb)
Load /ws/output/icon-fhir-64.png                                                                     (00:00.000 / 02:18.821, 713Mb)
Load /ws/output/tbl_bck123.png                                                                       (00:00.000 / 02:18.821, 713Mb)
Load /ws/output/icon_reuse.png                                                                       (00:00.000 / 02:18.822, 713Mb)
Load /ws/output/ValueSet-mii-vs-dokument-format-code.xlsx                                            (00:00.000 / 02:18.822, 713Mb)
Load /ws/output/tbl_bck1240.png                                                                      (00:00.000 / 02:18.823, 713Mb)
Load /ws/output/tbl_bck025025.png                                                                    (00:00.000 / 02:18.824, 713Mb)
Load /ws/output/icon_extension_simple.png                                                            (00:00.000 / 02:18.824, 713Mb)
Load /ws/output/StructureDefinition-mii-lm-dokument.xlsx                                             (00:00.014 / 02:18.838, 713Mb)
Load /ws/output/Parameters-mii-param-dokument-manifest.change.history.html                           (00:00.000 / 02:18.839, 713Mb)
Load /ws/output/ValueSet-mii-vs-dokument-format-code.xml                                             (00:00.001 / 02:18.840, 713Mb)
Load /ws/output/StructureDefinition-mii-ex-dokument-nlp-processing-status.xlsx                       (00:00.000 / 02:18.841, 713Mb)
Load /ws/output/icon-q-decimal.png                                                                   (00:00.000 / 02:18.841, 713Mb)
Load /ws/output/tbl_bck011110010.png                                                                 (00:00.000 / 02:18.841, 713Mb)
Load /ws/output/tbl_bck11340.png                                                                     (00:00.000 / 02:18.842, 713Mb)
Load /ws/output/icon_vd_foreach.png                                                                  (00:00.000 / 02:18.842, 713Mb)
Load /ws/output/valueset-list.csv                                                                    (00:00.000 / 02:18.842, 713Mb)
Load /ws/output/icon-q-boolean.png                                                                   (00:00.000 / 02:18.843, 713Mb)
Load /ws/output/downloads.html                                                                       (00:00.000 / 02:18.843, 713Mb)
Load /ws/output/tbl_bck025000.png                                                                    (00:00.000 / 02:18.844, 713Mb)
Load /ws/output/ValueSet-mii-vs-dokument-format-code.change.history.html                             (00:00.000 / 02:18.844, 713Mb)
Load /ws/output/tbl_bck0110100.png                                                                   (00:00.000 / 02:18.845, 713Mb)
Load /ws/output/icon_page.gif                                                                        (00:00.000 / 02:18.845, 713Mb)
Load /ws/output/tbl_bck1.png                                                                         (00:00.000 / 02:18.845, 713Mb)
Load /ws/output/tbl_bck0000111.png                                                                   (00:00.000 / 02:18.846, 713Mb)
Load /ws/output/tbl_bck112.png                                                                       (00:00.000 / 02:18.846, 713Mb)
Load /ws/output/tbl_bck0351.png                                                                      (00:00.000 / 02:18.846, 713Mb)
Load /ws/output/tbl_bck111010.png                                                                    (00:00.000 / 02:18.846, 713Mb)
Load /ws/output/tbl_bck011010.png                                                                    (00:00.000 / 02:18.847, 713Mb)
Load /ws/output/icon-qi-optional.png                                                                 (00:00.000 / 02:18.847, 715Mb)
Load /ws/output/tbl_vjoin_slice-closed.png                                                           (00:00.000 / 02:18.847, 715Mb)
Load /ws/output/tbl_bck11220.png                                                                     (00:00.000 / 02:18.847, 715Mb)
Load /ws/output/tbl_bck001001.png                                                                    (00:00.000 / 02:18.847, 715Mb)
Load /ws/output/tbl_bck02512.png                                                                     (00:00.000 / 02:18.848, 715Mb)
Load /ws/output/examples.json.zip                                                                    (00:00.000 / 02:18.848, 715Mb)
Load /ws/output/Patient-AmandaAlzheimer.json.html                                                    (00:00.000 / 02:18.848, 715Mb)
Load /ws/output/ValueSet-mii-vs-dokument-format-code.json                                            (00:00.000 / 02:18.849, 715Mb)
Load /ws/output/tbl_bck1310.png                                                                      (00:00.000 / 02:18.849, 715Mb)
Load /ws/output/codesystem-ref-list.csv                                                              (00:00.000 / 02:18.849, 715Mb)
Load /ws/output/ValueSet-mii-vs-dokument-sct-dokument-kategorie.change.history.html                  (00:00.000 / 02:18.850, 715Mb)
Load /ws/output/tbl_bck02513.png                                                                     (00:00.001 / 02:18.851, 715Mb)
Load /ws/output/DocumentReference-AmandaAlzheimerAnnotiertesDokument.json                            (00:00.000 / 02:18.851, 715Mb)
Load /ws/output/tbl_bck001000.png                                                                    (00:00.000 / 02:18.852, 715Mb)
Load /ws/output/icon-qi-observation.png                                                              (00:00.000 / 02:18.852, 715Mb)
Load /ws/output/tbl_bck101000.png                                                                    (00:00.000 / 02:18.852, 715Mb)
Load /ws/output/general-requirements.html                                                            (00:00.000 / 02:18.852, 715Mb)
Load /ws/output/StructureDefinition-mii-ex-dokument-nlp-processing-status.json                       (00:00.000 / 02:18.853, 715Mb)
.Load /ws/output/tbl_vjoin_slicer-open.png                                                            (00:00.000 / 02:18.853, 715Mb)
Load /ws/output/tbl_bck0251250.png                                                                   (00:00.000 / 02:18.854, 715Mb)
Load /ws/output/tbl_bck0351250.png                                                                   (00:00.000 / 02:18.854, 715Mb)
Load /ws/output/tbl_bck011011.png                                                                    (00:00.000 / 02:18.854, 715Mb)
Load /ws/output/StructureDefinition-mii-lm-dokument.json                                             (00:00.000 / 02:18.854, 715Mb)
Load /ws/output/tbl_bck113.png                                                                       (00:00.000 / 02:18.855, 715Mb)
Load /ws/output/tbl_bck0000110.png                                                                   (00:00.000 / 02:18.855, 715Mb)
Load /ws/output/CodeSystem-mii-cs-dokument-nlp-processing-status.change.history.html                 (00:00.000 / 02:18.855, 715Mb)
Load /ws/output/tbl_bck0350.png                                                                      (00:00.000 / 02:18.856, 715Mb)
Load /ws/output/tbl_bck10010000.png                                                                  (00:00.000 / 02:18.856, 715Mb)
Load /ws/output/tbl_bck00001110110.png                                                               (00:00.000 / 02:18.856, 715Mb)
Load /ws/output/tbl_bck10110000.png                                                                  (00:00.000 / 02:18.856, 715Mb)
Load /ws/output/tbl_bck12310.png                                                                     (00:00.000 / 02:18.857, 715Mb)
Load /ws/output/tbl_bck0.png                                                                         (00:00.000 / 02:18.857, 715Mb)
Load /ws/output/codesystem-ref-all-list.json                                                         (00:00.000 / 02:18.858, 715Mb)
Load /ws/output/codesystem-list.csv                                                                  (00:00.000 / 02:18.859, 715Mb)
Load /ws/output/tbl_bck00001001.png                                                                  (00:00.001 / 02:18.860, 715Mb)
Load /ws/output/icon-change-add.png                                                                  (00:00.000 / 02:18.861, 715Mb)
Load /ws/output/ValueSet-mii-vs-dokument-fachgebiet.json.html                                        (00:00.000 / 02:18.861, 715Mb)
Load /ws/output/tbl_bck000011111000.png                                                              (00:00.001 / 02:18.862, 715Mb)
Load /ws/output/ValueSet-mii-vs-dokument-fachgebiet-testing.html                                     (00:00.000 / 02:18.862, 715Mb)
Load /ws/output/codesystem-ref-list.json                                                             (00:00.000 / 02:18.863, 715Mb)
Load /ws/output/StructureDefinition-mii-pr-dokument-dokument.sch                                     (00:00.000 / 02:18.864, 715Mb)
Load /ws/output/icon-page.png                                                                        (00:00.001 / 02:18.865, 717Mb)
Load /ws/output/tbl_bck1500.png                                                                      (00:00.000 / 02:18.866, 717Mb)
Load /ws/output/valueset-ref-all-list.csv                                                            (00:00.000 / 02:18.866, 717Mb)
Load /ws/output/tbl_bck105.png                                                                       (00:00.000 / 02:18.866, 717Mb)
Load /ws/output/tbl_bck01101100.png                                                                  (00:00.000 / 02:18.866, 717Mb)
Load /ws/output/tbl_bck111.png                                                                       (00:00.000 / 02:18.867, 717Mb)
Load /ws/output/tbl_vline_slice.png                                                                  (00:00.000 / 02:18.867, 717Mb)
Load /ws/output/valueset-ref-all-list.json                                                           (00:00.000 / 02:18.867, 717Mb)
Load /ws/output/tbl_bck05040.png                                                                     (00:00.000 / 02:18.867, 717Mb)
Load /ws/output/tbl_bck0251252.png                                                                   (00:00.000 / 02:18.867, 717Mb)
Load /ws/output/tbl_bck00110.png                                                                     (00:00.000 / 02:18.867, 717Mb)
Load /ws/output/de.medizininformatikinitiative.kerndatensatz.dokument.en.manifest.json               (00:00.000 / 02:18.868, 717Mb)
Load /ws/output/tbl_bck12500.png                                                                     (00:00.000 / 02:18.868, 717Mb)
Load /ws/output/tbl_bck0351252.png                                                                   (00:00.000 / 02:18.868, 717Mb)
Load /ws/output/icon_fixed.gif                                                                       (00:00.000 / 02:18.868, 717Mb)
Load /ws/output/tbl_bck1110.png                                                                      (00:00.000 / 02:18.868, 717Mb)
Load /ws/output/security-and-privacy.html                                                            (00:00.000 / 02:18.869, 717Mb)
Load /ws/output/expansions.json                                                                      (00:00.000 / 02:18.869, 717Mb)
Load /ws/output/tbl_bck10101.png                                                                     (00:00.000 / 02:18.870, 717Mb)
Load /ws/output/package.r4.tgz                                                                       (00:00.000 / 02:18.870, 717Mb)
Load /ws/output/StructureDefinition-mii-lm-dokument.profile.json.html                                (00:00.000 / 02:18.870, 717Mb)
Load /ws/output/tbl_bck02510.png                                                                     (00:00.003 / 02:18.874, 717Mb)
Load /ws/output/modifier.png                                                                         (00:00.000 / 02:18.874, 717Mb)
Load /ws/output/tbl_bck10100.png                                                                     (00:00.000 / 02:18.874, 717Mb)
Load /ws/output/icon-key.png                                                                         (00:00.000 / 02:18.875, 717Mb)
Load /ws/output/tbl_bck15050.png                                                                     (00:00.000 / 02:18.875, 717Mb)
Load /ws/output/metadata.html                                                                        (00:00.000 / 02:18.876, 717Mb)
Load /ws/output/icon-q-integer.png                                                                   (00:00.000 / 02:18.876, 717Mb)
Load /ws/output/tbl_bck1111.png                                                                      (00:00.000 / 02:18.877, 717Mb)
Load /ws/output/ValueSet-mii-vs-dokument-sct-dokument-kategorie.json.html                            (00:00.000 / 02:18.877, 717Mb)
Load /ws/output/ValueSet-mii-vs-dokument-sct-dokument-typ-testing.html                               (00:00.000 / 02:18.878, 719Mb)
Load /ws/output/tbl_bck110.png                                                                       (00:00.000 / 02:18.878, 719Mb)
Load /ws/output/package.r4b.tgz                                                                      (00:00.000 / 02:18.879, 719Mb)
.Load /ws/output/tbl_bck1515.png                                                                      (00:00.000 / 02:18.879, 719Mb)
Load /ws/output/tbl-closed.png                                                                       (00:00.000 / 02:18.879, 719Mb)
Load /ws/output/tbl_bck000010010.png                                                                 (00:00.000 / 02:18.879, 719Mb)
Load /ws/output/icon-dictionary.png                                                                  (00:00.000 / 02:18.879, 719Mb)
Load /ws/output/tbl_bck000010000.png                                                                 (00:00.000 / 02:18.880, 719Mb)
Load /ws/output/tbl_bck11352.png                                                                     (00:00.000 / 02:18.880, 719Mb)
Load /ws/output/tbl_bck1505.png                                                                      (00:00.000 / 02:18.880, 719Mb)
Load /ws/output/StructureDefinition-mii-pr-dokument-dokument.xml                                     (00:00.000 / 02:18.880, 719Mb)
Load /ws/output/ValueSet-mii-vs-dokument-einrichtungsart.change.history.html                         (00:00.078 / 02:18.959, 805Mb)
Load /ws/output/Encounter-AmandaAlzheimerVersorgungsstellenKontakt.json.html                         (00:00.001 / 02:18.960, 805Mb)
Load /ws/output/tbl_bck100.png                                                                       (00:00.001 / 02:18.961, 805Mb)
Load /ws/output/tbl_bck12511.png                                                                     (00:00.000 / 02:18.962, 805Mb)
Load /ws/output/tbl_bck00101.png                                                                     (00:00.000 / 02:18.962, 805Mb)
Load /ws/output/icon-list.gif                                                                        (00:00.000 / 02:18.963, 805Mb)
Load /ws/output/ValueSet-mii-vs-dokument-sct-dokument-kategorie-testing.html                         (00:00.000 / 02:18.963, 805Mb)
Load /ws/output/missing-data.html                                                                    (00:00.000 / 02:18.964, 805Mb)
Load /ws/output/tbl_bck1101.png                                                                      (00:00.000 / 02:18.965, 805Mb)
Load /ws/output/fhir-table-scripts.js                                                                (00:00.000 / 02:18.965, 805Mb)
Load /ws/output/tbl_bck02500.png                                                                     (00:00.000 / 02:18.965, 805Mb)
Load /ws/output/tbl_bck10110.png                                                                     (00:00.000 / 02:18.966, 805Mb)
Load /ws/output/package.db                                                                           (00:00.000 / 02:18.966, 805Mb)
Load /ws/output/tbl_bck15040.png                                                                     (00:00.000 / 02:18.966, 805Mb)
Load /ws/output/StructureDefinition-mii-pr-dokument-dokument-definitions.html                        (00:00.000 / 02:18.966, 805Mb)
Load /ws/output/icon_extension.png                                                                   (00:00.000 / 02:18.967, 805Mb)
Load /ws/output/icon-implementation.png                                                              (00:00.000 / 02:18.967, 805Mb)
Load /ws/output/icon_entry_blue.png                                                                  (00:00.000 / 02:18.968, 805Mb)
Load /ws/output/icon-q-coding.png                                                                    (00:00.000 / 02:18.968, 805Mb)
Load /ws/output/tbl_bck10111.png                                                                     (00:00.000 / 02:18.968, 805Mb)
Load /ws/output/tbl_bck02501.png                                                                     (00:00.000 / 02:18.968, 805Mb)
Load /ws/output/tbl_bck1100.png                                                                      (00:00.000 / 02:18.968, 805Mb)
Load /ws/output/Patient-AmandaAlzheimer.xml.html                                                     (00:00.000 / 02:18.969, 805Mb)
Load /ws/output/tbl_bck05050.png                                                                     (00:00.000 / 02:18.969, 805Mb)
Load /ws/output/tbl_bck00100.png                                                                     (00:00.000 / 02:18.970, 805Mb)
Load /ws/output/tbl_bck12510.png                                                                     (00:00.000 / 02:18.970, 805Mb)
Load /ws/output/tbl_bck115.png                                                                       (00:00.000 / 02:18.970, 805Mb)
Load /ws/output/icon-documentation.png                                                               (00:00.000 / 02:18.970, 805Mb)
Load /ws/output/tbl_bck01101110.png                                                                  (00:00.000 / 02:18.971, 805Mb)
Load /ws/output/tbl_bck101.png                                                                       (00:00.000 / 02:18.971, 805Mb)
Load /ws/output/icon-selected.png                                                                    (00:00.000 / 02:18.971, 805Mb)
Load /ws/output/icon-example.png                                                                     (00:00.000 / 02:18.972, 805Mb)
Load /ws/output/tbl_bck1510.png                                                                      (00:00.000 / 02:18.972, 805Mb)
Load /ws/output/StructureDefinition-mii-ex-dokument-nlp-processing-status-mappings.html              (00:00.000 / 02:18.973, 805Mb)
Load /ws/output/prism.css                                                                            (00:00.001 / 02:18.975, 807Mb)
Load /ws/output/icon-qi-readonly.png                                                                 (00:00.000 / 02:18.975, 807Mb)
Load /ws/output/tbl_bck000011111010.png                                                              (00:00.000 / 02:18.976, 807Mb)
Load /ws/output/canonicals.json                                                                      (00:00.000 / 02:18.976, 807Mb)
Load /ws/output/tbl_bck0110111.png                                                                   (00:00.000 / 02:18.977, 807Mb)
Load /ws/output/icon-object-box.png                                                                  (00:00.000 / 02:18.977, 807Mb)
Load /ws/output/tbl_bck1512.png                                                                      (00:00.000 / 02:18.978, 807Mb)
Load /ws/output/tbl_vjoin_slice.png                                                                  (00:00.000 / 02:18.978, 807Mb)
Load /ws/output/tbl_bck12300.png                                                                     (00:00.000 / 02:18.978, 807Mb)
Load /ws/output/icon-q-group.png                                                                     (00:00.000 / 02:18.978, 807Mb)
Load /ws/output/ValueSet-mii-vs-dokument-nlp-processing-status.xlsx                                  (00:00.000 / 02:18.979, 807Mb)
Load /ws/output/ValueSet-mii-vs-dokument-sct-dokument-kategorie.xlsx                                 (00:00.000 / 02:18.979, 807Mb)
Load /ws/output/tbl_bck103.png                                                                       (00:00.000 / 02:18.980, 807Mb)
Load /ws/output/tbl_bck0000100.png                                                                   (00:00.000 / 02:18.980, 807Mb)
.Load /ws/output/tbl_bck0340.png                                                                      (00:00.000 / 02:18.980, 807Mb)
Load /ws/output/tbl_bck10010010.png                                                                  (00:00.000 / 02:18.980, 807Mb)
Load /ws/output/tbl_bck00001110100.png                                                               (00:00.000 / 02:18.981, 807Mb)
Load /ws/output/tbl_bck10110010.png                                                                  (00:00.000 / 02:18.981, 807Mb)
Load /ws/output/tbl_bck0251240.png                                                                   (00:00.000 / 02:18.981, 807Mb)
Load /ws/output/tbl_bck0351240.png                                                                   (00:00.000 / 02:18.982, 807Mb)
Load /ws/output/DocumentReference-AmandaAlzheimerAnnotiertesDokument.json.html                       (00:00.000 / 02:18.982, 807Mb)
Load /ws/output/tbl_bck12512.png                                                                     (00:00.000 / 02:18.983, 807Mb)
Load /ws/output/tbl_bck011001.png                                                                    (00:00.000 / 02:18.983, 807Mb)
Load /ws/output/ValueSet-mii-vs-dokument-sct-dokument-kategorie.xml                                  (00:00.000 / 02:18.983, 807Mb)
Load /ws/output/CapabilityStatement-mii-cps-dokument-capabilitystatement.json                        (00:00.000 / 02:18.984, 807Mb)
Load /ws/output/new.png                                                                              (00:00.000 / 02:18.984, 807Mb)
Load /ws/output/Paketabhaengigkeiten.png                                                             (00:00.000 / 02:18.985, 807Mb)
Load /ws/output/tbl_bck02503.png                                                                     (00:00.000 / 02:18.985, 807Mb)
Load /ws/output/tbl_bck001010.png                                                                    (00:00.000 / 02:18.985, 807Mb)
Load /ws/output/tbl_bck101010.png                                                                    (00:00.000 / 02:18.986, 807Mb)
Load /ws/output/StructureDefinition-mii-pr-dokument-dokument-testing.html                            (00:00.000 / 02:18.987, 807Mb)
Load /ws/output/tbl_bck1300.png                                                                      (00:00.000 / 02:18.988, 807Mb)
Load /ws/output/StructureDefinition-mii-pr-dokument-dokument.profile.history.html                    (00:00.000 / 02:18.988, 807Mb)
Load /ws/output/icon-qi-instructions.png                                                             (00:00.000 / 02:18.989, 807Mb)
Load /ws/output/StructureDefinition-mii-ex-dokument-nlp-processing-status-testing.html               (00:00.000 / 02:18.989, 807Mb)
Load /ws/output/search-parameters-and-operations.html                                                (00:00.000 / 02:18.990, 807Mb)
Load /ws/output/tbl_bck11230.png                                                                     (00:00.000 / 02:18.990, 807Mb)
Load /ws/output/icon-clinical.png                                                                    (00:00.000 / 02:18.991, 807Mb)
Load /ws/output/de/DocumentReference-AmandaAlzheimerDeIdentifiziertesDokument.html                   (00:00.000 / 02:18.991, 807Mb)
Load /ws/output/de/tbl_bck01111.png                                                                  (00:00.003 / 02:18.995, 811Mb)
Load /ws/output/de/Patient-AmandaAlzheimer.html                                                      (00:00.000 / 02:18.995, 811Mb)
Load /ws/output/de/icon_page_n_i.gif                                                                 (00:00.003 / 02:18.998, 815Mb)
Load /ws/output/de/researcher-guidance.html                                                          (00:00.000 / 02:18.998, 815Mb)
Load /ws/output/de/tbl_bck0111.png                                                                   (00:00.003 / 02:19.002, 819Mb)
Load /ws/output/de/logical-models.md                                                                 (00:00.000 / 02:19.002, 819Mb)
Load /ws/output/de/tbl_bck11100.png                                                                  (00:00.000 / 02:19.002, 819Mb)
Load /ws/output/de/tbl_bck03510.png                                                                  (00:00.000 / 02:19.003, 819Mb)
Load /ws/output/de/ValueSet-mii-vs-dokument-sct-dokument-typ.xml                                     (00:00.000 / 02:19.003, 819Mb)
Load /ws/output/de/tbl_bck1025.png                                                                   (00:00.000 / 02:19.004, 819Mb)
Load /ws/output/de/icon-administration.png                                                           (00:00.000 / 02:19.005, 819Mb)
Load /ws/output/de/tbl_bck150.png                                                                    (00:00.000 / 02:19.006, 819Mb)
Load /ws/output/de/llms.txt                                                                          (00:00.000 / 02:19.006, 819Mb)
Load /ws/output/de/translationinfo.html                                                              (00:00.000 / 02:19.006, 819Mb)
Load /ws/output/de/tbl_bck0000111101.png                                                             (00:00.002 / 02:19.009, 823Mb)
Load /ws/output/de/searchform.html                                                                   (00:00.000 / 02:19.010, 823Mb)
Load /ws/output/de/tbl_bck1001010.png                                                                (00:00.004 / 02:19.014, 823Mb)
Load /ws/output/de/tbl_bck0515.png                                                                   (00:00.000 / 02:19.014, 823Mb)
Load /ws/output/de/icon-fhir-16-grey.png                                                             (00:00.000 / 02:19.015, 823Mb)
Load /ws/output/de/ValueSet-mii-vs-dokument-format-code.json.html                                    (00:00.000 / 02:19.015, 823Mb)
Load /ws/output/de/ImplementationGuide-mii-ig-dokument.json                                          (00:00.004 / 02:19.020, 827Mb)
Load /ws/output/de/profiles-and-extensions.md                                                        (00:00.000 / 02:19.021, 827Mb)
Load /ws/output/de/tbl_bck1011001.png                                                                (00:00.000 / 02:19.021, 827Mb)
Load /ws/output/de/tbl_bck1111000.png                                                                (00:00.000 / 02:19.021, 827Mb)
Load /ws/output/de/tbl_bck1011000.png                                                                (00:00.000 / 02:19.022, 827Mb)
Load /ws/output/de/DocumentReference-AmandaAlzheimerOriginalDokument.html                            (00:00.000 / 02:19.022, 827Mb)
Load /ws/output/de/examples.md                                                                       (00:00.004 / 02:19.027, 833Mb)
Load /ws/output/de/icon-qi-help.png                                                                  (00:00.000 / 02:19.027, 833Mb)
Load /ws/output/de/icon_profile.png                                                                  (00:00.000 / 02:19.027, 833Mb)
Load /ws/output/de/tbl_bck025.png                                                                    (00:00.000 / 02:19.028, 833Mb)
Load /ws/output/de/tbl_bck0500.png                                                                   (00:00.000 / 02:19.028, 833Mb)
.Load /ws/output/de/tbl_bck1150.png                                                                   (00:00.000 / 02:19.029, 833Mb)
Load /ws/output/de/tbl_bck0000111100.png                                                             (00:00.000 / 02:19.030, 833Mb)
Load /ws/output/de/ExterneDokumentennutzung.png                                                      (00:00.000 / 02:19.030, 833Mb)
Load /ws/output/de/StructureDefinition-mii-ex-dokument-nlp-processing-status.md                      (00:00.000 / 02:19.030, 833Mb)
Load /ws/output/de/tbl_bck151.png                                                                    (00:00.000 / 02:19.030, 833Mb)
Load /ws/output/de/icon_page_n.gif                                                                   (00:00.000 / 02:19.031, 833Mb)
Load /ws/output/de/ValueSet-mii-vs-dokument-format-code.xml.html                                     (00:00.000 / 02:19.032, 833Mb)
Load /ws/output/de/icon-fhir-16.png                                                                  (00:00.008 / 02:19.040, 837Mb)
Load /ws/output/de/external.png                                                                      (00:00.000 / 02:19.040, 837Mb)
Load /ws/output/de/tbl_bck11101.png                                                                  (00:00.000 / 02:19.041, 837Mb)
Load /ws/output/de/tbl_bck0110.png                                                                   (00:00.000 / 02:19.041, 837Mb)
Load /ws/output/de/tbl_bck1540.png                                                                   (00:00.000 / 02:19.041, 837Mb)
Load /ws/output/de/artifacts.html                                                                    (00:00.000 / 02:19.042, 837Mb)
Load /ws/output/de/tbl_bck01110.png                                                                  (00:00.005 / 02:19.048, 843Mb)
Load /ws/output/de/tbl_bck0350250.png                                                                (00:00.000 / 02:19.048, 843Mb)
Load /ws/output/de/tbl_bck0250250.png                                                                (00:00.000 / 02:19.049, 843Mb)
Load /ws/output/de/ValueSet-mii-vs-dokument-sct-dokument-typ.json                                    (00:00.000 / 02:19.050, 843Mb)
Load /ws/output/de/DocumentReference-AmandaAlzheimerDeIdentifiziertesDokument.xml.html               (00:00.000 / 02:19.050, 843Mb)
Load /ws/output/de/icon_reference.png                                                                (00:00.010 / 02:19.060, 851Mb)
Load /ws/output/de/ValueSet-mii-vs-dokument-nlp-processing-status.md                                 (00:00.000 / 02:19.061, 851Mb)
Load /ws/output/de/tbl_bck03513.png                                                                  (00:00.000 / 02:19.061, 851Mb)
Load /ws/output/de/Encounter-AmandaAlzheimerAbteilungskontakt.html                                   (00:00.000 / 02:19.062, 851Mb)
Load /ws/output/de/tbl_bck100000.png                                                                 (00:00.003 / 02:19.065, 855Mb)
Load /ws/output/de/tbl_bck000000.png                                                                 (00:00.000 / 02:19.066, 855Mb)
Load /ws/output/de/ai.zip                                                                            (00:00.000 / 02:19.066, 855Mb)
Load /ws/output/de/tbl_bck000011110000.png                                                           (00:00.000 / 02:19.066, 855Mb)
Load /ws/output/de/tbl_vjoin-closed.png                                                              (00:00.000 / 02:19.067, 855Mb)
Load /ws/output/de/tbl_bck1152.png                                                                   (00:00.000 / 02:19.067, 855Mb)
Load /ws/output/de/tbl_bck0111101.png                                                                (00:00.000 / 02:19.068, 855Mb)
Load /ws/output/de/tbl_bck033.png                                                                    (00:00.000 / 02:19.068, 855Mb)
Load /ws/output/de/ValueSet-mii-vs-dokument-einrichtungsart.html                                     (00:00.000 / 02:19.069, 855Mb)
Load /ws/output/de/prism.js                                                                          (00:00.005 / 02:19.074, 859Mb)
Load /ws/output/de/StructureDefinition-mii-pr-dokument-dokument-mappings.html                        (00:00.001 / 02:19.075, 859Mb)
Load /ws/output/de/tbl_bck00001111110.png                                                            (00:00.078 / 02:19.153, 963Mb)
Load /ws/output/de/conformance.md                                                                    (00:00.000 / 02:19.154, 963Mb)
Load /ws/output/de/tbl_bck00001111111.png                                                            (00:00.000 / 02:19.155, 963Mb)
Load /ws/output/de/DocumentReference-AmandaAlzheimerDeIdentifiziertesDokument.json.html              (00:00.000 / 02:19.155, 963Mb)
Load /ws/output/de/mustsupport.png                                                                   (00:00.005 / 02:19.161, 969Mb)
Load /ws/output/de/icon_vd_col.png                                                                   (00:00.000 / 02:19.162, 969Mb)
Load /ws/output/de/tbl_bck0111100.png                                                                (00:00.000 / 02:19.162, 969Mb)
Load /ws/output/de/tbl_bck035125.png                                                                 (00:00.000 / 02:19.163, 969Mb)
Load /ws/output/de/StructureDefinition-mii-lm-dokument.profile.xml.html                              (00:00.000 / 02:19.163, 969Mb)
Load /ws/output/de/Encounter-AmandaAlzheimerAbteilungskontakt.xml.html                               (00:00.048 / 02:19.211, 1Gb)
Load /ws/output/de/ValueSet-mii-vs-dokument-nlp-processing-status.xml                                (00:00.004 / 02:19.215, 1Gb)
Load /ws/output/de/tbl_bck03300.png                                                                  (00:00.000 / 02:19.216, 1Gb)
Load /ws/output/de/tbl_bck152.png                                                                    (00:00.000 / 02:19.216, 1Gb)
Load /ws/output/de/tbl_bck000001.png                                                                 (00:00.000 / 02:19.217, 1Gb)
Load /ws/output/de/tbl_bck03512.png                                                                  (00:00.000 / 02:19.217, 1Gb)
Load /ws/output/de/icon_vd_select.png                                                                (00:00.000 / 02:19.217, 1Gb)
Load /ws/output/de/tbl_bck1543.png                                                                   (00:00.000 / 02:19.218, 1Gb)
Load /ws/output/de/guidance.html                                                                     (00:00.000 / 02:19.218, 1Gb)
Load /ws/output/de/Encounter-AmandaAlzheimerAbteilungskontakt.xml                                    (00:00.002 / 02:19.220, 1Gb)
Load /ws/output/de/tbl_bck110010.png                                                                 (00:00.000 / 02:19.221, 1Gb)
Load /ws/output/de/icon-toc.png                                                                      (00:00.000 / 02:19.221, 1Gb)
Load /ws/output/de/tbl_bck110000.png                                                                 (00:00.000 / 02:19.222, 1Gb)
Load /ws/output/de/Encounter-AmandaAlzheimerAbteilungskontakt.change.history.html                    (00:00.000 / 02:19.222, 1Gb)
.Load /ws/output/de/NLP-Pipeline.png                                                                  (00:00.002 / 02:19.225, 1Gb)
Load /ws/output/de/Parameters-mii-param-dokument-manifest.json.html                                  (00:00.000 / 02:19.225, 1Gb)
Load /ws/output/de/icon_page_n_o.gif                                                                 (00:00.005 / 02:19.230, 1Gb)
Load /ws/output/de/must-support.html                                                                 (00:00.000 / 02:19.230, 1Gb)
Load /ws/output/de/tbl_bck000011.png                                                                 (00:00.002 / 02:19.233, 1Gb)
Load /ws/output/de/Encounter-AmandaAlzheimerVersorgungsstellenKontakt.xml                            (00:00.000 / 02:19.234, 1Gb)
Load /ws/output/de/ImplementationGuide-mii-ig-dokument.md                                            (00:00.000 / 02:19.234, 1Gb)
Load /ws/output/de/Patient-AmandaAlzheimer.xml                                                       (00:00.000 / 02:19.234, 1Gb)
Load /ws/output/de/implementer-guidance.html                                                         (00:00.000 / 02:19.235, 1Gb)
Load /ws/output/de/ImplementationGuide-mii-ig-dokument.xml                                           (00:00.009 / 02:19.244, 1Gb)
Load /ws/output/de/uml-diagrams.md                                                                   (00:00.003 / 02:19.247, 1Gb)
Load /ws/output/de/icon-fhir-128.png                                                                 (00:00.000 / 02:19.247, 1Gb)
Load /ws/output/de/tbl_bck03310.png                                                                  (00:00.000 / 02:19.248, 1Gb)
Load /ws/output/de/index.html                                                                        (00:00.000 / 02:19.248, 1Gb)
Load /ws/output/de/tbl_bck0111110.png                                                                (00:00.003 / 02:19.251, 1Gb)
Load /ws/output/de/tbl_vjoin.png                                                                     (00:00.000 / 02:19.252, 1Gb)
Load /ws/output/de/tbl_bck00001111101.png                                                            (00:00.000 / 02:19.252, 1Gb)
Load /ws/output/de/tbl_vjoin_end_slice.png                                                           (00:00.000 / 02:19.253, 1Gb)
Load /ws/output/de/tbl_bck025125.png                                                                 (00:00.000 / 02:19.253, 1Gb)
Load /ws/output/de/icon-q-text.png                                                                   (00:00.000 / 02:19.253, 1Gb)
Load /ws/output/de/tbl_bck00001111100.png                                                            (00:00.000 / 02:19.254, 1Gb)
Load /ws/output/de/icon-q-display.png                                                                (00:00.000 / 02:19.254, 1Gb)
Load /ws/output/de/icon-fhir-1024.png                                                                (00:00.000 / 02:19.254, 1Gb)
Load /ws/output/de/Encounter-AmandaAlzheimerVersorgungsstellenKontakt.html                           (00:00.000 / 02:19.254, 1Gb)
Load /ws/output/de/tbl_bck0512.png                                                                   (00:00.002 / 02:19.257, 1Gb)
Load /ws/output/de/tbl_bck000011110010.png                                                           (00:00.000 / 02:19.257, 1Gb)
Load /ws/output/de/conformance.html                                                                  (00:00.000 / 02:19.258, 1Gb)
Load /ws/output/de/StructureDefinition-mii-pr-dokument-dokument-examples.html                        (00:00.002 / 02:19.260, 1Gb)
Load /ws/output/de/tbl_bck143.png                                                                    (00:00.002 / 02:19.263, 1Gb)
Load /ws/output/de/ValueSet-mii-vs-dokument-fachgebiet.md                                            (00:00.000 / 02:19.263, 1Gb)
Load /ws/output/de/tbl_bck03503.png                                                                  (00:00.000 / 02:19.264, 1Gb)
Load /ws/output/de/CodeSystem-mii-cs-dokument-nlp-processing-status.html                             (00:00.000 / 02:19.264, 1Gb)
Load /ws/output/de/tbl_bck100010.png                                                                 (00:00.003 / 02:19.268, 1Gb)
Load /ws/output/de/tbl_bck000010.png                                                                 (00:00.000 / 02:19.269, 1Gb)
Load /ws/output/de/tbl_bck1552.png                                                                   (00:00.000 / 02:19.269, 1Gb)
Load /ws/output/de/icon_element.gif                                                                  (00:00.000 / 02:19.269, 1Gb)
Load /ws/output/de/Patient-AmandaAlzheimer.change.history.html                                       (00:00.000 / 02:19.270, 1Gb)
Load /ws/output/de/tbl_bck0350240.png                                                                (00:00.002 / 02:19.272, 1Gb)
Load /ws/output/de/tbl_bck0250240.png                                                                (00:00.000 / 02:19.272, 1Gb)
Load /ws/output/de/ValueSet-mii-vs-dokument-nlp-processing-status-testing.html                       (00:00.000 / 02:19.273, 1Gb)
Load /ws/output/de/DocumentReference-AmandaAlzheimerDeIdentifiziertesDokument.change.history.html    (00:00.002 / 02:19.275, 1Gb)
Load /ws/output/de/tbl_bck01100.png                                                                  (00:00.002 / 02:19.277, 1Gb)
Load /ws/output/de/Encounter-AmandaAlzheimerEinrichtungskontakt.html                                 (00:00.000 / 02:19.278, 1Gb)
Load /ws/output/de/tbl_bck0100.png                                                                   (00:00.002 / 02:19.280, 1Gb)
Load /ws/output/de/tbl_bck1550.png                                                                   (00:00.000 / 02:19.281, 1Gb)
Load /ws/output/de/DocumentReference-AmandaAlzheimerOriginalDokument.change.history.html             (00:00.000 / 02:19.281, 1Gb)
Load /ws/output/de/DocumentReference-AmandaAlzheimerAnnotiertesDokument.xml                          (00:00.002 / 02:19.283, 1Gb)
Load /ws/output/de/ValueSet-mii-vs-dokument-sct-dokument-typ.md                                      (00:00.004 / 02:19.287, 1Gb)
Load /ws/output/de/tbl_bck11111.png                                                                  (00:00.000 / 02:19.287, 1Gb)
Load /ws/output/de/tbl_bck155.png                                                                    (00:00.000 / 02:19.288, 1Gb)
Load /ws/output/de/tbl_bck141.png                                                                    (00:00.000 / 02:19.288, 1Gb)
Load /ws/output/de/tbl_bck0000111110.png                                                             (00:00.000 / 02:19.288, 1Gb)
Load /ws/output/de/ValueSet-mii-vs-dokument-einrichtungsart-testing.html                             (00:00.000 / 02:19.289, 1Gb)
Load /ws/output/de/Parameters-mii-param-dokument-manifest.json                                       (00:00.002 / 02:19.291, 1Gb)
Load /ws/output/de/tbl_bck035.png                                                                    (00:00.000 / 02:19.292, 1Gb)
Load /ws/output/de/tbl_bck1001001.png                                                                (00:00.000 / 02:19.292, 1Gb)
.Load /ws/output/de/tbl_bck0510.png                                                                   (00:00.000 / 02:19.292, 1Gb)
Load /ws/output/de/CodeSystem-mii-cs-dokument-nlp-processing-status.md                               (00:00.000 / 02:19.293, 1Gb)
Load /ws/output/de/tbl_bck1140.png                                                                   (00:00.000 / 02:19.293, 1Gb)
Load /ws/output/de/tbl_bck1111010.png                                                                (00:00.000 / 02:19.293, 1Gb)
Load /ws/output/de/StructureDefinition-mii-lm-dokument.profile.history.html                          (00:00.000 / 02:19.293, 1Gb)
Load /ws/output/de/tbl_bck1011010.png                                                                (00:00.002 / 02:19.296, 1Gb)
Load /ws/output/de/tbl_bck1424.png                                                                   (00:00.000 / 02:19.297, 1Gb)
Load /ws/output/de/icon-resource.png                                                                 (00:00.000 / 02:19.297, 1Gb)
Load /ws/output/de/icon_text.png                                                                     (00:00.000 / 02:19.297, 1Gb)
Load /ws/output/de/CapabilityStatement-mii-cps-dokument-capabilitystatement.xml.html                 (00:00.000 / 02:19.298, 1Gb)
Load /ws/output/de/toc.html                                                                          (00:00.013 / 02:19.311, 1Gb)
Load /ws/output/de/icon-type-operation.png                                                           (00:00.006 / 02:19.317, 1Gb)
Load /ws/output/de/tbl_vjoin_slicer.png                                                              (00:00.000 / 02:19.318, 1Gb)
Load /ws/output/de/icon_bundle.png                                                                   (00:00.000 / 02:19.318, 1Gb)
Load /ws/output/de/tbl_bck1001000.png                                                                (00:00.000 / 02:19.318, 1Gb)
Load /ws/output/de/tbl_bck0505.png                                                                   (00:00.000 / 02:19.319, 1Gb)
Load /ws/output/de/StructureDefinition-mii-ex-dokument-nlp-processing-status.profile.xml.html        (00:00.000 / 02:19.319, 1Gb)
Load /ws/output/de/tbl_vjoin_end_slicer-closed.png                                                   (00:00.021 / 02:19.341, 1Gb)
Load /ws/output/de/tbl_bck0000111111.png                                                             (00:00.000 / 02:19.341, 1Gb)
Load /ws/output/de/tbl_bck140.png                                                                    (00:00.000 / 02:19.341, 1Gb)
Load /ws/output/de/changes.html                                                                      (00:00.000 / 02:19.342, 1Gb)
Load /ws/output/de/icon-qi-subject.png                                                               (00:00.002 / 02:19.345, 1Gb)
Load /ws/output/de/tbl_bck11110.png                                                                  (00:00.000 / 02:19.345, 1Gb)
Load /ws/output/de/tbl_bck03500.png                                                                  (00:00.000 / 02:19.345, 1Gb)
Load /ws/output/de/icon_extension_complex.png                                                        (00:00.000 / 02:19.346, 1Gb)
Load /ws/output/de/lock.png                                                                          (00:00.000 / 02:19.346, 1Gb)
Load /ws/output/de/tbl_bck0101.png                                                                   (00:00.000 / 02:19.346, 1Gb)
Load /ws/output/de/tbl_bck01101.png                                                                  (00:00.000 / 02:19.347, 1Gb)
Load /ws/output/de/StructureDefinition-mii-lm-dokument.md                                            (00:00.000 / 02:19.347, 1Gb)
Load /ws/output/de/tbl_vjoin_slicer-closed.png                                                       (00:00.000 / 02:19.347, 1Gb)
Load /ws/output/de/Parameters-mii-param-dokument-manifest.xml                                        (00:00.000 / 02:19.347, 1Gb)
Load /ws/output/de/tbl_bck011110000.png                                                              (00:00.000 / 02:19.348, 1Gb)
Load /ws/output/de/tbl_bck1250.png                                                                   (00:00.000 / 02:19.349, 1Gb)
Load /ws/output/de/ValueSet-mii-vs-dokument-nlp-processing-status.json.html                          (00:00.000 / 02:19.349, 1Gb)
Load /ws/output/de/ValueSet-mii-vs-dokument-nlp-processing-status.xml.html                           (00:00.003 / 02:19.352, 1Gb)
Load /ws/output/de/tbl_bck00001111010.png                                                            (00:00.004 / 02:19.356, 1Gb)
Load /ws/output/de/StructureDefinition-mii-lm-dokument-testing.html                                  (00:00.001 / 02:19.357, 1Gb)
Load /ws/output/de/tbl_bck133.png                                                                    (00:00.002 / 02:19.360, 1Gb)
Load /ws/output/de/icon-fhir-48.png                                                                  (00:00.000 / 02:19.361, 1Gb)
Load /ws/output/de/DocumentReference-AmandaAlzheimerAnnotiertesDokument.xml.html                     (00:00.000 / 02:19.361, 1Gb)
Load /ws/output/de/icon-q-date.png                                                                   (00:00.012 / 02:19.373, 1Gb)
Load /ws/output/de/tbl_bck100100.png                                                                 (00:00.000 / 02:19.374, 1Gb)
Load /ws/output/de/tbl_bck000100.png                                                                 (00:00.000 / 02:19.374, 1Gb)
Load /ws/output/de/ValueSet-mii-vs-dokument-einrichtungsart.md                                       (00:00.000 / 02:19.374, 1Gb)
Load /ws/output/de/StructureDefinition-mii-pr-dokument-dokument.html                                 (00:00.000 / 02:19.375, 1Gb)
Load /ws/output/de/tree-filter.png                                                                   (00:00.290 / 02:19.666, 619Mb)
Load /ws/output/de/Encounter-AmandaAlzheimerAbteilungskontakt.json.html                              (00:00.001 / 02:19.667, 619Mb)
Load /ws/output/de/ValueSet-mii-vs-dokument-sct-dokument-kategorie.json                              (00:00.003 / 02:19.670, 623Mb)
Load /ws/output/de/tbl_bck1330.png                                                                   (00:00.000 / 02:19.671, 623Mb)
Load /ws/output/de/icon-not-selected.png                                                             (00:00.000 / 02:19.671, 623Mb)
Load /ws/output/de/ValueSet-mii-vs-dokument-nlp-processing-status.json                               (00:00.000 / 02:19.671, 623Mb)
Load /ws/output/de/ValueSet-mii-vs-dokument-fachgebiet.html                                          (00:00.000 / 02:19.672, 623Mb)
Load /ws/output/de/icon_choice.gif                                                                   (00:00.002 / 02:19.674, 627Mb)
Load /ws/output/de/tbl_bck010110.png                                                                 (00:00.000 / 02:19.675, 627Mb)
Load /ws/output/de/icon_page-child.gif                                                               (00:00.000 / 02:19.675, 627Mb)
Load /ws/output/de/tbl_bck110110.png                                                                 (00:00.000 / 02:19.675, 627Mb)
.Load /ws/output/de/tbl_vjoin_end_slicer-open.png                                                     (00:00.000 / 02:19.676, 627Mb)
Load /ws/output/de/icon-change-remove.png                                                            (00:00.000 / 02:19.676, 627Mb)
Load /ws/output/de/link.svg                                                                          (00:00.000 / 02:19.676, 627Mb)
Load /ws/output/de/tbl_bck100101.png                                                                 (00:00.000 / 02:19.677, 627Mb)
Load /ws/output/de/icon_modifier_extension_simple.png                                                (00:00.000 / 02:19.677, 627Mb)
Load /ws/output/de/tbl_bck035025.png                                                                 (00:00.000 / 02:19.677, 627Mb)
Load /ws/output/de/tbl_bck10240.png                                                                  (00:00.000 / 02:19.678, 627Mb)
Load /ws/output/de/logical-models.html                                                               (00:00.000 / 02:19.678, 627Mb)
Load /ws/output/de/StructureDefinition-mii-lm-dokument-mappings.html                                 (00:00.013 / 02:19.691, 651Mb)
Load /ws/output/de/guidance.md                                                                       (00:00.002 / 02:19.693, 653Mb)
Load /ws/output/de/tbl_bck1251.png                                                                   (00:00.000 / 02:19.694, 653Mb)
Load /ws/output/de/icon-qi-vertical.png                                                              (00:00.000 / 02:19.694, 653Mb)
Load /ws/output/de/CapabilityStatement-mii-cps-dokument-capabilitystatement.html                     (00:00.000 / 02:19.694, 653Mb)
Load /ws/output/de/implementer-guidance.md                                                           (00:00.003 / 02:19.698, 659Mb)
Load /ws/output/de/icon-change-edit.png                                                              (00:00.000 / 02:19.698, 659Mb)
Load /ws/output/de/tbl_bck000011110.png                                                              (00:00.000 / 02:19.698, 659Mb)
Load /ws/output/de/tbl_bck0000111001.png                                                             (00:00.000 / 02:19.699, 659Mb)
Load /ws/output/de/tbl_bck0000111110110.png                                                          (00:00.000 / 02:19.699, 659Mb)
Load /ws/output/de/tbl_bck124.png                                                                    (00:00.000 / 02:19.699, 659Mb)
Load /ws/output/de/tbl_bck130.png                                                                    (00:00.000 / 02:19.700, 659Mb)
Load /ws/output/de/tbl_bck11000.png                                                                  (00:00.000 / 02:19.700, 659Mb)
Load /ws/output/de/tbl_bck03410.png                                                                  (00:00.000 / 02:19.700, 659Mb)
Load /ws/output/de/tbl_bck1125.png                                                                   (00:00.000 / 02:19.701, 659Mb)
Load /ws/output/de/tbl_bck050.png                                                                    (00:00.000 / 02:19.701, 659Mb)
Load /ws/output/de/CodeSystem-mii-cs-dokument-nlp-processing-status-testing.html                     (00:00.000 / 02:19.701, 659Mb)
Load /ws/output/de/tbl_bck01011.png                                                                  (00:00.002 / 02:19.703, 663Mb)
Load /ws/output/de/tbl_vjoin_end_slicer.png                                                          (00:00.000 / 02:19.704, 663Mb)
Load /ws/output/de/DocumentReference-AmandaAlzheimerOriginalDokument.xml                             (00:00.000 / 02:19.704, 663Mb)
Load /ws/output/de/tbl-open.png                                                                      (00:00.001 / 02:19.705, 665Mb)
Load /ws/output/de/tbl_bck0011.png                                                                   (00:00.000 / 02:19.706, 665Mb)
Load /ws/output/de/tbl_bck0010.png                                                                   (00:00.000 / 02:19.706, 665Mb)
Load /ws/output/de/icon-qi-hidden.png                                                                (00:00.000 / 02:19.707, 665Mb)
Load /ws/output/de/tbl_bck01010.png                                                                  (00:00.000 / 02:19.707, 665Mb)
Load /ws/output/de/icon-warning.png                                                                  (00:00.000 / 02:19.707, 665Mb)
Load /ws/output/de/tbl_bck051.png                                                                    (00:00.000 / 02:19.708, 665Mb)
Load /ws/output/de/CapabilityStatement-mii-cps-dokument-capabilitystatement.json.html                (00:00.000 / 02:19.708, 665Mb)
Load /ws/output/de/security-and-privacy.md                                                           (00:00.028 / 02:19.737, 677Mb)
Load /ws/output/de/tbl_vjoin_slice-open.png                                                          (00:00.009 / 02:19.746, 677Mb)
Load /ws/output/de/tbl_bck11001.png                                                                  (00:00.000 / 02:19.747, 677Mb)
Load /ws/output/de/uml-diagrams.html                                                                 (00:00.000 / 02:19.747, 677Mb)
Load /ws/output/de/tbl_bck125.png                                                                    (00:00.004 / 02:19.752, 681Mb)
Load /ws/output/de/tbl_bck0400.png                                                                   (00:00.001 / 02:19.753, 681Mb)
Load /ws/output/de/tbl_bck1050.png                                                                   (00:00.000 / 02:19.753, 681Mb)
Load /ws/output/de/tbl_bck0000111000.png                                                             (00:00.000 / 02:19.754, 681Mb)
Load /ws/output/de/tbl_vjoin-open.png                                                                (00:00.000 / 02:19.754, 681Mb)
Load /ws/output/de/icon_vd_view.png                                                                  (00:00.000 / 02:19.755, 681Mb)
Load /ws/output/de/icon_datatype.gif                                                                 (00:00.000 / 02:19.755, 681Mb)
Load /ws/output/de/tbl_bck000011111.png                                                              (00:00.000 / 02:19.756, 681Mb)
Load /ws/output/de/alert.jpg                                                                         (00:00.000 / 02:19.756, 681Mb)
Load /ws/output/de/ValueSet-mii-vs-dokument-format-code-testing.html                                 (00:00.000 / 02:19.757, 681Mb)
Load /ws/output/de/tbl_vjoin_end_slice-open.png                                                      (00:00.002 / 02:19.759, 685Mb)
Load /ws/output/de/tbl_bck1011100.png                                                                (00:00.000 / 02:19.760, 685Mb)
Load /ws/output/de/tbl_bck1252.png                                                                   (00:00.000 / 02:19.760, 685Mb)
Load /ws/output/de/StructureDefinition-mii-ex-dokument-nlp-processing-status.xml                     (00:00.000 / 02:19.761, 685Mb)
Load /ws/output/de/CapabilityStatement-mii-cps-dokument-capabilitystatement.xml                      (00:00.003 / 02:19.764, 689Mb)
Load /ws/output/de/tbl_bck1011110.png                                                                (00:00.002 / 02:19.766, 693Mb)
.Load /ws/output/de/icon_slice.png                                                                    (00:00.000 / 02:19.767, 693Mb)
Load /ws/output/de/tbl_bck0000111010.png                                                             (00:00.000 / 02:19.768, 693Mb)
Load /ws/output/de/ValueSet-mii-vs-dokument-sct-dokument-typ.xml.html                                (00:00.000 / 02:19.768, 693Mb)
Load /ws/output/de/icon-directory.gif                                                                (00:00.005 / 02:19.773, 697Mb)
Load /ws/output/de/tbl_bck000011101.png                                                              (00:00.000 / 02:19.774, 697Mb)
Load /ws/output/de/icon-q-datetime.png                                                               (00:00.000 / 02:19.774, 697Mb)
Load /ws/output/de/tbl_bck0410.png                                                                   (00:00.000 / 02:19.775, 697Mb)
Load /ws/output/de/tbl_bck1040.png                                                                   (00:00.000 / 02:19.775, 697Mb)
Load /ws/output/de/tbl_bck11011.png                                                                  (00:00.000 / 02:19.776, 697Mb)
Load /ws/output/de/DocumentReference-AmandaAlzheimerOriginalDokument.json.html                       (00:00.000 / 02:19.776, 697Mb)
Load /ws/output/de/tbl_bck041.png                                                                    (00:00.008 / 02:19.785, 705Mb)
Load /ws/output/de/tbl_bck01000.png                                                                  (00:00.000 / 02:19.785, 705Mb)
Load /ws/output/de/icon-q-item.png                                                                   (00:00.000 / 02:19.786, 705Mb)
Load /ws/output/de/tbl_bck0000.png                                                                   (00:00.000 / 02:19.787, 705Mb)
Load /ws/output/de/Parameters-mii-param-dokument-manifest.xml.html                                   (00:00.002 / 02:19.789, 705Mb)
Load /ws/output/de/tbl_bck0001.png                                                                   (00:00.007 / 02:19.797, 717Mb)
Load /ws/output/de/Encounter-AmandaAlzheimerEinrichtungskontakt.xml.html                             (00:00.000 / 02:19.798, 717Mb)
Load /ws/output/de/tbl_bck040.png                                                                    (00:00.004 / 02:19.802, 723Mb)
Load /ws/output/de/Parameters-mii-param-dokument-manifest.md                                         (00:00.000 / 02:19.802, 723Mb)
Load /ws/output/de/tbl_bck11010.png                                                                  (00:00.000 / 02:19.803, 723Mb)
Load /ws/output/de/tbl_bck03400.png                                                                  (00:00.000 / 02:19.803, 723Mb)
Load /ws/output/de/artifacts.md                                                                      (00:00.000 / 02:19.803, 723Mb)
Load /ws/output/de/tbl_bck0000111110100.png                                                          (00:00.000 / 02:19.803, 723Mb)
Load /ws/output/de/tbl_bck134.png                                                                    (00:00.000 / 02:19.804, 723Mb)
Load /ws/output/de/tbl_bck120.png                                                                    (00:00.000 / 02:19.804, 723Mb)
Load /ws/output/de/tbl_bck000011100.png                                                              (00:00.000 / 02:19.805, 723Mb)
Load /ws/output/de/CapabilityStatement-mii-cps-dokument-capabilitystatement.change.history.html      (00:00.000 / 02:19.805, 723Mb)
Load /ws/output/de/tbl_bck0000111011.png                                                             (00:00.002 / 02:19.807, 725Mb)
Load /ws/output/de/ValueSet-mii-vs-dokument-fachgebiet.xml.html                                      (00:00.000 / 02:19.808, 725Mb)
Load /ws/output/de/icon_primitive.png                                                                (00:00.003 / 02:19.811, 731Mb)
Load /ws/output/de/cc0.png                                                                           (00:00.000 / 02:19.812, 731Mb)
Load /ws/output/de/tbl_vjoin_end_slice-closed.png                                                    (00:00.000 / 02:19.812, 731Mb)
Load /ws/output/de/InterneDokumentennutzung.png                                                      (00:00.000 / 02:19.812, 731Mb)
Load /ws/output/de/icon-q-open-choice.png                                                            (00:00.000 / 02:19.813, 731Mb)
Load /ws/output/de/Encounter-AmandaAlzheimerAbteilungskontakt.md                                     (00:00.000 / 02:19.813, 731Mb)
Load /ws/output/de/target.png                                                                        (00:00.000 / 02:19.813, 731Mb)
Load /ws/output/de/StructureDefinition-mii-ex-dokument-nlp-processing-status.html                    (00:00.000 / 02:19.813, 731Mb)
Load /ws/output/de/DocumentReference-AmandaAlzheimerAnnotiertesDokument.md                           (00:00.020 / 02:19.834, 771Mb)
Load /ws/output/de/tbl_bck00001111001.png                                                            (00:00.000 / 02:19.834, 771Mb)
Load /ws/output/de/Encounter-AmandaAlzheimerVersorgungsstellenKontakt.xml.html                       (00:00.000 / 02:19.835, 771Mb)
Load /ws/output/de/StructureDefinition-mii-lm-dokument.html                                          (00:00.003 / 02:19.838, 777Mb)
Load /ws/output/de/capability-statements.md                                                          (00:00.073 / 02:19.912, 893Mb)
Load /ws/output/de/icon_q_root.gif                                                                   (00:00.000 / 02:19.912, 893Mb)
Load /ws/output/de/tbl_bck1241.png                                                                   (00:00.000 / 02:19.913, 893Mb)
Load /ws/output/de/ValueSet-mii-vs-dokument-format-code.html                                         (00:00.000 / 02:19.913, 893Mb)
Load /ws/output/de/tbl_bck10250.png                                                                  (00:00.002 / 02:19.916, 897Mb)
Load /ws/output/de/icon-q-quantity.png                                                               (00:00.000 / 02:19.917, 897Mb)
Load /ws/output/de/StructureDefinition-mii-ex-dokument-nlp-processing-status.profile.json.html       (00:00.000 / 02:19.917, 897Mb)
Load /ws/output/de/information.png                                                                   (00:00.014 / 02:19.932, 921Mb)
Load /ws/output/de/DocumentReference-AmandaAlzheimerAnnotiertesDokument.html                         (00:00.000 / 02:19.932, 921Mb)
Load /ws/output/de/ValueSet-mii-vs-dokument-sct-dokument-kategorie.xml.html                          (00:00.002 / 02:19.935, 925Mb)
Load /ws/output/de/tbl_vjoin_end-open.png                                                            (00:00.003 / 02:19.938, 931Mb)
Load /ws/output/de/StructureDefinition-mii-lm-dokument-examples.html                                 (00:00.000 / 02:19.938, 931Mb)
Load /ws/output/de/ValueSet-mii-vs-dokument-einrichtungsart.xml                                      (00:00.002 / 02:19.940, 933Mb)
Load /ws/output/de/tbl_bck010100.png                                                                 (00:00.000 / 02:19.941, 935Mb)
Load /ws/output/de/tbl_bck110100.png                                                                 (00:00.000 / 02:19.941, 935Mb)
.Load /ws/output/de/icon-qi-security.bmp                                                              (00:00.000 / 02:19.942, 935Mb)
Load /ws/output/de/CodeSystem-mii-cs-dokument-nlp-processing-status.xml.html                         (00:00.000 / 02:19.942, 935Mb)
Load /ws/output/de/tbl_vjoin_end-closed.png                                                          (00:00.005 / 02:19.948, 943Mb)
Load /ws/output/de/tbl_bck1320.png                                                                   (00:00.000 / 02:19.948, 943Mb)
Load /ws/output/de/StructureDefinition-mii-pr-dokument-dokument.profile.xml.html                     (00:00.000 / 02:19.948, 943Mb)
Load /ws/output/de/missing-data.md                                                                   (00:00.221 / 02:20.170, 1Gb)
Load /ws/output/de/icon-include.png                                                                  (00:00.000 / 02:20.170, 1Gb)
Load /ws/output/de/tbl_bck100110.png                                                                 (00:00.000 / 02:20.171, 1Gb)
Load /ws/output/de/tbl_bck000110.png                                                                 (00:00.000 / 02:20.171, 1Gb)
Load /ws/output/de/ValueSet-mii-vs-dokument-sct-dokument-typ.change.history.html                     (00:00.000 / 02:20.172, 1Gb)
Load /ws/output/de/ValueSet-mii-vs-dokument-fachgebiet.change.history.html                           (00:00.002 / 02:20.174, 1Gb)
Load /ws/output/de/icon-fhir-64.png                                                                  (00:00.002 / 02:20.176, 1Gb)
Load /ws/output/de/icon_reuse.png                                                                    (00:00.000 / 02:20.176, 1Gb)
Load /ws/output/de/terminology.md                                                                    (00:00.000 / 02:20.177, 1Gb)
Load /ws/output/de/tbl_bck1240.png                                                                   (00:00.000 / 02:20.177, 1Gb)
Load /ws/output/de/tbl_bck025025.png                                                                 (00:00.000 / 02:20.177, 1Gb)
Load /ws/output/de/icon_extension_simple.png                                                         (00:00.000 / 02:20.178, 1Gb)
Load /ws/output/de/Parameters-mii-param-dokument-manifest.change.history.html                        (00:00.000 / 02:20.178, 1Gb)
Load /ws/output/de/ValueSet-mii-vs-dokument-format-code.xml                                          (00:00.002 / 02:20.180, 1Gb)
Load /ws/output/de/icon-q-decimal.png                                                                (00:00.000 / 02:20.181, 1Gb)
Load /ws/output/de/tbl_bck011110010.png                                                              (00:00.000 / 02:20.181, 1Gb)
Load /ws/output/de/icon_vd_foreach.png                                                               (00:00.000 / 02:20.181, 1Gb)
Load /ws/output/de/icon-q-boolean.png                                                                (00:00.000 / 02:20.181, 1Gb)
Load /ws/output/de/downloads.html                                                                    (00:00.000 / 02:20.182, 1Gb)
Load /ws/output/de/tbl_bck025000.png                                                                 (00:00.003 / 02:20.185, 1Gb)
Load /ws/output/de/ValueSet-mii-vs-dokument-format-code.change.history.html                          (00:00.000 / 02:20.185, 1Gb)
Load /ws/output/de/tbl_bck0110100.png                                                                (00:00.002 / 02:20.187, 1Gb)
Load /ws/output/de/icon_page.gif                                                                     (00:00.000 / 02:20.188, 1Gb)
Load /ws/output/de/tbl_bck1.png                                                                      (00:00.000 / 02:20.188, 1Gb)
Load /ws/output/de/tbl_bck0000111.png                                                                (00:00.000 / 02:20.188, 1Gb)
Load /ws/output/de/tbl_bck112.png                                                                    (00:00.000 / 02:20.189, 1Gb)
Load /ws/output/de/tbl_bck0351.png                                                                   (00:00.000 / 02:20.189, 1Gb)
Load /ws/output/de/tbl_bck111010.png                                                                 (00:00.000 / 02:20.189, 1Gb)
Load /ws/output/de/tbl_bck011010.png                                                                 (00:00.000 / 02:20.190, 1Gb)
Load /ws/output/de/icon-qi-optional.png                                                              (00:00.000 / 02:20.190, 1Gb)
Load /ws/output/de/tbl_vjoin_slice-closed.png                                                        (00:00.000 / 02:20.190, 1Gb)
Load /ws/output/de/tbl_bck001001.png                                                                 (00:00.000 / 02:20.190, 1Gb)
Load /ws/output/de/tbl_bck02512.png                                                                  (00:00.000 / 02:20.191, 1Gb)
Load /ws/output/de/Patient-AmandaAlzheimer.json.html                                                 (00:00.000 / 02:20.191, 1Gb)
Load /ws/output/de/metadata.md                                                                       (00:00.002 / 02:20.194, 1Gb)
Load /ws/output/de/ValueSet-mii-vs-dokument-format-code.json                                         (00:00.000 / 02:20.194, 1Gb)
Load /ws/output/de/ValueSet-mii-vs-dokument-sct-dokument-kategorie.change.history.html               (00:00.000 / 02:20.194, 1Gb)
Load /ws/output/de/tbl_bck02513.png                                                                  (00:00.002 / 02:20.197, 1Gb)
Load /ws/output/de/DocumentReference-AmandaAlzheimerAnnotiertesDokument.json                         (00:00.000 / 02:20.197, 1Gb)
Load /ws/output/de/tbl_bck001000.png                                                                 (00:00.000 / 02:20.197, 1Gb)
Load /ws/output/de/icon-qi-observation.png                                                           (00:00.000 / 02:20.198, 1Gb)
Load /ws/output/de/tbl_bck101000.png                                                                 (00:00.000 / 02:20.198, 1Gb)
Load /ws/output/de/general-requirements.html                                                         (00:00.000 / 02:20.198, 1Gb)
Load /ws/output/de/StructureDefinition-mii-ex-dokument-nlp-processing-status.json                    (00:00.003 / 02:20.201, 1Gb)
Load /ws/output/de/tbl_vjoin_slicer-open.png                                                         (00:00.000 / 02:20.202, 1Gb)
Load /ws/output/de/tbl_bck0251250.png                                                                (00:00.000 / 02:20.202, 1Gb)
Load /ws/output/de/tbl_bck0351250.png                                                                (00:00.000 / 02:20.202, 1Gb)
Load /ws/output/de/tbl_bck011011.png                                                                 (00:00.000 / 02:20.203, 1Gb)
Load /ws/output/de/StructureDefinition-mii-lm-dokument.json                                          (00:00.000 / 02:20.203, 1Gb)
Load /ws/output/de/tbl_bck113.png                                                                    (00:00.000 / 02:20.203, 1Gb)
Load /ws/output/de/tbl_bck0000110.png                                                                (00:00.000 / 02:20.204, 1Gb)
.Load /ws/output/de/CodeSystem-mii-cs-dokument-nlp-processing-status.change.history.html              (00:00.000 / 02:20.204, 1Gb)
Load /ws/output/de/tbl_bck0350.png                                                                   (00:00.002 / 02:20.206, 1Gb)
Load /ws/output/de/tbl_bck10010000.png                                                               (00:00.000 / 02:20.206, 1Gb)
Load /ws/output/de/tbl_bck00001110110.png                                                            (00:00.000 / 02:20.207, 1Gb)
Load /ws/output/de/tbl_bck10110000.png                                                               (00:00.000 / 02:20.207, 1Gb)
Load /ws/output/de/tbl_bck0.png                                                                      (00:00.000 / 02:20.207, 1Gb)
Load /ws/output/de/DocumentReference-AmandaAlzheimerOriginalDokument.md                              (00:00.000 / 02:20.208, 1Gb)
Load /ws/output/de/tbl_bck00001001.png                                                               (00:00.000 / 02:20.208, 1Gb)
Load /ws/output/de/icon-change-add.png                                                               (00:00.000 / 02:20.208, 1Gb)
Load /ws/output/de/ValueSet-mii-vs-dokument-fachgebiet.json.html                                     (00:00.000 / 02:20.208, 1Gb)
Load /ws/output/de/tbl_bck000011111000.png                                                           (00:00.003 / 02:20.211, 1Gb)
Load /ws/output/de/ValueSet-mii-vs-dokument-fachgebiet-testing.html                                  (00:00.000 / 02:20.212, 1Gb)
Load /ws/output/de/researcher-guidance.md                                                            (00:00.002 / 02:20.214, 1Gb)
Load /ws/output/de/icon-page.png                                                                     (00:00.000 / 02:20.214, 1Gb)
Load /ws/output/de/tbl_bck1500.png                                                                   (00:00.000 / 02:20.214, 1Gb)
Load /ws/output/de/datasets-and-descriptions.md                                                      (00:00.000 / 02:20.215, 1Gb)
Load /ws/output/de/tbl_bck105.png                                                                    (00:00.000 / 02:20.215, 1Gb)
Load /ws/output/de/tbl_bck01101100.png                                                               (00:00.000 / 02:20.215, 1Gb)
Load /ws/output/de/tbl_bck111.png                                                                    (00:00.000 / 02:20.215, 1Gb)
Load /ws/output/de/tbl_vline_slice.png                                                               (00:00.000 / 02:20.216, 1Gb)
Load /ws/output/de/tbl_bck05040.png                                                                  (00:00.000 / 02:20.216, 1Gb)
Load /ws/output/de/tbl_bck0251252.png                                                                (00:00.000 / 02:20.216, 1Gb)
Load /ws/output/de/tbl_bck00110.png                                                                  (00:00.000 / 02:20.217, 1Gb)
Load /ws/output/de/tbl_bck12500.png                                                                  (00:00.000 / 02:20.217, 1Gb)
Load /ws/output/de/tbl_bck0351252.png                                                                (00:00.000 / 02:20.217, 1Gb)
Load /ws/output/de/icon_fixed.gif                                                                    (00:00.000 / 02:20.217, 1Gb)
Load /ws/output/de/tbl_bck1110.png                                                                   (00:00.000 / 02:20.218, 1Gb)
Load /ws/output/de/security-and-privacy.html                                                         (00:00.000 / 02:20.218, 1Gb)
Load /ws/output/de/tbl_bck10101.png                                                                  (00:00.002 / 02:20.220, 1Gb)
Load /ws/output/de/StructureDefinition-mii-lm-dokument.profile.json.html                             (00:00.000 / 02:20.221, 1Gb)
Load /ws/output/de/tbl_bck02510.png                                                                  (00:00.032 / 02:20.253, 1Gb)
Load /ws/output/de/modifier.png                                                                      (00:00.000 / 02:20.254, 1Gb)
Load /ws/output/de/tbl_bck10100.png                                                                  (00:00.000 / 02:20.254, 1Gb)
Load /ws/output/de/icon-key.png                                                                      (00:00.000 / 02:20.254, 1Gb)
Load /ws/output/de/tbl_bck15050.png                                                                  (00:00.000 / 02:20.255, 1Gb)
Load /ws/output/de/metadata.html                                                                     (00:00.000 / 02:20.255, 1Gb)
Load /ws/output/de/icon-q-integer.png                                                                (00:00.006 / 02:20.261, 1Gb)
Load /ws/output/de/tbl_bck1111.png                                                                   (00:00.000 / 02:20.261, 1Gb)
Load /ws/output/de/ValueSet-mii-vs-dokument-sct-dokument-kategorie.json.html                         (00:00.000 / 02:20.262, 1Gb)
Load /ws/output/de/ValueSet-mii-vs-dokument-sct-dokument-typ-testing.html                            (00:00.002 / 02:20.265, 1Gb)
Load /ws/output/de/must-support.md                                                                   (00:00.002 / 02:20.267, 1Gb)
Load /ws/output/de/ValueSet-mii-vs-dokument-sct-dokument-kategorie.md                                (00:00.000 / 02:20.267, 1Gb)
Load /ws/output/de/tbl_bck110.png                                                                    (00:00.000 / 02:20.267, 1Gb)
Load /ws/output/de/index.md                                                                          (00:00.000 / 02:20.267, 1Gb)
Load /ws/output/de/tbl_bck1515.png                                                                   (00:00.000 / 02:20.268, 1Gb)
Load /ws/output/de/tbl-closed.png                                                                    (00:00.000 / 02:20.268, 1Gb)
Load /ws/output/de/tbl_bck000010010.png                                                              (00:00.000 / 02:20.268, 1Gb)
Load /ws/output/de/version-history.md                                                                (00:00.000 / 02:20.269, 1Gb)
Load /ws/output/de/search-parameters-and-operations.md                                               (00:00.000 / 02:20.269, 1Gb)
Load /ws/output/de/icon-dictionary.png                                                               (00:00.000 / 02:20.269, 1Gb)
Load /ws/output/de/tbl_bck000010000.png                                                              (00:00.000 / 02:20.269, 1Gb)
Load /ws/output/de/tbl_bck1505.png                                                                   (00:00.000 / 02:20.270, 1Gb)
Load /ws/output/de/StructureDefinition-mii-pr-dokument-dokument.xml                                  (00:00.000 / 02:20.270, 1Gb)
Load /ws/output/de/ValueSet-mii-vs-dokument-einrichtungsart.change.history.html                      (00:00.033 / 02:20.303, 1Gb)
Load /ws/output/de/Encounter-AmandaAlzheimerVersorgungsstellenKontakt.json.html                      (00:00.003 / 02:20.306, 1Gb)
Load /ws/output/de/tbl_bck100.png                                                                    (00:00.004 / 02:20.310, 1Gb)
.Load /ws/output/de/tbl_bck12511.png                                                                  (00:00.001 / 02:20.312, 1Gb)
Load /ws/output/de/tbl_bck00101.png                                                                  (00:00.001 / 02:20.313, 1Gb)
Load /ws/output/de/translationinfo.md                                                                (00:00.001 / 02:20.315, 1Gb)
Load /ws/output/de/icon-list.gif                                                                     (00:00.000 / 02:20.315, 1Gb)
Load /ws/output/de/ValueSet-mii-vs-dokument-sct-dokument-kategorie-testing.html                      (00:00.001 / 02:20.316, 1Gb)
Load /ws/output/de/missing-data.html                                                                 (00:00.003 / 02:20.320, 1Gb)
Load /ws/output/de/tbl_bck1101.png                                                                   (00:00.002 / 02:20.323, 1Gb)
Load /ws/output/de/fhir-table-scripts.js                                                             (00:00.000 / 02:20.324, 1Gb)
Load /ws/output/de/tbl_bck02500.png                                                                  (00:00.000 / 02:20.324, 1Gb)
Load /ws/output/de/tbl_bck10110.png                                                                  (00:00.000 / 02:20.324, 1Gb)
Load /ws/output/de/tbl_bck15040.png                                                                  (00:00.000 / 02:20.325, 1Gb)
Load /ws/output/de/StructureDefinition-mii-pr-dokument-dokument-definitions.html                     (00:00.000 / 02:20.325, 1Gb)
Load /ws/output/de/icon_extension.png                                                                (00:00.168 / 02:20.494, 742Mb)
Load /ws/output/de/icon-implementation.png                                                           (00:00.001 / 02:20.495, 742Mb)
Load /ws/output/de/icon_entry_blue.png                                                               (00:00.000 / 02:20.496, 742Mb)
Load /ws/output/de/icon-q-coding.png                                                                 (00:00.000 / 02:20.496, 742Mb)
Load /ws/output/de/tbl_bck10111.png                                                                  (00:00.000 / 02:20.496, 742Mb)
Load /ws/output/de/tbl_bck02501.png                                                                  (00:00.000 / 02:20.497, 742Mb)
Load /ws/output/de/tbl_bck1100.png                                                                   (00:00.000 / 02:20.497, 742Mb)
Load /ws/output/de/Patient-AmandaAlzheimer.xml.html                                                  (00:00.000 / 02:20.498, 742Mb)
Load /ws/output/de/tbl_bck05050.png                                                                  (00:00.002 / 02:20.501, 746Mb)
Load /ws/output/de/tbl_bck00100.png                                                                  (00:00.000 / 02:20.501, 746Mb)
Load /ws/output/de/tbl_bck12510.png                                                                  (00:00.000 / 02:20.501, 746Mb)
Load /ws/output/de/tbl_bck115.png                                                                    (00:00.000 / 02:20.502, 746Mb)
Load /ws/output/de/icon-documentation.png                                                            (00:00.000 / 02:20.502, 746Mb)
Load /ws/output/de/tbl_bck01101110.png                                                               (00:00.000 / 02:20.502, 746Mb)
Load /ws/output/de/tbl_bck101.png                                                                    (00:00.000 / 02:20.503, 746Mb)
Load /ws/output/de/Patient-AmandaAlzheimer.md                                                        (00:00.000 / 02:20.503, 746Mb)
Load /ws/output/de/icon-selected.png                                                                 (00:00.000 / 02:20.503, 746Mb)
Load /ws/output/de/icon-example.png                                                                  (00:00.000 / 02:20.503, 746Mb)
Load /ws/output/de/tbl_bck1510.png                                                                   (00:00.000 / 02:20.504, 746Mb)
Load /ws/output/de/StructureDefinition-mii-ex-dokument-nlp-processing-status-mappings.html           (00:00.000 / 02:20.504, 746Mb)
Load /ws/output/de/prism.css                                                                         (00:00.002 / 02:20.507, 750Mb)
Load /ws/output/de/icon-qi-readonly.png                                                              (00:00.000 / 02:20.507, 750Mb)
Load /ws/output/de/tbl_bck000011111010.png                                                           (00:00.000 / 02:20.507, 750Mb)
Load /ws/output/de/tbl_bck0110111.png                                                                (00:00.000 / 02:20.508, 750Mb)
Load /ws/output/de/icon-object-box.png                                                               (00:00.000 / 02:20.508, 750Mb)
Load /ws/output/de/tbl_bck1512.png                                                                   (00:00.000 / 02:20.508, 750Mb)
Load /ws/output/de/tbl_vjoin_slice.png                                                               (00:00.000 / 02:20.509, 750Mb)
Load /ws/output/de/icon-q-group.png                                                                  (00:00.000 / 02:20.509, 750Mb)
Load /ws/output/de/CapabilityStatement-mii-cps-dokument-capabilitystatement.md                       (00:00.000 / 02:20.509, 750Mb)
Load /ws/output/de/tbl_bck103.png                                                                    (00:00.000 / 02:20.510, 750Mb)
Load /ws/output/de/tbl_bck0000100.png                                                                (00:00.000 / 02:20.510, 750Mb)
Load /ws/output/de/tbl_bck0340.png                                                                   (00:00.000 / 02:20.510, 750Mb)
Load /ws/output/de/tbl_bck10010010.png                                                               (00:00.000 / 02:20.510, 750Mb)
Load /ws/output/de/tbl_bck00001110100.png                                                            (00:00.000 / 02:20.511, 750Mb)
Load /ws/output/de/tbl_bck10110010.png                                                               (00:00.000 / 02:20.512, 750Mb)
Load /ws/output/de/tbl_bck0251240.png                                                                (00:00.000 / 02:20.512, 750Mb)
Load /ws/output/de/tbl_bck0351240.png                                                                (00:00.000 / 02:20.512, 750Mb)
Load /ws/output/de/DocumentReference-AmandaAlzheimerAnnotiertesDokument.json.html                    (00:00.000 / 02:20.513, 750Mb)
Load /ws/output/de/tbl_bck12512.png                                                                  (00:00.010 / 02:20.523, 764Mb)
Load /ws/output/de/tbl_bck011001.png                                                                 (00:00.000 / 02:20.523, 764Mb)
Load /ws/output/de/ValueSet-mii-vs-dokument-sct-dokument-kategorie.xml                               (00:00.000 / 02:20.524, 764Mb)
Load /ws/output/de/CapabilityStatement-mii-cps-dokument-capabilitystatement.json                     (00:00.000 / 02:20.524, 764Mb)
Load /ws/output/de/new.png                                                                           (00:00.000 / 02:20.524, 764Mb)
Load /ws/output/de/Paketabhaengigkeiten.png                                                          (00:00.000 / 02:20.525, 764Mb)
.Load /ws/output/de/tbl_bck02503.png                                                                  (00:00.000 / 02:20.525, 764Mb)
Load /ws/output/de/tbl_bck001010.png                                                                 (00:00.000 / 02:20.525, 764Mb)
Load /ws/output/de/tbl_bck101010.png                                                                 (00:00.000 / 02:20.526, 764Mb)
Load /ws/output/de/StructureDefinition-mii-pr-dokument-dokument-testing.html                         (00:00.000 / 02:20.526, 764Mb)
Load /ws/output/de/StructureDefinition-mii-pr-dokument-dokument.profile.history.html                 (00:00.002 / 02:20.528, 768Mb)
Load /ws/output/de/icon-qi-instructions.png                                                          (00:00.002 / 02:20.531, 770Mb)
Load /ws/output/de/changes.md                                                                        (00:00.000 / 02:20.531, 770Mb)
Load /ws/output/de/StructureDefinition-mii-ex-dokument-nlp-processing-status-testing.html            (00:00.000 / 02:20.531, 770Mb)
Load /ws/output/de/search-parameters-and-operations.html                                             (00:00.002 / 02:20.534, 774Mb)
Load /ws/output/de/icon-clinical.png                                                                 (00:00.003 / 02:20.537, 780Mb)
Load /ws/output/de/tbl_bck111000.png                                                                 (00:00.000 / 02:20.538, 780Mb)
Load /ws/output/de/tbl_bck011000.png                                                                 (00:00.000 / 02:20.538, 780Mb)
Load /ws/output/de/datasets-and-descriptions.html                                                    (00:00.000 / 02:20.538, 780Mb)
Load /ws/output/de/ValueSet-mii-vs-dokument-sct-dokument-kategorie.html                              (00:00.003 / 02:20.542, 786Mb)
Load /ws/output/de/tbl_bck0000101.png                                                                (00:00.002 / 02:20.544, 790Mb)
Load /ws/output/de/tbl_bck0341.png                                                                   (00:00.000 / 02:20.545, 790Mb)
Load /ws/output/de/examples.html                                                                     (00:00.000 / 02:20.545, 790Mb)
Load /ws/output/de/ValueSet-mii-vs-dokument-nlp-processing-status.html                               (00:00.002 / 02:20.548, 794Mb)
Load /ws/output/de/ValueSet-mii-vs-dokument-fachgebiet.json                                          (00:00.003 / 02:20.552, 800Mb)
Load /ws/output/de/tbl_bck00001010.png                                                               (00:00.000 / 02:20.552, 800Mb)
Load /ws/output/de/tbl_bck025010.png                                                                 (00:00.000 / 02:20.552, 800Mb)
Load /ws/output/de/Encounter-AmandaAlzheimerEinrichtungskontakt.xml                                  (00:00.000 / 02:20.552, 800Mb)
Load /ws/output/de/tbl_bck0110110.png                                                                (00:00.000 / 02:20.553, 800Mb)
Load /ws/output/de/StructureDefinition-mii-pr-dokument-dokument.json                                 (00:00.000 / 02:20.553, 800Mb)
Load /ws/output/de/tbl_bck000011111011.png                                                           (00:00.000 / 02:20.553, 800Mb)
Load /ws/output/de/tbl_bck10001.png                                                                  (00:00.000 / 02:20.554, 800Mb)
Load /ws/output/de/tbl_bck05140.png                                                                  (00:00.000 / 02:20.554, 800Mb)
Load /ws/output/de/tbl_bck00010.png                                                                  (00:00.000 / 02:20.554, 800Mb)
Load /ws/output/de/tbl_bck12400.png                                                                  (00:00.000 / 02:20.555, 800Mb)
Load /ws/output/de/tbl_bck1010.png                                                                   (00:00.000 / 02:20.555, 800Mb)
Load /ws/output/de/icon-q-choice.png                                                                 (00:00.000 / 02:20.555, 800Mb)
Load /ws/output/de/StructureDefinition-mii-lm-dokument-definitions.html                              (00:00.000 / 02:20.556, 800Mb)
Load /ws/output/de/icon_group.png                                                                    (00:00.042 / 02:20.598, 862Mb)
Load /ws/output/de/tbl_bck011.png                                                                    (00:00.000 / 02:20.599, 862Mb)
Load /ws/output/de/tbl_bck1400.png                                                                   (00:00.000 / 02:20.599, 862Mb)
Load /ws/output/de/icon_vd_union.png                                                                 (00:00.000 / 02:20.599, 862Mb)
Load /ws/output/de/capability-statements.html                                                        (00:00.000 / 02:20.600, 862Mb)
Load /ws/output/de/tbl_bck01111010.png                                                               (00:00.003 / 02:20.603, 866Mb)
Load /ws/output/de/tbl_bck03.png                                                                     (00:00.000 / 02:20.603, 866Mb)
Load /ws/output/de/Encounter-AmandaAlzheimerEinrichtungskontakt.md                                   (00:00.000 / 02:20.604, 866Mb)
Load /ws/output/de/icon_latest.png                                                                   (00:00.000 / 02:20.604, 866Mb)
Load /ws/output/de/DocumentReference-AmandaAlzheimerOriginalDokument.xml.html                        (00:00.000 / 02:20.604, 866Mb)
Load /ws/output/de/tbl_bck010.png                                                                    (00:00.008 / 02:20.612, 874Mb)
Load /ws/output/de/icon-q-attachment.png                                                             (00:00.000 / 02:20.613, 874Mb)
Load /ws/output/de/tbl_spacer.png                                                                    (00:00.000 / 02:20.613, 874Mb)
Load /ws/output/de/Encounter-AmandaAlzheimerEinrichtungskontakt.json                                 (00:00.000 / 02:20.614, 874Mb)
Load /ws/output/de/tbl_bck1011.png                                                                   (00:00.000 / 02:20.614, 874Mb)
Load /ws/output/de/tbl_bck00011.png                                                                  (00:00.000 / 02:20.614, 874Mb)
Load /ws/output/de/icon-fhir-720.png                                                                 (00:00.000 / 02:20.615, 874Mb)
Load /ws/output/de/icon-q-reference.png                                                              (00:00.000 / 02:20.615, 874Mb)
Load /ws/output/de/tbl_bck02410.png                                                                  (00:00.000 / 02:20.615, 876Mb)
Load /ws/output/de/Parameters-mii-param-dokument-manifest.html                                       (00:00.000 / 02:20.615, 876Mb)
Load /ws/output/de/tbl_bck10000.png                                                                  (00:00.005 / 02:20.621, 882Mb)
Load /ws/output/de/tbl_bck15150.png                                                                  (00:00.000 / 02:20.621, 882Mb)
Load /ws/output/de/tbl_bck101101.png                                                                 (00:00.000 / 02:20.621, 882Mb)
Load /ws/output/de/tbl_bck15152.png                                                                  (00:00.000 / 02:20.621, 882Mb)
.Load /ws/output/de/Encounter-AmandaAlzheimerVersorgungsstellenKontakt.json                           (00:00.000 / 02:20.622, 882Mb)
Load /ws/output/de/icon_page_n_c.gif                                                                 (00:00.000 / 02:20.622, 882Mb)
Load /ws/output/de/tbl_bck111110.png                                                                 (00:00.000 / 02:20.622, 882Mb)
Load /ws/output/de/tbl_bck011110.png                                                                 (00:00.000 / 02:20.623, 882Mb)
Load /ws/output/de/downloads.md                                                                      (00:00.000 / 02:20.623, 882Mb)
Load /ws/output/de/tbl_bck0331.png                                                                   (00:00.000 / 02:20.623, 882Mb)
Load /ws/output/de/summary.png                                                                       (00:00.000 / 02:20.623, 882Mb)
Load /ws/output/de/tbl_bck0251.png                                                                   (00:00.000 / 02:20.623, 882Mb)
Load /ws/output/de/tbl_bck012.png                                                                    (00:00.000 / 02:20.624, 882Mb)
Load /ws/output/de/icon-q-url.png                                                                    (00:00.000 / 02:20.624, 882Mb)
Load /ws/output/de/version-history.html                                                              (00:00.000 / 02:20.624, 882Mb)
Load /ws/output/de/tbl_bck11240.png                                                                  (00:00.004 / 02:20.628, 886Mb)
Load /ws/output/de/tbl_bck125100.png                                                                 (00:00.000 / 02:20.628, 886Mb)
Load /ws/output/de/CodeSystem-mii-cs-dokument-nlp-processing-status.json.html                        (00:00.000 / 02:20.629, 886Mb)
Load /ws/output/de/tbl_bck01.png                                                                     (00:00.006 / 02:20.635, 892Mb)
Load /ws/output/de/tbl_bck15.png                                                                     (00:00.000 / 02:20.636, 892Mb)
Load /ws/output/de/icon-error.gif                                                                    (00:00.000 / 02:20.636, 892Mb)
Load /ws/output/de/tbl_bck00001100.png                                                               (00:00.000 / 02:20.636, 892Mb)
Load /ws/output/de/tbl_bck0010000.png                                                                (00:00.000 / 02:20.637, 892Mb)
Load /ws/output/de/CodeSystem-mii-cs-dokument-nlp-processing-status.json                             (00:00.000 / 02:20.637, 892Mb)
Load /ws/output/de/tbl_bck0110000.png                                                                (00:00.000 / 02:20.637, 892Mb)
Load /ws/output/de/ValueSet-mii-vs-dokument-fachgebiet.xml                                           (00:00.000 / 02:20.637, 892Mb)
Load /ws/output/de/ValueSet-mii-vs-dokument-einrichtungsart.xml.html                                 (00:00.000 / 02:20.638, 894Mb)
Load /ws/output/de/tbl_bck14.png                                                                     (00:00.005 / 02:20.643, 900Mb)
Load /ws/output/de/ValueSet-mii-vs-dokument-format-code.md                                           (00:00.000 / 02:20.643, 900Mb)
Load /ws/output/de/tbl_bck00.png                                                                     (00:00.000 / 02:20.644, 900Mb)
Load /ws/output/de/tbl_bck000011111100.png                                                           (00:00.000 / 02:20.644, 900Mb)
Load /ws/output/de/DocumentReference-AmandaAlzheimerAnnotiertesDokument.change.history.html          (00:00.000 / 02:20.644, 900Mb)
Load /ws/output/de/Encounter-AmandaAlzheimerVersorgungsstellenKontakt.md                             (00:00.002 / 02:20.647, 902Mb)
Load /ws/output/de/tbl_bck0250.png                                                                   (00:00.000 / 02:20.648, 902Mb)
Load /ws/output/de/tbl_bck0000010.png                                                                (00:00.000 / 02:20.648, 902Mb)
Load /ws/output/de/tbl_bck00001110010.png                                                            (00:00.000 / 02:20.648, 902Mb)
Load /ws/output/de/tbl_bck0330.png                                                                   (00:00.000 / 02:20.648, 902Mb)
Load /ws/output/de/icon-infrastructure.png                                                           (00:00.000 / 02:20.649, 902Mb)
Load /ws/output/de/icon-qi-security.png                                                              (00:00.000 / 02:20.649, 902Mb)
Load /ws/output/de/tbl_bck011111.png                                                                 (00:00.000 / 02:20.649, 902Mb)
Load /ws/output/de/DocumentReference-AmandaAlzheimerDeIdentifiziertesDokument.xml                    (00:00.000 / 02:20.650, 902Mb)
Load /ws/output/de/ValueSet-mii-vs-dokument-einrichtungsart.json.html                                (00:00.001 / 02:20.651, 904Mb)
Load /ws/output/de/Encounter-AmandaAlzheimerEinrichtungskontakt.json.html                            (00:00.004 / 02:20.656, 908Mb)
Load /ws/output/de/tbl_bck101100.png                                                                 (00:00.004 / 02:20.660, 914Mb)
Load /ws/output/de/assets/css/xml.css                                                                (00:00.000 / 02:20.660, 914Mb)
Load /ws/output/de/assets/css/jquery-ui.theme.min.css                                                (00:00.000 / 02:20.660, 914Mb)
Load /ws/output/de/assets/css/cqf.css                                                                (00:00.000 / 02:20.661, 914Mb)
Load /ws/output/de/assets/css/mii.css                                                                (00:00.000 / 02:20.661, 914Mb)
Load /ws/output/de/assets/css/hl7.css                                                                (00:00.000 / 02:20.661, 914Mb)
Load /ws/output/de/assets/css/bootstrap-fhir.css                                                     (00:00.000 / 02:20.662, 914Mb)
Load /ws/output/de/assets/css/prism-fhirpath.css                                                     (00:00.000 / 02:20.662, 914Mb)
Load /ws/output/de/assets/css/jquery-ui.css                                                          (00:00.000 / 02:20.662, 914Mb)
Load /ws/output/de/assets/css/bootstrap-glyphicons.css                                               (00:00.000 / 02:20.662, 914Mb)
Load /ws/output/de/assets/css/prism.css                                                              (00:00.000 / 02:20.663, 914Mb)
Load /ws/output/de/assets/css/jquery-ui.structure.min.css                                            (00:00.000 / 02:20.663, 914Mb)
Load /ws/output/de/assets/css/pygments-manni.css                                                     (00:00.000 / 02:20.663, 914Mb)
Load /ws/output/de/assets/css/project.css                                                            (00:00.000 / 02:20.664, 914Mb)
Load /ws/output/de/assets/images/icon_arrow_up.png                                                   (00:00.000 / 02:20.664, 914Mb)
Load /ws/output/de/assets/images/deu.svg                                                             (00:00.000 / 02:20.664, 914Mb)
Load /ws/output/de/assets/images/external.png                                                        (00:00.000 / 02:20.664, 914Mb)
.Load /ws/output/de/assets/images/fhir-logo-www.png                                                   (00:00.000 / 02:20.665, 914Mb)
Load /ws/output/de/assets/images/download.png                                                        (00:00.000 / 02:20.665, 914Mb)
Load /ws/output/de/assets/images/logo-en.svg                                                         (00:00.000 / 02:20.665, 914Mb)
Load /ws/output/de/assets/images/link.svg                                                            (00:00.014 / 02:20.680, 932Mb)
Load /ws/output/de/assets/images/dragon.png                                                          (00:00.000 / 02:20.680, 932Mb)
Load /ws/output/de/assets/images/lang-es.png                                                         (00:00.000 / 02:20.680, 932Mb)
Load /ws/output/de/assets/images/lang-de.png                                                         (00:00.000 / 02:20.681, 932Mb)
Load /ws/output/de/assets/images/001.svg                                                             (00:00.000 / 02:20.681, 932Mb)
Load /ws/output/de/assets/images/target.png                                                          (00:00.001 / 02:20.683, 934Mb)
Load /ws/output/de/assets/images/fcp-logo.png                                                        (00:00.000 / 02:20.683, 934Mb)
Load /ws/output/de/assets/images/lang-pt.png                                                         (00:00.000 / 02:20.683, 934Mb)
Load /ws/output/de/assets/images/search.png                                                          (00:00.000 / 02:20.683, 934Mb)
Load /ws/output/de/assets/images/lang-en.png                                                         (00:00.000 / 02:20.684, 934Mb)
Load /ws/output/de/assets/images/lang-ja.png                                                         (00:00.000 / 02:20.684, 934Mb)
Load /ws/output/de/assets/images/lang-kr.png                                                         (00:00.000 / 02:20.684, 934Mb)
Load /ws/output/de/assets/images/logo_ansinew.jpg                                                    (00:00.000 / 02:20.684, 934Mb)
Load /ws/output/de/assets/images/logo-de.svg                                                         (00:00.000 / 02:20.684, 934Mb)
Load /ws/output/de/assets/images/lang-pt_BR.png                                                      (00:00.007 / 02:20.692, 944Mb)
Load /ws/output/de/assets/images/lang-fr.png                                                         (00:00.000 / 02:20.693, 944Mb)
Load /ws/output/de/assets/images/lang-ru.png                                                         (00:00.000 / 02:20.693, 944Mb)
Load /ws/output/de/assets/images/lang-ar.png                                                         (00:00.000 / 02:20.694, 944Mb)
Load /ws/output/de/assets/images/stripe.png                                                          (00:00.000 / 02:20.694, 944Mb)
Load /ws/output/de/assets/images/hl7-logo-header.png                                                 (00:00.000 / 02:20.694, 944Mb)
Load /ws/output/de/assets/images/lang-nl.png                                                         (00:00.000 / 02:20.694, 944Mb)
Load /ws/output/de/assets/images/lang-zh.png                                                         (00:00.000 / 02:20.694, 944Mb)
Load /ws/output/de/assets/images/lang-zh-TW.png                                                      (00:00.000 / 02:20.695, 944Mb)
Load /ws/output/de/assets/images/icon_arrow_down.png                                                 (00:00.000 / 02:20.695, 944Mb)
Load /ws/output/de/assets/js/html5shiv.js                                                            (00:00.000 / 02:20.695, 944Mb)
Load /ws/output/de/assets/js/flags.js                                                                (00:00.000 / 02:20.695, 944Mb)
Load /ws/output/de/assets/js/prism.js                                                                (00:00.000 / 02:20.696, 944Mb)
Load /ws/output/de/assets/js/mermaid.js                                                              (00:00.000 / 02:20.696, 944Mb)
Load /ws/output/de/assets/js/jquery-ui.min.js                                                        (00:00.000 / 02:20.696, 944Mb)
Load /ws/output/de/assets/js/clipboard-btn.js                                                        (00:00.000 / 02:20.697, 944Mb)
Load /ws/output/de/assets/js/respond.min.js                                                          (00:00.000 / 02:20.697, 944Mb)
Load /ws/output/de/assets/js/prism-fhirpath.js                                                       (00:00.000 / 02:20.697, 944Mb)
Load /ws/output/de/assets/js/xml.js                                                                  (00:00.000 / 02:20.697, 944Mb)
Load /ws/output/de/assets/js/window-hash.js                                                          (00:00.000 / 02:20.698, 944Mb)
Load /ws/output/de/assets/js/clipboard.min.js                                                        (00:00.000 / 02:20.698, 944Mb)
Load /ws/output/de/assets/js/tabs.js                                                                 (00:00.000 / 02:20.698, 944Mb)
Load /ws/output/de/assets/js/jquery-3.7.0.min.map                                                    (00:00.000 / 02:20.699, 944Mb)
Load /ws/output/de/assets/js/mermaid-init.js                                                         (00:00.000 / 02:20.699, 944Mb)
Load /ws/output/de/assets/js/bootstrap.min.js                                                        (00:00.000 / 02:20.699, 944Mb)
Load /ws/output/de/assets/js/fhir-table-scripts.js                                                   (00:00.000 / 02:20.699, 944Mb)
Load /ws/output/de/assets/js/anchor.min.js                                                           (00:00.000 / 02:20.700, 944Mb)
Load /ws/output/de/assets/js/topofpage.js                                                            (00:00.000 / 02:20.700, 944Mb)
Load /ws/output/de/assets/js/fhir.js                                                                 (00:00.000 / 02:20.700, 944Mb)
Load /ws/output/de/assets/js/readme.txt                                                              (00:00.000 / 02:20.700, 944Mb)
Load /ws/output/de/assets/js/lang-redirects.js                                                       (00:00.000 / 02:20.700, 944Mb)
Load /ws/output/de/assets/js/direction-management.js                                                 (00:00.000 / 02:20.701, 944Mb)
Load /ws/output/de/assets/js/anchor-hover.js                                                         (00:00.000 / 02:20.701, 944Mb)
Load /ws/output/de/assets/js/jquery.js                                                               (00:00.000 / 02:20.701, 944Mb)
Load /ws/output/de/assets/fonts/OpenSans-CondBold-webfont.svg                                        (00:00.000 / 02:20.701, 944Mb)
Load /ws/output/de/assets/fonts/glyphiconshalflings-regular.otf                                      (00:00.017 / 02:20.718, 970Mb)
Load /ws/output/de/assets/fonts/OpenSans-CondLight-webfont.eot                                       (00:00.000 / 02:20.719, 970Mb)
Load /ws/output/de/assets/fonts/glyphiconshalflings-regular.eot                                      (00:00.000 / 02:20.719, 970Mb)
Load /ws/output/de/assets/fonts/OpenSans-CondLight-webfont.ttf                                       (00:00.000 / 02:20.720, 970Mb)
.Load /ws/output/de/assets/fonts/glyphiconshalflings-regular.ttf                                      (00:00.000 / 02:20.720, 970Mb)
Load /ws/output/de/assets/fonts/OpenSans-CondLight-webfont.woff                                      (00:00.000 / 02:20.720, 970Mb)
Load /ws/output/de/assets/fonts/glyphiconshalflings-regular.woff                                     (00:00.000 / 02:20.720, 970Mb)
Load /ws/output/de/assets/fonts/OpenSans-CondBold-webfont.ttf                                        (00:00.000 / 02:20.721, 970Mb)
Load /ws/output/de/assets/fonts/OpenSans-CondBold-webfont.woff                                       (00:00.000 / 02:20.721, 970Mb)
Load /ws/output/de/assets/fonts/OpenSans-CondLight-webfont.svg                                       (00:00.000 / 02:20.722, 970Mb)
Load /ws/output/de/assets/fonts/glyphiconshalflings-regular.svg                                      (00:00.017 / 02:20.739, 1002Mb)
Load /ws/output/de/assets/fonts/OpenSans-CondBold-webfont.eot                                        (00:00.007 / 02:20.746, 1012Mb)
Load /ws/output/de/assets/ico/icon-fhir-114.png                                                      (00:00.000 / 02:20.746, 1012Mb)
Load /ws/output/de/assets/ico/icon-fhir-72.png                                                       (00:00.000 / 02:20.747, 1012Mb)
Load /ws/output/de/assets/ico/icon-fhir-144.png                                                      (00:00.000 / 02:20.747, 1012Mb)
Load /ws/output/de/assets/ico/favicon.png                                                            (00:00.000 / 02:20.747, 1012Mb)
Load /ws/output/de/assets/ico/noun_copy to clipboard_1669410.png                                     (00:00.000 / 02:20.748, 1012Mb)
Load /ws/output/de/assets/ico/icon-fhir-57.png                                                       (00:00.000 / 02:20.748, 1012Mb)
Load /ws/output/de/tbl_bck101110.png                                                                 (00:00.000 / 02:20.748, 1012Mb)
Load /ws/output/de/StructureDefinition-mii-lm-dokument.xml                                           (00:00.000 / 02:20.748, 1012Mb)
Load /ws/output/de/tbl_bck05152.png                                                                  (00:00.007 / 02:20.756, 1Gb)
Load /ws/output/de/tbl_bck111101.png                                                                 (00:00.000 / 02:20.756, 1Gb)
Load /ws/output/de/tbl_bck0320.png                                                                   (00:00.000 / 02:20.757, 1Gb)
Load /ws/output/de/icon-fhir-24.png                                                                  (00:00.000 / 02:20.757, 1Gb)
Load /ws/output/de/StructureDefinition-mii-pr-dokument-dokument.md                                   (00:00.000 / 02:20.757, 1Gb)
Load /ws/output/de/StructureDefinition-mii-ex-dokument-nlp-processing-status-definitions.html        (00:00.000 / 02:20.758, 1Gb)
Load /ws/output/de/icon-q-string.png                                                                 (00:00.017 / 02:20.776, 1Gb)
Load /ws/output/de/tbl_bck0240.png                                                                   (00:00.000 / 02:20.776, 1Gb)
Load /ws/output/de/tbl_bck0000000.png                                                                (00:00.000 / 02:20.776, 1Gb)
Load /ws/output/de/tbl_bck00001110000.png                                                            (00:00.000 / 02:20.777, 1Gb)
Load /ws/output/de/tbl_bck000011111110.png                                                           (00:00.000 / 02:20.777, 1Gb)
Load /ws/output/de/tbl_bck04.png                                                                     (00:00.000 / 02:20.777, 1Gb)
Load /ws/output/de/tbl_bck00001111.png                                                               (00:00.000 / 02:20.778, 1Gb)
Load /ws/output/de/tbl_bck10.png                                                                     (00:00.000 / 02:20.778, 1Gb)
Load /ws/output/de/tbl_bck125110.png                                                                 (00:00.000 / 02:20.779, 1Gb)
Load /ws/output/de/Encounter-AmandaAlzheimerAbteilungskontakt.json                                   (00:00.000 / 02:20.779, 1Gb)
Load /ws/output/de/tbl_bck11.png                                                                     (00:00.000 / 02:20.779, 1Gb)
Load /ws/output/de/tbl_bck05.png                                                                     (00:00.000 / 02:20.779, 1Gb)
Load /ws/output/de/tbl_bck00001110.png                                                               (00:00.000 / 02:20.780, 1Gb)
Load /ws/output/de/tbl_bck0010010.png                                                                (00:00.000 / 02:20.780, 1Gb)
Load /ws/output/de/tbl_bck0110010.png                                                                (00:00.000 / 02:20.780, 1Gb)
Load /ws/output/de/ValueSet-mii-vs-dokument-sct-dokument-typ.json.html                               (00:00.000 / 02:20.781, 1Gb)
Load /ws/output/de/tbl_vline.png                                                                     (00:00.002 / 02:20.783, 1Gb)
Load /ws/output/de/tbl_bck11250.png                                                                  (00:00.000 / 02:20.784, 1Gb)
Load /ws/output/de/ValueSet-mii-vs-dokument-sct-dokument-typ.html                                    (00:00.000 / 02:20.784, 1Gb)
Load /ws/output/de/CodeSystem-mii-cs-dokument-nlp-processing-status.xml                              (00:00.002 / 02:20.787, 1Gb)
Load /ws/output/de/tbl_bck0241.png                                                                   (00:00.000 / 02:20.788, 1Gb)
Load /ws/output/de/DocumentReference-AmandaAlzheimerDeIdentifiziertesDokument.md                     (00:00.000 / 02:20.788, 1Gb)
Load /ws/output/de/icon_slice_item.png                                                               (00:00.000 / 02:20.788, 1Gb)
Load /ws/output/de/ValueSet-mii-vs-dokument-einrichtungsart.json                                     (00:00.000 / 02:20.788, 1Gb)
Load /ws/output/de/tbl_bck111100.png                                                                 (00:00.000 / 02:20.789, 1Gb)
Load /ws/output/de/tbl_bck011100.png                                                                 (00:00.000 / 02:20.789, 1Gb)
Load /ws/output/de/icon_page_n_p.gif                                                                 (00:00.000 / 02:20.789, 1Gb)
Load /ws/output/de/tbl_vjoin_end.png                                                                 (00:00.000 / 02:20.790, 1Gb)
Load /ws/output/de/CapabilityStatement-mii-cps-dokument-capabilitystatement-testing.html             (00:00.000 / 02:20.790, 1Gb)
Load /ws/output/de/tbl_bck101111.png                                                                 (00:00.002 / 02:20.792, 1Gb)
Load /ws/output/de/general-requirements.md                                                           (00:00.000 / 02:20.792, 1Gb)
Load /ws/output/de/tbl_bck02400.png                                                                  (00:00.000 / 02:20.793, 1Gb)
Load /ws/output/de/terminology.html                                                                  (00:00.000 / 02:20.793, 1Gb)
Load /ws/output/de/tbl_bck10010.png                                                                  (00:00.003 / 02:20.796, 1Gb)
.Load /ws/output/de/tbl_bck15140.png                                                                  (00:00.000 / 02:20.797, 1Gb)
Load /ws/output/de/icon_resource.png                                                                 (00:00.000 / 02:20.797, 1Gb)
Load /ws/output/de/profiles-and-extensions.html                                                      (00:00.000 / 02:20.797, 1Gb)
Load /ws/output/de/tbl_bck00001.png                                                                  (00:00.684 / 02:21.481, 1Gb)
Load /ws/output/de/tbl_bck15424.png                                                                  (00:00.000 / 02:21.482, 1Gb)
Load /ws/output/de/DocumentReference-AmandaAlzheimerOriginalDokument.json                            (00:00.000 / 02:21.483, 1Gb)
Load /ws/output/de/tbl_bck1001.png                                                                   (00:00.000 / 02:21.483, 1Gb)
Load /ws/output/de/icon_modifier_extension_complex.png                                               (00:00.000 / 02:21.484, 1Gb)
Load /ws/output/de/tbl_bck000.png                                                                    (00:00.000 / 02:21.484, 1Gb)
Load /ws/output/de/Informationsmodell.png                                                            (00:00.000 / 02:21.484, 1Gb)
Load /ws/output/de/tbl_bck11252.png                                                                  (00:00.000 / 02:21.485, 1Gb)
Load /ws/output/de/ValueSet-mii-vs-dokument-nlp-processing-status.change.history.html                (00:00.000 / 02:21.485, 1Gb)
Load /ws/output/de/tbl_bck13.png                                                                     (00:00.003 / 02:21.489, 1Gb)
Load /ws/output/de/tbl_blank.png                                                                     (00:00.000 / 02:21.489, 1Gb)
Load /ws/output/de/tbl_bck1410.png                                                                   (00:00.000 / 02:21.490, 1Gb)
Load /ws/output/de/tbl_bck12.png                                                                     (00:00.000 / 02:21.490, 1Gb)
Load /ws/output/de/icon-q-time.png                                                                   (00:00.000 / 02:21.490, 1Gb)
Load /ws/output/de/tbl_bck01111001.png                                                               (00:00.000 / 02:21.491, 1Gb)
Load /ws/output/de/Encounter-AmandaAlzheimerEinrichtungskontakt.change.history.html                  (00:00.000 / 02:21.491, 1Gb)
Load /ws/output/de/DocumentReference-AmandaAlzheimerDeIdentifiziertesDokument.json                   (00:00.002 / 02:21.494, 1Gb)
Load /ws/output/de/icon-qi-horizontal.png                                                            (00:00.000 / 02:21.494, 1Gb)
Load /ws/output/de/StructureDefinition-mii-ex-dokument-nlp-processing-status.profile.history.html    (00:00.000 / 02:21.495, 1Gb)
Load /ws/output/de/tbl_bck001.png                                                                    (00:00.003 / 02:21.498, 1Gb)
Load /ws/output/de/fhir.css                                                                          (00:00.000 / 02:21.499, 1Gb)
Load /ws/output/de/Patient-AmandaAlzheimer.json                                                      (00:00.000 / 02:21.499, 1Gb)
Load /ws/output/de/StructureDefinition-mii-pr-dokument-dokument.profile.json.html                    (00:00.000 / 02:21.500, 1Gb)
Load /ws/output/de/tbl_vline_slicer.png                                                              (00:00.184 / 02:21.685, 1Gb)
Load /ws/output/de/tbl_bck1000.png                                                                   (00:00.001 / 02:21.686, 1Gb)
Load /ws/output/de/icon-fhir-32.png                                                                  (00:00.000 / 02:21.687, 1Gb)
Load /ws/output/de/Encounter-AmandaAlzheimerVersorgungsstellenKontakt.change.history.html            (00:00.000 / 02:21.687, 1Gb)
Load /ws/output/de/tbl_bck05150.png                                                                  (00:00.002 / 02:21.690, 1Gb)
Load /ws/output/de/icon_q_item.png                                                                   (00:00.000 / 02:21.690, 1Gb)
Load /ws/output/de/tbl_bck00000.png                                                                  (00:00.000 / 02:21.691, 1Gb)
Load /ws/output/de/tbl_bck12410.png                                                                  (00:00.000 / 02:21.691, 1Gb)
Load /ws/output/de/tbl_bck10011.png                                                                  (00:00.000 / 02:21.691, 1Gb)
Load /ws/output/codesystem-list.json                                                                 (00:00.000 / 02:21.692, 1Gb)
Load /ws/output/tbl_bck111000.png                                                                    (00:00.000 / 02:21.692, 1Gb)
Load /ws/output/tbl_bck011000.png                                                                    (00:00.000 / 02:21.692, 1Gb)
Load /ws/output/datasets-and-descriptions.html                                                       (00:00.000 / 02:21.693, 1Gb)
Load /ws/output/StructureDefinition-mii-ex-dokument-nlp-processing-status.csv                        (00:00.000 / 02:21.694, 1Gb)
Load /ws/output/ValueSet-mii-vs-dokument-sct-dokument-kategorie.html                                 (00:00.000 / 02:21.694, 1Gb)
Load /ws/output/tbl_bck0000101.png                                                                   (00:00.000 / 02:21.695, 1Gb)
Load /ws/output/tbl_bck0341.png                                                                      (00:00.000 / 02:21.695, 1Gb)
Load /ws/output/examples.html                                                                        (00:00.000 / 02:21.695, 1Gb)
Load /ws/output/ValueSet-mii-vs-dokument-nlp-processing-status.html                                  (00:00.000 / 02:21.696, 1Gb)
Load /ws/output/ValueSet-mii-vs-dokument-fachgebiet.json                                             (00:00.000 / 02:21.697, 1Gb)
Load /ws/output/tbl_bck00001010.png                                                                  (00:00.000 / 02:21.697, 1Gb)
Load /ws/output/tbl_bck025010.png                                                                    (00:00.000 / 02:21.697, 1Gb)
Load /ws/output/Encounter-AmandaAlzheimerEinrichtungskontakt.xml                                     (00:00.000 / 02:21.698, 1Gb)
Load /ws/output/tbl_bck0110110.png                                                                   (00:00.000 / 02:21.698, 1Gb)
Load /ws/output/tbl_bck11350.png                                                                     (00:00.000 / 02:21.698, 1Gb)
Load /ws/output/StructureDefinition-mii-pr-dokument-dokument.json                                    (00:00.000 / 02:21.699, 1Gb)
Load /ws/output/tbl_bck000011111011.png                                                              (00:00.000 / 02:21.699, 1Gb)
Load /ws/output/package.manifest.json                                                                (00:00.000 / 02:21.699, 1Gb)
Load /ws/output/tbl_bck10001.png                                                                     (00:00.000 / 02:21.700, 1Gb)
Load /ws/output/tbl_bck05140.png                                                                     (00:00.000 / 02:21.700, 1Gb)
.Load /ws/output/tbl_bck00010.png                                                                     (00:00.000 / 02:21.701, 1Gb)
Load /ws/output/tbl_bck12400.png                                                                     (00:00.000 / 02:21.701, 1Gb)
Load /ws/output/tbl_bck1010.png                                                                      (00:00.000 / 02:21.701, 1Gb)
Load /ws/output/expansions.xml                                                                       (00:00.000 / 02:21.702, 1Gb)
Load /ws/output/icon-q-choice.png                                                                    (00:00.004 / 02:21.706, 1Gb)
Load /ws/output/StructureDefinition-mii-lm-dokument-definitions.html                                 (00:00.000 / 02:21.706, 1Gb)
Load /ws/output/icon_group.png                                                                       (00:00.000 / 02:21.707, 1Gb)
Load /ws/output/tbl_bck011.png                                                                       (00:00.000 / 02:21.707, 1Gb)
Load /ws/output/tbl_bck1400.png                                                                      (00:00.000 / 02:21.708, 1Gb)
Load /ws/output/icon_vd_union.png                                                                    (00:00.000 / 02:21.708, 1Gb)
Load /ws/output/capability-statements.html                                                           (00:00.000 / 02:21.708, 1Gb)
Load /ws/output/tbl_bck01111010.png                                                                  (00:00.000 / 02:21.709, 1Gb)
Load /ws/output/tbl_bck03.png                                                                        (00:00.000 / 02:21.709, 1Gb)
Load /ws/output/icon_latest.png                                                                      (00:00.000 / 02:21.710, 1Gb)
Load /ws/output/DocumentReference-AmandaAlzheimerOriginalDokument.xml.html                           (00:00.000 / 02:21.710, 1Gb)
Load /ws/output/tbl_bck010.png                                                                       (00:00.000 / 02:21.711, 1Gb)
Load /ws/output/icon-q-attachment.png                                                                (00:00.000 / 02:21.711, 1Gb)
Load /ws/output/tbl_spacer.png                                                                       (00:00.000 / 02:21.711, 1Gb)
Load /ws/output/Encounter-AmandaAlzheimerEinrichtungskontakt.json                                    (00:00.000 / 02:21.711, 1Gb)
Load /ws/output/tbl_bck1011.png                                                                      (00:00.000 / 02:21.712, 1Gb)
Load /ws/output/tbl_bck00011.png                                                                     (00:00.000 / 02:21.712, 1Gb)
Load /ws/output/icon-fhir-720.png                                                                    (00:00.000 / 02:21.712, 1Gb)
Load /ws/output/icon-q-reference.png                                                                 (00:00.000 / 02:21.713, 1Gb)
Load /ws/output/tbl_bck02410.png                                                                     (00:00.000 / 02:21.713, 1Gb)
Load /ws/output/Parameters-mii-param-dokument-manifest.html                                          (00:00.000 / 02:21.713, 1Gb)
Load /ws/output/tbl_bck10000.png                                                                     (00:00.000 / 02:21.714, 1Gb)
Load /ws/output/tbl_bck15150.png                                                                     (00:00.000 / 02:21.714, 1Gb)
Load /ws/output/tbl_bck101101.png                                                                    (00:00.000 / 02:21.714, 1Gb)
Load /ws/output/tbl_bck15152.png                                                                     (00:00.000 / 02:21.714, 1Gb)
Load /ws/output/tbl_bck11320.png                                                                     (00:00.000 / 02:21.715, 1Gb)
Load /ws/output/en/DocumentReference-AmandaAlzheimerDeIdentifiziertesDokument.html                   (00:00.000 / 02:21.715, 1Gb)
Load /ws/output/en/tbl_bck01111.png                                                                  (00:00.002 / 02:21.718, 1Gb)
Load /ws/output/en/Patient-AmandaAlzheimer.html                                                      (00:00.000 / 02:21.718, 1Gb)
Load /ws/output/en/icon_page_n_i.gif                                                                 (00:00.002 / 02:21.721, 1Gb)
Load /ws/output/en/researcher-guidance.html                                                          (00:00.000 / 02:21.722, 1Gb)
Load /ws/output/en/tbl_bck0111.png                                                                   (00:00.002 / 02:21.724, 1Gb)
Load /ws/output/en/logical-models.md                                                                 (00:00.000 / 02:21.724, 1Gb)
Load /ws/output/en/tbl_bck11100.png                                                                  (00:00.000 / 02:21.725, 1Gb)
Load /ws/output/en/tbl_bck03510.png                                                                  (00:00.000 / 02:21.725, 1Gb)
Load /ws/output/en/ValueSet-mii-vs-dokument-sct-dokument-typ.xml                                     (00:00.000 / 02:21.726, 1Gb)
Load /ws/output/en/tbl_bck1025.png                                                                   (00:00.000 / 02:21.726, 1Gb)
Load /ws/output/en/icon-administration.png                                                           (00:00.000 / 02:21.727, 1Gb)
Load /ws/output/en/tbl_bck150.png                                                                    (00:00.000 / 02:21.727, 1Gb)
Load /ws/output/en/llms.txt                                                                          (00:00.000 / 02:21.728, 1Gb)
Load /ws/output/en/translationinfo.html                                                              (00:00.000 / 02:21.728, 1Gb)
Load /ws/output/en/tbl_bck0000111101.png                                                             (00:00.003 / 02:21.732, 1Gb)
Load /ws/output/en/searchform.html                                                                   (00:00.000 / 02:21.733, 1Gb)
Load /ws/output/en/tbl_bck1001010.png                                                                (00:00.001 / 02:21.734, 1Gb)
Load /ws/output/en/tbl_bck0515.png                                                                   (00:00.000 / 02:21.734, 1Gb)
Load /ws/output/en/icon-fhir-16-grey.png                                                             (00:00.000 / 02:21.735, 1Gb)
Load /ws/output/en/ValueSet-mii-vs-dokument-format-code.json.html                                    (00:00.000 / 02:21.736, 1Gb)
Load /ws/output/en/ImplementationGuide-mii-ig-dokument.json                                          (00:00.003 / 02:21.739, 1Gb)
Load /ws/output/en/profiles-and-extensions.md                                                        (00:00.000 / 02:21.739, 1Gb)
Load /ws/output/en/tbl_bck1011001.png                                                                (00:00.000 / 02:21.740, 1Gb)
Load /ws/output/en/tbl_bck1111000.png                                                                (00:00.000 / 02:21.740, 1Gb)
Load /ws/output/en/tbl_bck1011000.png                                                                (00:00.000 / 02:21.740, 1Gb)
.Load /ws/output/en/DocumentReference-AmandaAlzheimerOriginalDokument.html                            (00:00.000 / 02:21.741, 1Gb)
Load /ws/output/en/examples.md                                                                       (00:00.003 / 02:21.744, 1Gb)
Load /ws/output/en/icon-qi-help.png                                                                  (00:00.000 / 02:21.744, 1Gb)
Load /ws/output/en/icon_profile.png                                                                  (00:00.001 / 02:21.746, 1Gb)
Load /ws/output/en/tbl_bck025.png                                                                    (00:00.000 / 02:21.746, 1Gb)
Load /ws/output/en/tbl_bck0500.png                                                                   (00:00.000 / 02:21.747, 1Gb)
Load /ws/output/en/tbl_bck1150.png                                                                   (00:00.000 / 02:21.747, 1Gb)
Load /ws/output/en/tbl_bck0000111100.png                                                             (00:00.000 / 02:21.747, 1Gb)
Load /ws/output/en/ExterneDokumentennutzung.png                                                      (00:00.000 / 02:21.747, 1Gb)
Load /ws/output/en/StructureDefinition-mii-ex-dokument-nlp-processing-status.md                      (00:00.000 / 02:21.748, 1Gb)
Load /ws/output/en/tbl_bck151.png                                                                    (00:00.000 / 02:21.748, 1Gb)
Load /ws/output/en/icon_page_n.gif                                                                   (00:00.000 / 02:21.748, 1Gb)
Load /ws/output/en/ValueSet-mii-vs-dokument-format-code.xml.html                                     (00:00.000 / 02:21.748, 1Gb)
Load /ws/output/en/icon-fhir-16.png                                                                  (00:00.006 / 02:21.754, 1Gb)
Load /ws/output/en/external.png                                                                      (00:00.000 / 02:21.755, 1Gb)
Load /ws/output/en/tbl_bck11101.png                                                                  (00:00.000 / 02:21.755, 1Gb)
Load /ws/output/en/tbl_bck0110.png                                                                   (00:00.000 / 02:21.756, 1Gb)
Load /ws/output/en/tbl_bck1540.png                                                                   (00:00.000 / 02:21.756, 1Gb)
Load /ws/output/en/artifacts.html                                                                    (00:00.000 / 02:21.757, 1Gb)
Load /ws/output/en/tbl_bck01110.png                                                                  (00:00.021 / 02:21.779, 1Gb)
Load /ws/output/en/tbl_bck0350250.png                                                                (00:00.000 / 02:21.779, 1Gb)
Load /ws/output/en/tbl_bck0250250.png                                                                (00:00.000 / 02:21.779, 1Gb)
Load /ws/output/en/ValueSet-mii-vs-dokument-sct-dokument-typ.json                                    (00:00.000 / 02:21.780, 1Gb)
Load /ws/output/en/DocumentReference-AmandaAlzheimerDeIdentifiziertesDokument.xml.html               (00:00.000 / 02:21.780, 1Gb)
Load /ws/output/en/icon_reference.png                                                                (00:00.006 / 02:21.787, 1Gb)
Load /ws/output/en/ValueSet-mii-vs-dokument-nlp-processing-status.md                                 (00:00.000 / 02:21.787, 1Gb)
Load /ws/output/en/tbl_bck03513.png                                                                  (00:00.000 / 02:21.787, 1Gb)
Load /ws/output/en/Encounter-AmandaAlzheimerAbteilungskontakt.html                                   (00:00.000 / 02:21.788, 1Gb)
Load /ws/output/en/tbl_bck100000.png                                                                 (00:00.005 / 02:21.793, 1Gb)
Load /ws/output/en/tbl_bck000000.png                                                                 (00:00.000 / 02:21.793, 1Gb)
Load /ws/output/en/ai.zip                                                                            (00:00.000 / 02:21.794, 1Gb)
Load /ws/output/en/tbl_bck000011110000.png                                                           (00:00.000 / 02:21.794, 1Gb)
Load /ws/output/en/tbl_vjoin-closed.png                                                              (00:00.000 / 02:21.794, 1Gb)
Load /ws/output/en/tbl_bck1152.png                                                                   (00:00.000 / 02:21.795, 1Gb)
Load /ws/output/en/tbl_bck0111101.png                                                                (00:00.000 / 02:21.795, 1Gb)
Load /ws/output/en/tbl_bck033.png                                                                    (00:00.000 / 02:21.796, 1Gb)
Load /ws/output/en/ValueSet-mii-vs-dokument-einrichtungsart.html                                     (00:00.000 / 02:21.796, 1Gb)
Load /ws/output/en/prism.js                                                                          (00:00.003 / 02:21.799, 1Gb)
Load /ws/output/en/StructureDefinition-mii-pr-dokument-dokument-mappings.html                        (00:00.000 / 02:21.799, 1Gb)
Load /ws/output/en/tbl_bck00001111110.png                                                            (00:00.062 / 02:21.862, 1Gb)
Load /ws/output/en/conformance.md                                                                    (00:00.000 / 02:21.862, 1Gb)
Load /ws/output/en/tbl_bck00001111111.png                                                            (00:00.000 / 02:21.863, 1Gb)
Load /ws/output/en/DocumentReference-AmandaAlzheimerDeIdentifiziertesDokument.json.html              (00:00.000 / 02:21.863, 1Gb)
Load /ws/output/en/mustsupport.png                                                                   (00:00.004 / 02:21.868, 1Gb)
Load /ws/output/en/icon_vd_col.png                                                                   (00:00.000 / 02:21.868, 1Gb)
Load /ws/output/en/tbl_bck0111100.png                                                                (00:00.000 / 02:21.869, 1Gb)
Load /ws/output/en/tbl_bck035125.png                                                                 (00:00.000 / 02:21.869, 1Gb)
Load /ws/output/en/StructureDefinition-mii-lm-dokument.profile.xml.html                              (00:00.000 / 02:21.869, 1Gb)
Load /ws/output/en/Encounter-AmandaAlzheimerAbteilungskontakt.xml.html                               (00:00.048 / 02:21.918, 591Mb)
Load /ws/output/en/ValueSet-mii-vs-dokument-nlp-processing-status.xml                                (00:00.003 / 02:21.922, 595Mb)
Load /ws/output/en/tbl_bck03300.png                                                                  (00:00.000 / 02:21.922, 595Mb)
Load /ws/output/en/tbl_bck152.png                                                                    (00:00.000 / 02:21.923, 595Mb)
Load /ws/output/en/tbl_bck000001.png                                                                 (00:00.000 / 02:21.923, 595Mb)
Load /ws/output/en/tbl_bck03512.png                                                                  (00:00.000 / 02:21.923, 595Mb)
Load /ws/output/en/icon_vd_select.png                                                                (00:00.000 / 02:21.923, 595Mb)
Load /ws/output/en/tbl_bck1543.png                                                                   (00:00.000 / 02:21.924, 595Mb)
.Load /ws/output/en/guidance.html                                                                     (00:00.000 / 02:21.924, 597Mb)
Load /ws/output/en/Encounter-AmandaAlzheimerAbteilungskontakt.xml                                    (00:00.002 / 02:21.926, 599Mb)
Load /ws/output/en/tbl_bck110010.png                                                                 (00:00.000 / 02:21.927, 599Mb)
Load /ws/output/en/icon-toc.png                                                                      (00:00.000 / 02:21.927, 599Mb)
Load /ws/output/en/tbl_bck110000.png                                                                 (00:00.000 / 02:21.928, 599Mb)
Load /ws/output/en/Encounter-AmandaAlzheimerAbteilungskontakt.change.history.html                    (00:00.000 / 02:21.928, 599Mb)
Load /ws/output/en/NLP-Pipeline.png                                                                  (00:00.002 / 02:21.930, 603Mb)
Load /ws/output/en/Parameters-mii-param-dokument-manifest.json.html                                  (00:00.000 / 02:21.930, 603Mb)
Load /ws/output/en/icon_page_n_o.gif                                                                 (00:00.004 / 02:21.935, 611Mb)
Load /ws/output/en/must-support.html                                                                 (00:00.000 / 02:21.935, 611Mb)
Load /ws/output/en/tbl_bck000011.png                                                                 (00:00.002 / 02:21.938, 615Mb)
Load /ws/output/en/Encounter-AmandaAlzheimerVersorgungsstellenKontakt.xml                            (00:00.000 / 02:21.938, 615Mb)
Load /ws/output/en/ImplementationGuide-mii-ig-dokument.md                                            (00:00.000 / 02:21.938, 615Mb)
Load /ws/output/en/Patient-AmandaAlzheimer.xml                                                       (00:00.000 / 02:21.939, 615Mb)
Load /ws/output/en/implementer-guidance.html                                                         (00:00.000 / 02:21.939, 615Mb)
Load /ws/output/en/ImplementationGuide-mii-ig-dokument.xml                                           (00:00.006 / 02:21.945, 625Mb)
Load /ws/output/en/uml-diagrams.md                                                                   (00:00.003 / 02:21.949, 629Mb)
Load /ws/output/en/icon-fhir-128.png                                                                 (00:00.000 / 02:21.949, 629Mb)
Load /ws/output/en/tbl_bck03310.png                                                                  (00:00.000 / 02:21.949, 629Mb)
Load /ws/output/en/index.html                                                                        (00:00.000 / 02:21.950, 629Mb)
Load /ws/output/en/tbl_bck0111110.png                                                                (00:00.003 / 02:21.953, 635Mb)
Load /ws/output/en/tbl_vjoin.png                                                                     (00:00.000 / 02:21.953, 635Mb)
Load /ws/output/en/tbl_bck00001111101.png                                                            (00:00.000 / 02:21.953, 635Mb)
Load /ws/output/en/tbl_vjoin_end_slice.png                                                           (00:00.000 / 02:21.953, 635Mb)
Load /ws/output/en/tbl_bck025125.png                                                                 (00:00.000 / 02:21.954, 635Mb)
Load /ws/output/en/icon-q-text.png                                                                   (00:00.000 / 02:21.954, 635Mb)
Load /ws/output/en/tbl_bck00001111100.png                                                            (00:00.000 / 02:21.954, 635Mb)
Load /ws/output/en/icon-q-display.png                                                                (00:00.000 / 02:21.955, 635Mb)
Load /ws/output/en/icon-fhir-1024.png                                                                (00:00.000 / 02:21.955, 635Mb)
Load /ws/output/en/Encounter-AmandaAlzheimerVersorgungsstellenKontakt.html                           (00:00.000 / 02:21.955, 635Mb)
Load /ws/output/en/tbl_bck0512.png                                                                   (00:00.002 / 02:21.957, 639Mb)
Load /ws/output/en/tbl_bck000011110010.png                                                           (00:00.000 / 02:21.958, 639Mb)
Load /ws/output/en/conformance.html                                                                  (00:00.000 / 02:21.958, 639Mb)
Load /ws/output/en/StructureDefinition-mii-pr-dokument-dokument-examples.html                        (00:00.002 / 02:21.961, 643Mb)
Load /ws/output/en/tbl_bck143.png                                                                    (00:00.002 / 02:21.963, 645Mb)
Load /ws/output/en/ValueSet-mii-vs-dokument-fachgebiet.md                                            (00:00.000 / 02:21.964, 645Mb)
Load /ws/output/en/tbl_bck03503.png                                                                  (00:00.000 / 02:21.964, 645Mb)
Load /ws/output/en/CodeSystem-mii-cs-dokument-nlp-processing-status.html                             (00:00.000 / 02:21.964, 645Mb)
Load /ws/output/en/tbl_bck100010.png                                                                 (00:00.002 / 02:21.967, 651Mb)
Load /ws/output/en/tbl_bck000010.png                                                                 (00:00.000 / 02:21.967, 651Mb)
Load /ws/output/en/tbl_bck1552.png                                                                   (00:00.000 / 02:21.968, 651Mb)
Load /ws/output/en/icon_element.gif                                                                  (00:00.000 / 02:21.968, 651Mb)
Load /ws/output/en/Patient-AmandaAlzheimer.change.history.html                                       (00:00.000 / 02:21.968, 651Mb)
Load /ws/output/en/tbl_bck0350240.png                                                                (00:00.002 / 02:21.970, 653Mb)
Load /ws/output/en/tbl_bck0250240.png                                                                (00:00.000 / 02:21.971, 653Mb)
Load /ws/output/en/ValueSet-mii-vs-dokument-nlp-processing-status-testing.html                       (00:00.000 / 02:21.971, 653Mb)
Load /ws/output/en/DocumentReference-AmandaAlzheimerDeIdentifiziertesDokument.change.history.html    (00:00.002 / 02:21.973, 657Mb)
Load /ws/output/en/tbl_bck01100.png                                                                  (00:00.002 / 02:21.976, 661Mb)
Load /ws/output/en/Encounter-AmandaAlzheimerEinrichtungskontakt.html                                 (00:00.000 / 02:21.976, 661Mb)
Load /ws/output/en/tbl_bck0100.png                                                                   (00:00.002 / 02:21.978, 663Mb)
Load /ws/output/en/tbl_bck1550.png                                                                   (00:00.000 / 02:21.978, 663Mb)
Load /ws/output/en/DocumentReference-AmandaAlzheimerOriginalDokument.change.history.html             (00:00.000 / 02:21.979, 663Mb)
Load /ws/output/en/DocumentReference-AmandaAlzheimerAnnotiertesDokument.xml                          (00:00.002 / 02:21.981, 667Mb)
Load /ws/output/en/ValueSet-mii-vs-dokument-sct-dokument-typ.md                                      (00:00.003 / 02:21.985, 671Mb)
Load /ws/output/en/tbl_bck11111.png                                                                  (00:00.000 / 02:21.985, 671Mb)
Load /ws/output/en/tbl_bck155.png                                                                    (00:00.000 / 02:21.985, 671Mb)
.Load /ws/output/en/tbl_bck141.png                                                                    (00:00.000 / 02:21.985, 671Mb)
Load /ws/output/en/tbl_bck0000111110.png                                                             (00:00.000 / 02:21.986, 671Mb)
Load /ws/output/en/ValueSet-mii-vs-dokument-einrichtungsart-testing.html                             (00:00.000 / 02:21.986, 671Mb)
Load /ws/output/en/Parameters-mii-param-dokument-manifest.json                                       (00:00.002 / 02:21.989, 675Mb)
Load /ws/output/en/tbl_bck035.png                                                                    (00:00.000 / 02:21.989, 675Mb)
Load /ws/output/en/tbl_bck1001001.png                                                                (00:00.000 / 02:21.989, 675Mb)
Load /ws/output/en/tbl_bck0510.png                                                                   (00:00.000 / 02:21.989, 675Mb)
Load /ws/output/en/CodeSystem-mii-cs-dokument-nlp-processing-status.md                               (00:00.000 / 02:21.990, 675Mb)
Load /ws/output/en/tbl_bck1140.png                                                                   (00:00.000 / 02:21.990, 675Mb)
Load /ws/output/en/tbl_bck1111010.png                                                                (00:00.000 / 02:21.990, 675Mb)
Load /ws/output/en/StructureDefinition-mii-lm-dokument.profile.history.html                          (00:00.000 / 02:21.991, 675Mb)
Load /ws/output/en/tbl_bck1011010.png                                                                (00:00.002 / 02:21.993, 679Mb)
Load /ws/output/en/tbl_bck1424.png                                                                   (00:00.000 / 02:21.994, 679Mb)
Load /ws/output/en/icon-resource.png                                                                 (00:00.000 / 02:21.994, 679Mb)
Load /ws/output/en/icon_text.png                                                                     (00:00.000 / 02:21.994, 679Mb)
Load /ws/output/en/CapabilityStatement-mii-cps-dokument-capabilitystatement.xml.html                 (00:00.000 / 02:21.995, 679Mb)
Load /ws/output/en/toc.html                                                                          (00:00.010 / 02:22.005, 695Mb)
Load /ws/output/en/icon-type-operation.png                                                           (00:00.007 / 02:22.012, 705Mb)
Load /ws/output/en/tbl_vjoin_slicer.png                                                              (00:00.000 / 02:22.012, 705Mb)
Load /ws/output/en/icon_bundle.png                                                                   (00:00.000 / 02:22.013, 705Mb)
Load /ws/output/en/tbl_bck1001000.png                                                                (00:00.000 / 02:22.013, 705Mb)
Load /ws/output/en/tbl_bck0505.png                                                                   (00:00.000 / 02:22.013, 705Mb)
Load /ws/output/en/StructureDefinition-mii-ex-dokument-nlp-processing-status.profile.xml.html        (00:00.000 / 02:22.013, 705Mb)
Load /ws/output/en/tbl_vjoin_end_slicer-closed.png                                                   (00:00.024 / 02:22.038, 743Mb)
Load /ws/output/en/tbl_bck0000111111.png                                                             (00:00.000 / 02:22.039, 743Mb)
Load /ws/output/en/tbl_bck140.png                                                                    (00:00.000 / 02:22.039, 743Mb)
Load /ws/output/en/changes.html                                                                      (00:00.000 / 02:22.039, 743Mb)
Load /ws/output/en/icon-qi-subject.png                                                               (00:00.002 / 02:22.042, 747Mb)
Load /ws/output/en/tbl_bck11110.png                                                                  (00:00.000 / 02:22.042, 747Mb)
Load /ws/output/en/tbl_bck03500.png                                                                  (00:00.000 / 02:22.043, 747Mb)
Load /ws/output/en/icon_extension_complex.png                                                        (00:00.000 / 02:22.043, 747Mb)
Load /ws/output/en/lock.png                                                                          (00:00.000 / 02:22.043, 747Mb)
Load /ws/output/en/tbl_bck0101.png                                                                   (00:00.000 / 02:22.044, 747Mb)
Load /ws/output/en/tbl_bck01101.png                                                                  (00:00.000 / 02:22.044, 747Mb)
Load /ws/output/en/StructureDefinition-mii-lm-dokument.md                                            (00:00.000 / 02:22.044, 747Mb)
Load /ws/output/en/tbl_vjoin_slicer-closed.png                                                       (00:00.000 / 02:22.045, 747Mb)
Load /ws/output/en/Parameters-mii-param-dokument-manifest.xml                                        (00:00.000 / 02:22.045, 747Mb)
Load /ws/output/en/tbl_bck011110000.png                                                              (00:00.001 / 02:22.046, 747Mb)
Load /ws/output/en/tbl_bck1250.png                                                                   (00:00.000 / 02:22.046, 747Mb)
Load /ws/output/en/ValueSet-mii-vs-dokument-nlp-processing-status.json.html                          (00:00.000 / 02:22.047, 747Mb)
Load /ws/output/en/ValueSet-mii-vs-dokument-nlp-processing-status.xml.html                           (00:00.003 / 02:22.050, 751Mb)
Load /ws/output/en/tbl_bck00001111010.png                                                            (00:00.003 / 02:22.054, 757Mb)
Load /ws/output/en/StructureDefinition-mii-lm-dokument-testing.html                                  (00:00.000 / 02:22.054, 757Mb)
Load /ws/output/en/tbl_bck133.png                                                                    (00:00.002 / 02:22.057, 761Mb)
Load /ws/output/en/icon-fhir-48.png                                                                  (00:00.000 / 02:22.057, 761Mb)
Load /ws/output/en/DocumentReference-AmandaAlzheimerAnnotiertesDokument.xml.html                     (00:00.000 / 02:22.057, 761Mb)
Load /ws/output/en/icon-q-date.png                                                                   (00:00.012 / 02:22.070, 775Mb)
Load /ws/output/en/tbl_bck100100.png                                                                 (00:00.000 / 02:22.070, 775Mb)
Load /ws/output/en/tbl_bck000100.png                                                                 (00:00.000 / 02:22.071, 775Mb)
Load /ws/output/en/ValueSet-mii-vs-dokument-einrichtungsart.md                                       (00:00.000 / 02:22.071, 775Mb)
Load /ws/output/en/StructureDefinition-mii-pr-dokument-dokument.html                                 (00:00.000 / 02:22.071, 775Mb)
Load /ws/output/en/tree-filter.png                                                                   (00:00.347 / 02:22.419, 1Gb)
Load /ws/output/en/Encounter-AmandaAlzheimerAbteilungskontakt.json.html                              (00:00.000 / 02:22.420, 1Gb)
Load /ws/output/en/ValueSet-mii-vs-dokument-sct-dokument-kategorie.json                              (00:00.005 / 02:22.425, 1Gb)
Load /ws/output/en/tbl_bck1330.png                                                                   (00:00.000 / 02:22.426, 1Gb)
Load /ws/output/en/icon-not-selected.png                                                             (00:00.000 / 02:22.426, 1Gb)
.Load /ws/output/en/ValueSet-mii-vs-dokument-nlp-processing-status.json                               (00:00.000 / 02:22.427, 1Gb)
Load /ws/output/en/ValueSet-mii-vs-dokument-fachgebiet.html                                          (00:00.000 / 02:22.427, 1Gb)
Load /ws/output/en/icon_choice.gif                                                                   (00:00.004 / 02:22.432, 1Gb)
Load /ws/output/en/tbl_bck010110.png                                                                 (00:00.000 / 02:22.432, 1Gb)
Load /ws/output/en/icon_page-child.gif                                                               (00:00.000 / 02:22.433, 1Gb)
Load /ws/output/en/tbl_bck110110.png                                                                 (00:00.000 / 02:22.433, 1Gb)
Load /ws/output/en/tbl_vjoin_end_slicer-open.png                                                     (00:00.000 / 02:22.433, 1Gb)
Load /ws/output/en/icon-change-remove.png                                                            (00:00.000 / 02:22.434, 1Gb)
Load /ws/output/en/link.svg                                                                          (00:00.000 / 02:22.434, 1Gb)
Load /ws/output/en/tbl_bck100101.png                                                                 (00:00.000 / 02:22.435, 1Gb)
Load /ws/output/en/icon_modifier_extension_simple.png                                                (00:00.000 / 02:22.435, 1Gb)
Load /ws/output/en/tbl_bck035025.png                                                                 (00:00.000 / 02:22.435, 1Gb)
Load /ws/output/en/tbl_bck10240.png                                                                  (00:00.000 / 02:22.436, 1Gb)
Load /ws/output/en/logical-models.html                                                               (00:00.000 / 02:22.436, 1Gb)
Load /ws/output/en/StructureDefinition-mii-lm-dokument-mappings.html                                 (00:00.022 / 02:22.458, 1Gb)
Load /ws/output/en/guidance.md                                                                       (00:00.004 / 02:22.462, 1Gb)
Load /ws/output/en/tbl_bck1251.png                                                                   (00:00.000 / 02:22.462, 1Gb)
Load /ws/output/en/icon-qi-vertical.png                                                              (00:00.000 / 02:22.463, 1Gb)
Load /ws/output/en/CapabilityStatement-mii-cps-dokument-capabilitystatement.html                     (00:00.000 / 02:22.463, 1Gb)
Load /ws/output/en/implementer-guidance.md                                                           (00:00.004 / 02:22.468, 1Gb)
Load /ws/output/en/icon-change-edit.png                                                              (00:00.000 / 02:22.468, 1Gb)
Load /ws/output/en/tbl_bck000011110.png                                                              (00:00.000 / 02:22.469, 1Gb)
Load /ws/output/en/tbl_bck0000111001.png                                                             (00:00.000 / 02:22.469, 1Gb)
Load /ws/output/en/tbl_bck0000111110110.png                                                          (00:00.000 / 02:22.469, 1Gb)
Load /ws/output/en/tbl_bck124.png                                                                    (00:00.000 / 02:22.470, 1Gb)
Load /ws/output/en/tbl_bck130.png                                                                    (00:00.000 / 02:22.470, 1Gb)
Load /ws/output/en/tbl_bck11000.png                                                                  (00:00.000 / 02:22.470, 1Gb)
Load /ws/output/en/tbl_bck03410.png                                                                  (00:00.000 / 02:22.471, 1Gb)
Load /ws/output/en/tbl_bck1125.png                                                                   (00:00.000 / 02:22.471, 1Gb)
Load /ws/output/en/tbl_bck050.png                                                                    (00:00.000 / 02:22.471, 1Gb)
Load /ws/output/en/CodeSystem-mii-cs-dokument-nlp-processing-status-testing.html                     (00:00.000 / 02:22.472, 1Gb)
Load /ws/output/en/tbl_bck01011.png                                                                  (00:00.003 / 02:22.475, 1Gb)
Load /ws/output/en/tbl_vjoin_end_slicer.png                                                          (00:00.000 / 02:22.475, 1Gb)
Load /ws/output/en/DocumentReference-AmandaAlzheimerOriginalDokument.xml                             (00:00.000 / 02:22.475, 1Gb)
Load /ws/output/en/tbl-open.png                                                                      (00:00.001 / 02:22.477, 1Gb)
Load /ws/output/en/tbl_bck0011.png                                                                   (00:00.000 / 02:22.477, 1Gb)
Load /ws/output/en/tbl_bck0010.png                                                                   (00:00.000 / 02:22.478, 1Gb)
Load /ws/output/en/icon-qi-hidden.png                                                                (00:00.000 / 02:22.478, 1Gb)
Load /ws/output/en/tbl_bck01010.png                                                                  (00:00.000 / 02:22.478, 1Gb)
Load /ws/output/en/icon-warning.png                                                                  (00:00.000 / 02:22.478, 1Gb)
Load /ws/output/en/tbl_bck051.png                                                                    (00:00.000 / 02:22.479, 1Gb)
Load /ws/output/en/CapabilityStatement-mii-cps-dokument-capabilitystatement.json.html                (00:00.000 / 02:22.479, 1Gb)
Load /ws/output/en/security-and-privacy.md                                                           (00:00.012 / 02:22.491, 1Gb)
Load /ws/output/en/tbl_vjoin_slice-open.png                                                          (00:00.000 / 02:22.492, 1Gb)
Load /ws/output/en/tbl_bck11001.png                                                                  (00:00.000 / 02:22.492, 1Gb)
Load /ws/output/en/uml-diagrams.html                                                                 (00:00.000 / 02:22.492, 1Gb)
Load /ws/output/en/tbl_bck125.png                                                                    (00:00.003 / 02:22.496, 1Gb)
Load /ws/output/en/tbl_bck0400.png                                                                   (00:00.000 / 02:22.496, 1Gb)
Load /ws/output/en/tbl_bck1050.png                                                                   (00:00.000 / 02:22.496, 1Gb)
Load /ws/output/en/tbl_bck0000111000.png                                                             (00:00.000 / 02:22.497, 1Gb)
Load /ws/output/en/tbl_vjoin-open.png                                                                (00:00.000 / 02:22.497, 1Gb)
Load /ws/output/en/icon_vd_view.png                                                                  (00:00.000 / 02:22.497, 1Gb)
Load /ws/output/en/icon_datatype.gif                                                                 (00:00.000 / 02:22.498, 1Gb)
Load /ws/output/en/tbl_bck000011111.png                                                              (00:00.000 / 02:22.498, 1Gb)
Load /ws/output/en/alert.jpg                                                                         (00:00.000 / 02:22.498, 1Gb)
Load /ws/output/en/ValueSet-mii-vs-dokument-format-code-testing.html                                 (00:00.000 / 02:22.499, 1Gb)
.Load /ws/output/en/tbl_vjoin_end_slice-open.png                                                      (00:00.003 / 02:22.502, 1Gb)
Load /ws/output/en/tbl_bck1011100.png                                                                (00:00.000 / 02:22.502, 1Gb)
Load /ws/output/en/tbl_bck1252.png                                                                   (00:00.000 / 02:22.502, 1Gb)
Load /ws/output/en/StructureDefinition-mii-ex-dokument-nlp-processing-status.xml                     (00:00.000 / 02:22.503, 1Gb)
Load /ws/output/en/CapabilityStatement-mii-cps-dokument-capabilitystatement.xml                      (00:00.004 / 02:22.507, 1Gb)
Load /ws/output/en/tbl_bck1011110.png                                                                (00:00.002 / 02:22.509, 1Gb)
Load /ws/output/en/icon_slice.png                                                                    (00:00.000 / 02:22.509, 1Gb)
Load /ws/output/en/tbl_bck0000111010.png                                                             (00:00.000 / 02:22.510, 1Gb)
Load /ws/output/en/ValueSet-mii-vs-dokument-sct-dokument-typ.xml.html                                (00:00.000 / 02:22.510, 1Gb)
Load /ws/output/en/icon-directory.gif                                                                (00:00.004 / 02:22.515, 1Gb)
Load /ws/output/en/tbl_bck000011101.png                                                              (00:00.000 / 02:22.515, 1Gb)
Load /ws/output/en/icon-q-datetime.png                                                               (00:00.000 / 02:22.515, 1Gb)
Load /ws/output/en/tbl_bck0410.png                                                                   (00:00.000 / 02:22.516, 1Gb)
Load /ws/output/en/tbl_bck1040.png                                                                   (00:00.000 / 02:22.516, 1Gb)
Load /ws/output/en/tbl_bck11011.png                                                                  (00:00.000 / 02:22.516, 1Gb)
Load /ws/output/en/DocumentReference-AmandaAlzheimerOriginalDokument.json.html                       (00:00.000 / 02:22.517, 1Gb)
Load /ws/output/en/tbl_bck041.png                                                                    (00:00.005 / 02:22.522, 1Gb)
Load /ws/output/en/tbl_bck01000.png                                                                  (00:00.000 / 02:22.523, 1Gb)
Load /ws/output/en/icon-q-item.png                                                                   (00:00.000 / 02:22.523, 1Gb)
Load /ws/output/en/tbl_bck0000.png                                                                   (00:00.000 / 02:22.523, 1Gb)
Load /ws/output/en/Parameters-mii-param-dokument-manifest.xml.html                                   (00:00.000 / 02:22.523, 1Gb)
Load /ws/output/en/tbl_bck0001.png                                                                   (00:00.006 / 02:22.530, 1Gb)
Load /ws/output/en/Encounter-AmandaAlzheimerEinrichtungskontakt.xml.html                             (00:00.000 / 02:22.531, 1Gb)
Load /ws/output/en/tbl_bck040.png                                                                    (00:00.003 / 02:22.534, 1Gb)
Load /ws/output/en/Parameters-mii-param-dokument-manifest.md                                         (00:00.000 / 02:22.534, 1Gb)
Load /ws/output/en/tbl_bck11010.png                                                                  (00:00.000 / 02:22.534, 1Gb)
Load /ws/output/en/tbl_bck03400.png                                                                  (00:00.000 / 02:22.534, 1Gb)
Load /ws/output/en/artifacts.md                                                                      (00:00.000 / 02:22.535, 1Gb)
Load /ws/output/en/tbl_bck0000111110100.png                                                          (00:00.000 / 02:22.535, 1Gb)
Load /ws/output/en/tbl_bck134.png                                                                    (00:00.000 / 02:22.535, 1Gb)
Load /ws/output/en/tbl_bck120.png                                                                    (00:00.000 / 02:22.535, 1Gb)
Load /ws/output/en/tbl_bck000011100.png                                                              (00:00.000 / 02:22.536, 1Gb)
Load /ws/output/en/CapabilityStatement-mii-cps-dokument-capabilitystatement.change.history.html      (00:00.000 / 02:22.536, 1Gb)
Load /ws/output/en/tbl_bck0000111011.png                                                             (00:00.002 / 02:22.538, 1Gb)
Load /ws/output/en/ValueSet-mii-vs-dokument-fachgebiet.xml.html                                      (00:00.000 / 02:22.539, 1Gb)
Load /ws/output/en/icon_primitive.png                                                                (00:00.003 / 02:22.542, 1Gb)
Load /ws/output/en/cc0.png                                                                           (00:00.000 / 02:22.542, 1Gb)
Load /ws/output/en/tbl_vjoin_end_slice-closed.png                                                    (00:00.000 / 02:22.543, 1Gb)
Load /ws/output/en/InterneDokumentennutzung.png                                                      (00:00.000 / 02:22.543, 1Gb)
Load /ws/output/en/icon-q-open-choice.png                                                            (00:00.000 / 02:22.543, 1Gb)
Load /ws/output/en/Encounter-AmandaAlzheimerAbteilungskontakt.md                                     (00:00.000 / 02:22.543, 1Gb)
Load /ws/output/en/target.png                                                                        (00:00.000 / 02:22.544, 1Gb)
Load /ws/output/en/StructureDefinition-mii-ex-dokument-nlp-processing-status.html                    (00:00.000 / 02:22.544, 1Gb)
Load /ws/output/en/DocumentReference-AmandaAlzheimerAnnotiertesDokument.md                           (00:00.019 / 02:22.564, 1Gb)
Load /ws/output/en/tbl_bck00001111001.png                                                            (00:00.000 / 02:22.564, 1Gb)
Load /ws/output/en/Encounter-AmandaAlzheimerVersorgungsstellenKontakt.xml.html                       (00:00.000 / 02:22.565, 1Gb)
Load /ws/output/en/StructureDefinition-mii-lm-dokument.html                                          (00:00.003 / 02:22.568, 1Gb)
Load /ws/output/en/capability-statements.md                                                          (00:00.064 / 02:22.633, 1Gb)
Load /ws/output/en/icon_q_root.gif                                                                   (00:00.000 / 02:22.633, 1Gb)
Load /ws/output/en/tbl_bck1241.png                                                                   (00:00.000 / 02:22.634, 1Gb)
Load /ws/output/en/ValueSet-mii-vs-dokument-format-code.html                                         (00:00.000 / 02:22.634, 1Gb)
Load /ws/output/en/tbl_bck10250.png                                                                  (00:00.002 / 02:22.637, 1Gb)
Load /ws/output/en/icon-q-quantity.png                                                               (00:00.000 / 02:22.637, 1Gb)
Load /ws/output/en/StructureDefinition-mii-ex-dokument-nlp-processing-status.profile.json.html       (00:00.000 / 02:22.637, 1Gb)
Load /ws/output/en/information.png                                                                   (00:00.014 / 02:22.652, 1Gb)
Load /ws/output/en/DocumentReference-AmandaAlzheimerAnnotiertesDokument.html                         (00:00.000 / 02:22.652, 1Gb)
.Load /ws/output/en/ValueSet-mii-vs-dokument-sct-dokument-kategorie.xml.html                          (00:00.002 / 02:22.655, 1Gb)
Load /ws/output/en/tbl_vjoin_end-open.png                                                            (00:00.003 / 02:22.658, 1Gb)
Load /ws/output/en/StructureDefinition-mii-lm-dokument-examples.html                                 (00:00.000 / 02:22.658, 1Gb)
Load /ws/output/en/ValueSet-mii-vs-dokument-einrichtungsart.xml                                      (00:00.002 / 02:22.661, 1Gb)
Load /ws/output/en/tbl_bck010100.png                                                                 (00:00.000 / 02:22.661, 1Gb)
Load /ws/output/en/tbl_bck110100.png                                                                 (00:00.000 / 02:22.662, 1Gb)
Load /ws/output/en/icon-qi-security.bmp                                                              (00:00.000 / 02:22.662, 1Gb)
Load /ws/output/en/CodeSystem-mii-cs-dokument-nlp-processing-status.xml.html                         (00:00.000 / 02:22.662, 1Gb)
Load /ws/output/en/tbl_vjoin_end-closed.png                                                          (00:00.005 / 02:22.667, 1Gb)
Load /ws/output/en/tbl_bck1320.png                                                                   (00:00.000 / 02:22.668, 1Gb)
Load /ws/output/en/StructureDefinition-mii-pr-dokument-dokument.profile.xml.html                     (00:00.000 / 02:22.668, 1Gb)
Load /ws/output/en/missing-data.md                                                                   (00:00.234 / 02:22.903, 901Mb)
Load /ws/output/en/icon-include.png                                                                  (00:00.001 / 02:22.904, 901Mb)
Load /ws/output/en/tbl_bck100110.png                                                                 (00:00.000 / 02:22.904, 901Mb)
Load /ws/output/en/tbl_bck000110.png                                                                 (00:00.000 / 02:22.904, 901Mb)
Load /ws/output/en/ValueSet-mii-vs-dokument-sct-dokument-typ.change.history.html                     (00:00.000 / 02:22.905, 901Mb)
Load /ws/output/en/ValueSet-mii-vs-dokument-fachgebiet.change.history.html                           (00:00.002 / 02:22.907, 903Mb)
Load /ws/output/en/icon-fhir-64.png                                                                  (00:00.002 / 02:22.910, 907Mb)
Load /ws/output/en/icon_reuse.png                                                                    (00:00.000 / 02:22.910, 907Mb)
Load /ws/output/en/terminology.md                                                                    (00:00.000 / 02:22.910, 907Mb)
Load /ws/output/en/tbl_bck1240.png                                                                   (00:00.000 / 02:22.910, 907Mb)
Load /ws/output/en/tbl_bck025025.png                                                                 (00:00.000 / 02:22.911, 907Mb)
Load /ws/output/en/icon_extension_simple.png                                                         (00:00.000 / 02:22.911, 907Mb)
Load /ws/output/en/Parameters-mii-param-dokument-manifest.change.history.html                        (00:00.000 / 02:22.911, 907Mb)
Load /ws/output/en/ValueSet-mii-vs-dokument-format-code.xml                                          (00:00.002 / 02:22.914, 911Mb)
Load /ws/output/en/icon-q-decimal.png                                                                (00:00.000 / 02:22.914, 911Mb)
Load /ws/output/en/tbl_bck011110010.png                                                              (00:00.000 / 02:22.914, 911Mb)
Load /ws/output/en/icon_vd_foreach.png                                                               (00:00.000 / 02:22.915, 911Mb)
Load /ws/output/en/icon-q-boolean.png                                                                (00:00.000 / 02:22.915, 911Mb)
Load /ws/output/en/downloads.html                                                                    (00:00.000 / 02:22.915, 911Mb)
Load /ws/output/en/tbl_bck025000.png                                                                 (00:00.002 / 02:22.918, 915Mb)
Load /ws/output/en/ValueSet-mii-vs-dokument-format-code.change.history.html                          (00:00.000 / 02:22.918, 915Mb)
Load /ws/output/en/tbl_bck0110100.png                                                                (00:00.002 / 02:22.921, 917Mb)
Load /ws/output/en/icon_page.gif                                                                     (00:00.000 / 02:22.921, 917Mb)
Load /ws/output/en/tbl_bck1.png                                                                      (00:00.000 / 02:22.921, 917Mb)
Load /ws/output/en/tbl_bck0000111.png                                                                (00:00.000 / 02:22.922, 917Mb)
Load /ws/output/en/tbl_bck112.png                                                                    (00:00.000 / 02:22.922, 917Mb)
Load /ws/output/en/tbl_bck0351.png                                                                   (00:00.000 / 02:22.922, 917Mb)
Load /ws/output/en/tbl_bck111010.png                                                                 (00:00.000 / 02:22.922, 917Mb)
Load /ws/output/en/tbl_bck011010.png                                                                 (00:00.000 / 02:22.923, 917Mb)
Load /ws/output/en/icon-qi-optional.png                                                              (00:00.000 / 02:22.923, 917Mb)
Load /ws/output/en/tbl_vjoin_slice-closed.png                                                        (00:00.000 / 02:22.923, 917Mb)
Load /ws/output/en/tbl_bck001001.png                                                                 (00:00.000 / 02:22.924, 917Mb)
Load /ws/output/en/tbl_bck02512.png                                                                  (00:00.000 / 02:22.924, 917Mb)
Load /ws/output/en/Patient-AmandaAlzheimer.json.html                                                 (00:00.000 / 02:22.924, 917Mb)
Load /ws/output/en/metadata.md                                                                       (00:00.002 / 02:22.927, 923Mb)
Load /ws/output/en/ValueSet-mii-vs-dokument-format-code.json                                         (00:00.000 / 02:22.927, 923Mb)
Load /ws/output/en/ValueSet-mii-vs-dokument-sct-dokument-kategorie.change.history.html               (00:00.000 / 02:22.927, 923Mb)
Load /ws/output/en/tbl_bck02513.png                                                                  (00:00.002 / 02:22.930, 925Mb)
Load /ws/output/en/DocumentReference-AmandaAlzheimerAnnotiertesDokument.json                         (00:00.000 / 02:22.930, 925Mb)
Load /ws/output/en/tbl_bck001000.png                                                                 (00:00.000 / 02:22.931, 925Mb)
Load /ws/output/en/icon-qi-observation.png                                                           (00:00.000 / 02:22.931, 925Mb)
Load /ws/output/en/tbl_bck101000.png                                                                 (00:00.000 / 02:22.931, 925Mb)
Load /ws/output/en/general-requirements.html                                                         (00:00.000 / 02:22.931, 925Mb)
Load /ws/output/en/StructureDefinition-mii-ex-dokument-nlp-processing-status.json                    (00:00.002 / 02:22.934, 929Mb)
Load /ws/output/en/tbl_vjoin_slicer-open.png                                                         (00:00.000 / 02:22.935, 929Mb)
.Load /ws/output/en/tbl_bck0251250.png                                                                (00:00.000 / 02:22.935, 929Mb)
Load /ws/output/en/tbl_bck0351250.png                                                                (00:00.000 / 02:22.935, 929Mb)
Load /ws/output/en/tbl_bck011011.png                                                                 (00:00.000 / 02:22.935, 929Mb)
Load /ws/output/en/StructureDefinition-mii-lm-dokument.json                                          (00:00.000 / 02:22.936, 929Mb)
Load /ws/output/en/tbl_bck113.png                                                                    (00:00.000 / 02:22.936, 929Mb)
Load /ws/output/en/tbl_bck0000110.png                                                                (00:00.000 / 02:22.936, 929Mb)
Load /ws/output/en/CodeSystem-mii-cs-dokument-nlp-processing-status.change.history.html              (00:00.000 / 02:22.937, 929Mb)
Load /ws/output/en/tbl_bck0350.png                                                                   (00:00.002 / 02:22.939, 933Mb)
Load /ws/output/en/tbl_bck10010000.png                                                               (00:00.000 / 02:22.939, 933Mb)
Load /ws/output/en/tbl_bck00001110110.png                                                            (00:00.000 / 02:22.939, 933Mb)
Load /ws/output/en/tbl_bck10110000.png                                                               (00:00.000 / 02:22.940, 933Mb)
Load /ws/output/en/tbl_bck0.png                                                                      (00:00.000 / 02:22.940, 933Mb)
Load /ws/output/en/DocumentReference-AmandaAlzheimerOriginalDokument.md                              (00:00.000 / 02:22.940, 933Mb)
Load /ws/output/en/tbl_bck00001001.png                                                               (00:00.000 / 02:22.941, 933Mb)
Load /ws/output/en/icon-change-add.png                                                               (00:00.000 / 02:22.941, 933Mb)
Load /ws/output/en/ValueSet-mii-vs-dokument-fachgebiet.json.html                                     (00:00.000 / 02:22.941, 933Mb)
Load /ws/output/en/tbl_bck000011111000.png                                                           (00:00.003 / 02:22.944, 937Mb)
Load /ws/output/en/ValueSet-mii-vs-dokument-fachgebiet-testing.html                                  (00:00.000 / 02:22.945, 937Mb)
Load /ws/output/en/researcher-guidance.md                                                            (00:00.002 / 02:22.947, 941Mb)
Load /ws/output/en/icon-page.png                                                                     (00:00.000 / 02:22.947, 941Mb)
Load /ws/output/en/tbl_bck1500.png                                                                   (00:00.000 / 02:22.947, 941Mb)
Load /ws/output/en/datasets-and-descriptions.md                                                      (00:00.000 / 02:22.948, 941Mb)
Load /ws/output/en/tbl_bck105.png                                                                    (00:00.000 / 02:22.948, 941Mb)
Load /ws/output/en/tbl_bck01101100.png                                                               (00:00.000 / 02:22.948, 941Mb)
Load /ws/output/en/tbl_bck111.png                                                                    (00:00.000 / 02:22.949, 941Mb)
Load /ws/output/en/tbl_vline_slice.png                                                               (00:00.000 / 02:22.949, 941Mb)
Load /ws/output/en/tbl_bck05040.png                                                                  (00:00.000 / 02:22.949, 941Mb)
Load /ws/output/en/tbl_bck0251252.png                                                                (00:00.000 / 02:22.949, 941Mb)
Load /ws/output/en/tbl_bck00110.png                                                                  (00:00.000 / 02:22.950, 941Mb)
Load /ws/output/en/tbl_bck12500.png                                                                  (00:00.000 / 02:22.950, 941Mb)
Load /ws/output/en/tbl_bck0351252.png                                                                (00:00.000 / 02:22.950, 941Mb)
Load /ws/output/en/icon_fixed.gif                                                                    (00:00.000 / 02:22.951, 941Mb)
Load /ws/output/en/tbl_bck1110.png                                                                   (00:00.000 / 02:22.951, 941Mb)
Load /ws/output/en/security-and-privacy.html                                                         (00:00.000 / 02:22.951, 941Mb)
Load /ws/output/en/tbl_bck10101.png                                                                  (00:00.002 / 02:22.953, 945Mb)
Load /ws/output/en/StructureDefinition-mii-lm-dokument.profile.json.html                             (00:00.000 / 02:22.954, 945Mb)
Load /ws/output/en/tbl_bck02510.png                                                                  (00:00.033 / 02:22.987, 999Mb)
Load /ws/output/en/modifier.png                                                                      (00:00.000 / 02:22.987, 999Mb)
Load /ws/output/en/tbl_bck10100.png                                                                  (00:00.000 / 02:22.988, 999Mb)
Load /ws/output/en/icon-key.png                                                                      (00:00.000 / 02:22.988, 999Mb)
Load /ws/output/en/tbl_bck15050.png                                                                  (00:00.000 / 02:22.988, 999Mb)
Load /ws/output/en/metadata.html                                                                     (00:00.000 / 02:22.989, 999Mb)
Load /ws/output/en/icon-q-integer.png                                                                (00:00.005 / 02:22.994, 1009Mb)
Load /ws/output/en/tbl_bck1111.png                                                                   (00:00.000 / 02:22.995, 1009Mb)
Load /ws/output/en/ValueSet-mii-vs-dokument-sct-dokument-kategorie.json.html                         (00:00.000 / 02:22.995, 1009Mb)
Load /ws/output/en/ValueSet-mii-vs-dokument-sct-dokument-typ-testing.html                            (00:00.002 / 02:22.998, 1015Mb)
Load /ws/output/en/must-support.md                                                                   (00:00.002 / 02:23.000, 1017Mb)
Load /ws/output/en/ValueSet-mii-vs-dokument-sct-dokument-kategorie.md                                (00:00.000 / 02:23.001, 1017Mb)
Load /ws/output/en/tbl_bck110.png                                                                    (00:00.000 / 02:23.001, 1017Mb)
Load /ws/output/en/index.md                                                                          (00:00.000 / 02:23.001, 1017Mb)
Load /ws/output/en/tbl_bck1515.png                                                                   (00:00.000 / 02:23.001, 1017Mb)
Load /ws/output/en/tbl-closed.png                                                                    (00:00.000 / 02:23.002, 1017Mb)
Load /ws/output/en/tbl_bck000010010.png                                                              (00:00.000 / 02:23.002, 1017Mb)
Load /ws/output/en/version-history.md                                                                (00:00.000 / 02:23.002, 1017Mb)
Load /ws/output/en/search-parameters-and-operations.md                                               (00:00.000 / 02:23.003, 1017Mb)
Load /ws/output/en/icon-dictionary.png                                                               (00:00.000 / 02:23.003, 1017Mb)
.Load /ws/output/en/tbl_bck000010000.png                                                              (00:00.000 / 02:23.003, 1017Mb)
Load /ws/output/en/tbl_bck1505.png                                                                   (00:00.000 / 02:23.004, 1017Mb)
Load /ws/output/en/StructureDefinition-mii-pr-dokument-dokument.xml                                  (00:00.000 / 02:23.004, 1017Mb)
Load /ws/output/en/ValueSet-mii-vs-dokument-einrichtungsart.change.history.html                      (00:00.031 / 02:23.035, 1Gb)
Load /ws/output/en/Encounter-AmandaAlzheimerVersorgungsstellenKontakt.json.html                      (00:00.002 / 02:23.038, 1Gb)
Load /ws/output/en/tbl_bck100.png                                                                    (00:00.003 / 02:23.041, 1Gb)
Load /ws/output/en/tbl_bck12511.png                                                                  (00:00.000 / 02:23.041, 1Gb)
Load /ws/output/en/tbl_bck00101.png                                                                  (00:00.000 / 02:23.041, 1Gb)
Load /ws/output/en/translationinfo.md                                                                (00:00.000 / 02:23.042, 1Gb)
Load /ws/output/en/icon-list.gif                                                                     (00:00.000 / 02:23.042, 1Gb)
Load /ws/output/en/ValueSet-mii-vs-dokument-sct-dokument-kategorie-testing.html                      (00:00.000 / 02:23.042, 1Gb)
Load /ws/output/en/missing-data.html                                                                 (00:00.002 / 02:23.044, 1Gb)
Load /ws/output/en/tbl_bck1101.png                                                                   (00:00.002 / 02:23.047, 1Gb)
Load /ws/output/en/fhir-table-scripts.js                                                             (00:00.000 / 02:23.047, 1Gb)
Load /ws/output/en/tbl_bck02500.png                                                                  (00:00.000 / 02:23.048, 1Gb)
Load /ws/output/en/tbl_bck10110.png                                                                  (00:00.000 / 02:23.048, 1Gb)
Load /ws/output/en/tbl_bck15040.png                                                                  (00:00.000 / 02:23.048, 1Gb)
Load /ws/output/en/StructureDefinition-mii-pr-dokument-dokument-definitions.html                     (00:00.000 / 02:23.049, 1Gb)
Load /ws/output/en/icon_extension.png                                                                (00:00.142 / 02:23.192, 1Gb)
Load /ws/output/en/icon-implementation.png                                                           (00:00.000 / 02:23.192, 1Gb)
Load /ws/output/en/icon_entry_blue.png                                                               (00:00.000 / 02:23.193, 1Gb)
Load /ws/output/en/icon-q-coding.png                                                                 (00:00.000 / 02:23.193, 1Gb)
Load /ws/output/en/tbl_bck10111.png                                                                  (00:00.000 / 02:23.193, 1Gb)
Load /ws/output/en/tbl_bck02501.png                                                                  (00:00.000 / 02:23.194, 1Gb)
Load /ws/output/en/tbl_bck1100.png                                                                   (00:00.000 / 02:23.194, 1Gb)
Load /ws/output/en/Patient-AmandaAlzheimer.xml.html                                                  (00:00.000 / 02:23.194, 1Gb)
Load /ws/output/en/tbl_bck05050.png                                                                  (00:00.004 / 02:23.198, 1Gb)
Load /ws/output/en/tbl_bck00100.png                                                                  (00:00.000 / 02:23.199, 1Gb)
Load /ws/output/en/tbl_bck12510.png                                                                  (00:00.000 / 02:23.199, 1Gb)
Load /ws/output/en/tbl_bck115.png                                                                    (00:00.000 / 02:23.199, 1Gb)
Load /ws/output/en/icon-documentation.png                                                            (00:00.000 / 02:23.200, 1Gb)
Load /ws/output/en/tbl_bck01101110.png                                                               (00:00.000 / 02:23.200, 1Gb)
Load /ws/output/en/tbl_bck101.png                                                                    (00:00.000 / 02:23.200, 1Gb)
Load /ws/output/en/Patient-AmandaAlzheimer.md                                                        (00:00.000 / 02:23.200, 1Gb)
Load /ws/output/en/icon-selected.png                                                                 (00:00.000 / 02:23.201, 1Gb)
Load /ws/output/en/icon-example.png                                                                  (00:00.000 / 02:23.201, 1Gb)
Load /ws/output/en/tbl_bck1510.png                                                                   (00:00.000 / 02:23.201, 1Gb)
Load /ws/output/en/StructureDefinition-mii-ex-dokument-nlp-processing-status-mappings.html           (00:00.000 / 02:23.202, 1Gb)
Load /ws/output/en/prism.css                                                                         (00:00.003 / 02:23.205, 1Gb)
Load /ws/output/en/icon-qi-readonly.png                                                              (00:00.000 / 02:23.205, 1Gb)
Load /ws/output/en/tbl_bck000011111010.png                                                           (00:00.000 / 02:23.205, 1Gb)
Load /ws/output/en/tbl_bck0110111.png                                                                (00:00.000 / 02:23.206, 1Gb)
Load /ws/output/en/icon-object-box.png                                                               (00:00.000 / 02:23.206, 1Gb)
Load /ws/output/en/tbl_bck1512.png                                                                   (00:00.000 / 02:23.206, 1Gb)
Load /ws/output/en/tbl_vjoin_slice.png                                                               (00:00.000 / 02:23.207, 1Gb)
Load /ws/output/en/icon-q-group.png                                                                  (00:00.000 / 02:23.207, 1Gb)
Load /ws/output/en/CapabilityStatement-mii-cps-dokument-capabilitystatement.md                       (00:00.000 / 02:23.207, 1Gb)
Load /ws/output/en/tbl_bck103.png                                                                    (00:00.000 / 02:23.208, 1Gb)
Load /ws/output/en/tbl_bck0000100.png                                                                (00:00.000 / 02:23.208, 1Gb)
Load /ws/output/en/tbl_bck0340.png                                                                   (00:00.000 / 02:23.208, 1Gb)
Load /ws/output/en/tbl_bck10010010.png                                                               (00:00.000 / 02:23.209, 1Gb)
Load /ws/output/en/tbl_bck00001110100.png                                                            (00:00.000 / 02:23.209, 1Gb)
Load /ws/output/en/tbl_bck10110010.png                                                               (00:00.000 / 02:23.209, 1Gb)
Load /ws/output/en/tbl_bck0251240.png                                                                (00:00.000 / 02:23.210, 1Gb)
Load /ws/output/en/tbl_bck0351240.png                                                                (00:00.000 / 02:23.210, 1Gb)
Load /ws/output/en/DocumentReference-AmandaAlzheimerAnnotiertesDokument.json.html                    (00:00.000 / 02:23.210, 1Gb)
.Load /ws/output/en/tbl_bck12512.png                                                                  (00:00.014 / 02:23.225, 1Gb)
Load /ws/output/en/tbl_bck011001.png                                                                 (00:00.000 / 02:23.225, 1Gb)
Load /ws/output/en/ValueSet-mii-vs-dokument-sct-dokument-kategorie.xml                               (00:00.000 / 02:23.226, 1Gb)
Load /ws/output/en/CapabilityStatement-mii-cps-dokument-capabilitystatement.json                     (00:00.000 / 02:23.226, 1Gb)
Load /ws/output/en/new.png                                                                           (00:00.000 / 02:23.227, 1Gb)
Load /ws/output/en/Paketabhaengigkeiten.png                                                          (00:00.000 / 02:23.227, 1Gb)
Load /ws/output/en/tbl_bck02503.png                                                                  (00:00.000 / 02:23.227, 1Gb)
Load /ws/output/en/tbl_bck001010.png                                                                 (00:00.000 / 02:23.228, 1Gb)
Load /ws/output/en/tbl_bck101010.png                                                                 (00:00.000 / 02:23.228, 1Gb)
Load /ws/output/en/StructureDefinition-mii-pr-dokument-dokument-testing.html                         (00:00.000 / 02:23.228, 1Gb)
Load /ws/output/en/StructureDefinition-mii-pr-dokument-dokument.profile.history.html                 (00:00.004 / 02:23.232, 1Gb)
Load /ws/output/en/icon-qi-instructions.png                                                          (00:00.004 / 02:23.237, 1Gb)
Load /ws/output/en/changes.md                                                                        (00:00.000 / 02:23.238, 1Gb)
Load /ws/output/en/StructureDefinition-mii-ex-dokument-nlp-processing-status-testing.html            (00:00.000 / 02:23.238, 1Gb)
Load /ws/output/en/search-parameters-and-operations.html                                             (00:00.003 / 02:23.241, 1Gb)
Load /ws/output/en/icon-clinical.png                                                                 (00:00.005 / 02:23.247, 1Gb)
Load /ws/output/en/tbl_bck111000.png                                                                 (00:00.000 / 02:23.248, 1Gb)
Load /ws/output/en/tbl_bck011000.png                                                                 (00:00.000 / 02:23.248, 1Gb)
Load /ws/output/en/datasets-and-descriptions.html                                                    (00:00.000 / 02:23.248, 1Gb)
Load /ws/output/en/ValueSet-mii-vs-dokument-sct-dokument-kategorie.html                              (00:00.005 / 02:23.254, 1Gb)
Load /ws/output/en/tbl_bck0000101.png                                                                (00:00.004 / 02:23.258, 1Gb)
Load /ws/output/en/tbl_bck0341.png                                                                   (00:00.000 / 02:23.259, 1Gb)
Load /ws/output/en/examples.html                                                                     (00:00.000 / 02:23.259, 1Gb)
Load /ws/output/en/ValueSet-mii-vs-dokument-nlp-processing-status.html                               (00:00.004 / 02:23.263, 1Gb)
Load /ws/output/en/ValueSet-mii-vs-dokument-fachgebiet.json                                          (00:00.006 / 02:23.270, 1Gb)
Load /ws/output/en/tbl_bck00001010.png                                                               (00:00.000 / 02:23.270, 1Gb)
Load /ws/output/en/tbl_bck025010.png                                                                 (00:00.000 / 02:23.271, 1Gb)
Load /ws/output/en/Encounter-AmandaAlzheimerEinrichtungskontakt.xml                                  (00:00.000 / 02:23.271, 1Gb)
Load /ws/output/en/tbl_bck0110110.png                                                                (00:00.000 / 02:23.271, 1Gb)
Load /ws/output/en/StructureDefinition-mii-pr-dokument-dokument.json                                 (00:00.000 / 02:23.272, 1Gb)
Load /ws/output/en/tbl_bck000011111011.png                                                           (00:00.000 / 02:23.272, 1Gb)
Load /ws/output/en/tbl_bck10001.png                                                                  (00:00.000 / 02:23.272, 1Gb)
Load /ws/output/en/tbl_bck05140.png                                                                  (00:00.000 / 02:23.273, 1Gb)
Load /ws/output/en/tbl_bck00010.png                                                                  (00:00.000 / 02:23.273, 1Gb)
Load /ws/output/en/tbl_bck12400.png                                                                  (00:00.000 / 02:23.273, 1Gb)
Load /ws/output/en/tbl_bck1010.png                                                                   (00:00.000 / 02:23.273, 1Gb)
Load /ws/output/en/icon-q-choice.png                                                                 (00:00.000 / 02:23.274, 1Gb)
Load /ws/output/en/StructureDefinition-mii-lm-dokument-definitions.html                              (00:00.000 / 02:23.274, 1Gb)
Load /ws/output/en/icon_group.png                                                                    (00:00.052 / 02:23.326, 1Gb)
Load /ws/output/en/tbl_bck011.png                                                                    (00:00.000 / 02:23.327, 1Gb)
Load /ws/output/en/tbl_bck1400.png                                                                   (00:00.000 / 02:23.327, 1Gb)
Load /ws/output/en/icon_vd_union.png                                                                 (00:00.000 / 02:23.328, 1Gb)
Load /ws/output/en/capability-statements.html                                                        (00:00.000 / 02:23.328, 1Gb)
Load /ws/output/en/tbl_bck01111010.png                                                               (00:00.004 / 02:23.332, 1Gb)
Load /ws/output/en/tbl_bck03.png                                                                     (00:00.000 / 02:23.333, 1Gb)
Load /ws/output/en/Encounter-AmandaAlzheimerEinrichtungskontakt.md                                   (00:00.000 / 02:23.333, 1Gb)
Load /ws/output/en/icon_latest.png                                                                   (00:00.000 / 02:23.334, 1Gb)
Load /ws/output/en/DocumentReference-AmandaAlzheimerOriginalDokument.xml.html                        (00:00.000 / 02:23.334, 1Gb)
Load /ws/output/en/tbl_bck010.png                                                                    (00:00.017 / 02:23.351, 1Gb)
Load /ws/output/en/icon-q-attachment.png                                                             (00:00.000 / 02:23.352, 1Gb)
Load /ws/output/en/tbl_spacer.png                                                                    (00:00.000 / 02:23.352, 1Gb)
Load /ws/output/en/Encounter-AmandaAlzheimerEinrichtungskontakt.json                                 (00:00.000 / 02:23.353, 1Gb)
Load /ws/output/en/tbl_bck1011.png                                                                   (00:00.000 / 02:23.353, 1Gb)
Load /ws/output/en/tbl_bck00011.png                                                                  (00:00.000 / 02:23.353, 1Gb)
Load /ws/output/en/icon-fhir-720.png                                                                 (00:00.000 / 02:23.354, 1Gb)
Load /ws/output/en/icon-q-reference.png                                                              (00:00.000 / 02:23.354, 1Gb)
.Load /ws/output/en/tbl_bck02410.png                                                                  (00:00.000 / 02:23.355, 1Gb)
Load /ws/output/en/Parameters-mii-param-dokument-manifest.html                                       (00:00.000 / 02:23.355, 1Gb)
Load /ws/output/en/tbl_bck10000.png                                                                  (00:00.005 / 02:23.361, 1Gb)
Load /ws/output/en/tbl_bck15150.png                                                                  (00:00.000 / 02:23.361, 1Gb)
Load /ws/output/en/tbl_bck101101.png                                                                 (00:00.000 / 02:23.362, 1Gb)
Load /ws/output/en/tbl_bck15152.png                                                                  (00:00.000 / 02:23.362, 1Gb)
Load /ws/output/en/Encounter-AmandaAlzheimerVersorgungsstellenKontakt.json                           (00:00.000 / 02:23.362, 1Gb)
Load /ws/output/en/icon_page_n_c.gif                                                                 (00:00.000 / 02:23.363, 1Gb)
Load /ws/output/en/tbl_bck111110.png                                                                 (00:00.000 / 02:23.363, 1Gb)
Load /ws/output/en/tbl_bck011110.png                                                                 (00:00.000 / 02:23.364, 1Gb)
Load /ws/output/en/downloads.md                                                                      (00:00.000 / 02:23.364, 1Gb)
Load /ws/output/en/tbl_bck0331.png                                                                   (00:00.000 / 02:23.365, 1Gb)
Load /ws/output/en/summary.png                                                                       (00:00.000 / 02:23.365, 1Gb)
Load /ws/output/en/tbl_bck0251.png                                                                   (00:00.000 / 02:23.366, 1Gb)
Load /ws/output/en/tbl_bck012.png                                                                    (00:00.000 / 02:23.366, 1Gb)
Load /ws/output/en/icon-q-url.png                                                                    (00:00.000 / 02:23.366, 1Gb)
Load /ws/output/en/version-history.html                                                              (00:00.000 / 02:23.367, 1Gb)
Load /ws/output/en/tbl_bck11240.png                                                                  (00:00.005 / 02:23.372, 1Gb)
Load /ws/output/en/tbl_bck125100.png                                                                 (00:00.000 / 02:23.373, 1Gb)
Load /ws/output/en/CodeSystem-mii-cs-dokument-nlp-processing-status.json.html                        (00:00.000 / 02:23.373, 1Gb)
Load /ws/output/en/tbl_bck01.png                                                                     (00:00.006 / 02:23.380, 1Gb)
Load /ws/output/en/tbl_bck15.png                                                                     (00:00.000 / 02:23.381, 1Gb)
Load /ws/output/en/icon-error.gif                                                                    (00:00.000 / 02:23.381, 1Gb)
Load /ws/output/en/tbl_bck00001100.png                                                               (00:00.000 / 02:23.382, 1Gb)
Load /ws/output/en/tbl_bck0010000.png                                                                (00:00.000 / 02:23.382, 1Gb)
Load /ws/output/en/CodeSystem-mii-cs-dokument-nlp-processing-status.json                             (00:00.000 / 02:23.383, 1Gb)
Load /ws/output/en/tbl_bck0110000.png                                                                (00:00.000 / 02:23.383, 1Gb)
Load /ws/output/en/ValueSet-mii-vs-dokument-fachgebiet.xml                                           (00:00.000 / 02:23.384, 1Gb)
Load /ws/output/en/ValueSet-mii-vs-dokument-einrichtungsart.xml.html                                 (00:00.000 / 02:23.385, 1Gb)
Load /ws/output/en/tbl_bck14.png                                                                     (00:00.006 / 02:23.391, 1Gb)
Load /ws/output/en/ValueSet-mii-vs-dokument-format-code.md                                           (00:00.000 / 02:23.392, 1Gb)
Load /ws/output/en/tbl_bck00.png                                                                     (00:00.000 / 02:23.392, 1Gb)
Load /ws/output/en/tbl_bck000011111100.png                                                           (00:00.000 / 02:23.392, 1Gb)
Load /ws/output/en/DocumentReference-AmandaAlzheimerAnnotiertesDokument.change.history.html          (00:00.000 / 02:23.393, 1Gb)
Load /ws/output/en/Encounter-AmandaAlzheimerVersorgungsstellenKontakt.md                             (00:00.003 / 02:23.396, 1Gb)
Load /ws/output/en/tbl_bck0250.png                                                                   (00:00.000 / 02:23.397, 1Gb)
Load /ws/output/en/tbl_bck0000010.png                                                                (00:00.000 / 02:23.397, 1Gb)
Load /ws/output/en/tbl_bck00001110010.png                                                            (00:00.000 / 02:23.397, 1Gb)
Load /ws/output/en/tbl_bck0330.png                                                                   (00:00.000 / 02:23.398, 1Gb)
Load /ws/output/en/icon-infrastructure.png                                                           (00:00.000 / 02:23.398, 1Gb)
Load /ws/output/en/icon-qi-security.png                                                              (00:00.000 / 02:23.399, 1Gb)
Load /ws/output/en/tbl_bck011111.png                                                                 (00:00.000 / 02:23.399, 1Gb)
Load /ws/output/en/DocumentReference-AmandaAlzheimerDeIdentifiziertesDokument.xml                    (00:00.000 / 02:23.400, 1Gb)
Load /ws/output/en/ValueSet-mii-vs-dokument-einrichtungsart.json.html                                (00:00.001 / 02:23.401, 1Gb)
Load /ws/output/en/Encounter-AmandaAlzheimerEinrichtungskontakt.json.html                            (00:00.004 / 02:23.406, 1Gb)
Load /ws/output/en/tbl_bck101100.png                                                                 (00:00.004 / 02:23.410, 1Gb)
Load /ws/output/en/assets/css/xml.css                                                                (00:00.000 / 02:23.411, 1Gb)
Load /ws/output/en/assets/css/jquery-ui.theme.min.css                                                (00:00.000 / 02:23.411, 1Gb)
Load /ws/output/en/assets/css/cqf.css                                                                (00:00.000 / 02:23.411, 1Gb)
Load /ws/output/en/assets/css/mii.css                                                                (00:00.000 / 02:23.412, 1Gb)
Load /ws/output/en/assets/css/hl7.css                                                                (00:00.000 / 02:23.412, 1Gb)
Load /ws/output/en/assets/css/bootstrap-fhir.css                                                     (00:00.000 / 02:23.412, 1Gb)
Load /ws/output/en/assets/css/prism-fhirpath.css                                                     (00:00.000 / 02:23.413, 1Gb)
Load /ws/output/en/assets/css/jquery-ui.css                                                          (00:00.000 / 02:23.413, 1Gb)
Load /ws/output/en/assets/css/bootstrap-glyphicons.css                                               (00:00.000 / 02:23.413, 1Gb)
Load /ws/output/en/assets/css/prism.css                                                              (00:00.000 / 02:23.413, 1Gb)
.Load /ws/output/en/assets/css/jquery-ui.structure.min.css                                            (00:00.000 / 02:23.414, 1Gb)
Load /ws/output/en/assets/css/pygments-manni.css                                                     (00:00.000 / 02:23.414, 1Gb)
Load /ws/output/en/assets/css/project.css                                                            (00:00.000 / 02:23.414, 1Gb)
Load /ws/output/en/assets/images/icon_arrow_up.png                                                   (00:00.000 / 02:23.415, 1Gb)
Load /ws/output/en/assets/images/deu.svg                                                             (00:00.000 / 02:23.415, 1Gb)
Load /ws/output/en/assets/images/external.png                                                        (00:00.000 / 02:23.416, 1Gb)
Load /ws/output/en/assets/images/fhir-logo-www.png                                                   (00:00.000 / 02:23.416, 1Gb)
Load /ws/output/en/assets/images/download.png                                                        (00:00.000 / 02:23.416, 1Gb)
Load /ws/output/en/assets/images/logo-en.svg                                                         (00:00.000 / 02:23.416, 1Gb)
Load /ws/output/en/assets/images/link.svg                                                            (00:00.016 / 02:23.433, 1Gb)
Load /ws/output/en/assets/images/dragon.png                                                          (00:00.000 / 02:23.434, 1Gb)
Load /ws/output/en/assets/images/lang-es.png                                                         (00:00.000 / 02:23.434, 1Gb)
Load /ws/output/en/assets/images/lang-de.png                                                         (00:00.000 / 02:23.434, 1Gb)
Load /ws/output/en/assets/images/001.svg                                                             (00:00.000 / 02:23.435, 1Gb)
Load /ws/output/en/assets/images/target.png                                                          (00:00.002 / 02:23.437, 1Gb)
Load /ws/output/en/assets/images/fcp-logo.png                                                        (00:00.000 / 02:23.437, 1Gb)
Load /ws/output/en/assets/images/lang-pt.png                                                         (00:00.000 / 02:23.438, 1Gb)
Load /ws/output/en/assets/images/search.png                                                          (00:00.000 / 02:23.438, 1Gb)
Load /ws/output/en/assets/images/lang-en.png                                                         (00:00.000 / 02:23.438, 1Gb)
Load /ws/output/en/assets/images/lang-ja.png                                                         (00:00.000 / 02:23.438, 1Gb)
Load /ws/output/en/assets/images/lang-kr.png                                                         (00:00.000 / 02:23.438, 1Gb)
Load /ws/output/en/assets/images/logo_ansinew.jpg                                                    (00:00.000 / 02:23.439, 1Gb)
Load /ws/output/en/assets/images/logo-de.svg                                                         (00:00.000 / 02:23.439, 1Gb)
Load /ws/output/en/assets/images/lang-pt_BR.png                                                      (00:00.009 / 02:23.448, 1Gb)
Load /ws/output/en/assets/images/lang-fr.png                                                         (00:00.000 / 02:23.449, 1Gb)
Load /ws/output/en/assets/images/lang-ru.png                                                         (00:00.000 / 02:23.449, 1Gb)
Load /ws/output/en/assets/images/lang-ar.png                                                         (00:00.000 / 02:23.449, 1Gb)
Load /ws/output/en/assets/images/stripe.png                                                          (00:00.000 / 02:23.449, 1Gb)
Load /ws/output/en/assets/images/hl7-logo-header.png                                                 (00:00.000 / 02:23.450, 1Gb)
Load /ws/output/en/assets/images/lang-nl.png                                                         (00:00.000 / 02:23.450, 1Gb)
Load /ws/output/en/assets/images/lang-zh.png                                                         (00:00.000 / 02:23.450, 1Gb)
Load /ws/output/en/assets/images/lang-zh-TW.png                                                      (00:00.000 / 02:23.450, 1Gb)
Load /ws/output/en/assets/images/icon_arrow_down.png                                                 (00:00.000 / 02:23.451, 1Gb)
Load /ws/output/en/assets/js/html5shiv.js                                                            (00:00.000 / 02:23.451, 1Gb)
Load /ws/output/en/assets/js/flags.js                                                                (00:00.000 / 02:23.451, 1Gb)
Load /ws/output/en/assets/js/prism.js                                                                (00:00.000 / 02:23.451, 1Gb)
Load /ws/output/en/assets/js/mermaid.js                                                              (00:00.000 / 02:23.452, 1Gb)
Load /ws/output/en/assets/js/jquery-ui.min.js                                                        (00:00.000 / 02:23.452, 1Gb)
Load /ws/output/en/assets/js/clipboard-btn.js                                                        (00:00.000 / 02:23.452, 1Gb)
Load /ws/output/en/assets/js/respond.min.js                                                          (00:00.000 / 02:23.452, 1Gb)
Load /ws/output/en/assets/js/prism-fhirpath.js                                                       (00:00.000 / 02:23.453, 1Gb)
Load /ws/output/en/assets/js/xml.js                                                                  (00:00.000 / 02:23.453, 1Gb)
Load /ws/output/en/assets/js/window-hash.js                                                          (00:00.000 / 02:23.453, 1Gb)
Load /ws/output/en/assets/js/clipboard.min.js                                                        (00:00.000 / 02:23.453, 1Gb)
Load /ws/output/en/assets/js/tabs.js                                                                 (00:00.000 / 02:23.454, 1Gb)
Load /ws/output/en/assets/js/jquery-3.7.0.min.map                                                    (00:00.000 / 02:23.454, 1Gb)
Load /ws/output/en/assets/js/mermaid-init.js                                                         (00:00.000 / 02:23.454, 1Gb)
Load /ws/output/en/assets/js/bootstrap.min.js                                                        (00:00.000 / 02:23.454, 1Gb)
Load /ws/output/en/assets/js/fhir-table-scripts.js                                                   (00:00.000 / 02:23.455, 1Gb)
Load /ws/output/en/assets/js/anchor.min.js                                                           (00:00.000 / 02:23.455, 1Gb)
Load /ws/output/en/assets/js/topofpage.js                                                            (00:00.000 / 02:23.455, 1Gb)
Load /ws/output/en/assets/js/fhir.js                                                                 (00:00.000 / 02:23.455, 1Gb)
Load /ws/output/en/assets/js/readme.txt                                                              (00:00.000 / 02:23.456, 1Gb)
Load /ws/output/en/assets/js/lang-redirects.js                                                       (00:00.000 / 02:23.456, 1Gb)
Load /ws/output/en/assets/js/direction-management.js                                                 (00:00.000 / 02:23.456, 1Gb)
Load /ws/output/en/assets/js/anchor-hover.js                                                         (00:00.000 / 02:23.456, 1Gb)
.Load /ws/output/en/assets/js/jquery.js                                                               (00:00.000 / 02:23.456, 1Gb)
Load /ws/output/en/assets/fonts/OpenSans-CondBold-webfont.svg                                        (00:00.000 / 02:23.457, 1Gb)
Load /ws/output/en/assets/fonts/glyphiconshalflings-regular.otf                                      (00:00.023 / 02:23.480, 1Gb)
Load /ws/output/en/assets/fonts/OpenSans-CondLight-webfont.eot                                       (00:00.000 / 02:23.480, 1Gb)
Load /ws/output/en/assets/fonts/glyphiconshalflings-regular.eot                                      (00:00.000 / 02:23.481, 1Gb)
Load /ws/output/en/assets/fonts/OpenSans-CondLight-webfont.ttf                                       (00:00.000 / 02:23.481, 1Gb)
Load /ws/output/en/assets/fonts/glyphiconshalflings-regular.ttf                                      (00:00.000 / 02:23.481, 1Gb)
Load /ws/output/en/assets/fonts/OpenSans-CondLight-webfont.woff                                      (00:00.000 / 02:23.482, 1Gb)
Load /ws/output/en/assets/fonts/glyphiconshalflings-regular.woff                                     (00:00.000 / 02:23.482, 1Gb)
Load /ws/output/en/assets/fonts/OpenSans-CondBold-webfont.ttf                                        (00:00.000 / 02:23.483, 1Gb)
Load /ws/output/en/assets/fonts/OpenSans-CondBold-webfont.woff                                       (00:00.000 / 02:23.483, 1Gb)
Load /ws/output/en/assets/fonts/OpenSans-CondLight-webfont.svg                                       (00:00.000 / 02:23.483, 1Gb)
Load /ws/output/en/assets/fonts/glyphiconshalflings-regular.svg                                      (00:00.027 / 02:23.510, 1Gb)
Load /ws/output/en/assets/fonts/OpenSans-CondBold-webfont.eot                                        (00:00.009 / 02:23.520, 1Gb)
Load /ws/output/en/assets/ico/icon-fhir-114.png                                                      (00:00.000 / 02:23.521, 1Gb)
Load /ws/output/en/assets/ico/icon-fhir-72.png                                                       (00:00.000 / 02:23.521, 1Gb)
Load /ws/output/en/assets/ico/icon-fhir-144.png                                                      (00:00.000 / 02:23.521, 1Gb)
Load /ws/output/en/assets/ico/favicon.png                                                            (00:00.000 / 02:23.522, 1Gb)
Load /ws/output/en/assets/ico/noun_copy to clipboard_1669410.png                                     (00:00.000 / 02:23.522, 1Gb)
Load /ws/output/en/assets/ico/icon-fhir-57.png                                                       (00:00.000 / 02:23.522, 1Gb)
Load /ws/output/en/tbl_bck101110.png                                                                 (00:00.000 / 02:23.523, 1Gb)
Load /ws/output/en/StructureDefinition-mii-lm-dokument.xml                                           (00:00.000 / 02:23.523, 1Gb)
Load /ws/output/en/tbl_bck05152.png                                                                  (00:00.009 / 02:23.533, 1Gb)
Load /ws/output/en/tbl_bck111101.png                                                                 (00:00.000 / 02:23.533, 1Gb)
Load /ws/output/en/tbl_bck0320.png                                                                   (00:00.000 / 02:23.533, 1Gb)
Load /ws/output/en/icon-fhir-24.png                                                                  (00:00.000 / 02:23.534, 1Gb)
Load /ws/output/en/StructureDefinition-mii-pr-dokument-dokument.md                                   (00:00.000 / 02:23.534, 1Gb)
Load /ws/output/en/StructureDefinition-mii-ex-dokument-nlp-processing-status-definitions.html        (00:00.000 / 02:23.534, 1Gb)
Load /ws/output/en/icon-q-string.png                                                                 (00:00.020 / 02:23.554, 1Gb)
Load /ws/output/en/tbl_bck0240.png                                                                   (00:00.000 / 02:23.555, 1Gb)
Load /ws/output/en/tbl_bck0000000.png                                                                (00:00.000 / 02:23.555, 1Gb)
Load /ws/output/en/tbl_bck00001110000.png                                                            (00:00.000 / 02:23.555, 1Gb)
Load /ws/output/en/tbl_bck000011111110.png                                                           (00:00.000 / 02:23.556, 1Gb)
Load /ws/output/en/tbl_bck04.png                                                                     (00:00.000 / 02:23.556, 1Gb)
Load /ws/output/en/tbl_bck00001111.png                                                               (00:00.000 / 02:23.557, 1Gb)
Load /ws/output/en/tbl_bck10.png                                                                     (00:00.000 / 02:23.557, 1Gb)
Load /ws/output/en/tbl_bck125110.png                                                                 (00:00.000 / 02:23.557, 1Gb)
Load /ws/output/en/Encounter-AmandaAlzheimerAbteilungskontakt.json                                   (00:00.000 / 02:23.557, 1Gb)
Load /ws/output/en/tbl_bck11.png                                                                     (00:00.000 / 02:23.558, 1Gb)
Load /ws/output/en/tbl_bck05.png                                                                     (00:00.000 / 02:23.558, 1Gb)
Load /ws/output/en/tbl_bck00001110.png                                                               (00:00.000 / 02:23.558, 1Gb)
Load /ws/output/en/tbl_bck0010010.png                                                                (00:00.000 / 02:23.559, 1Gb)
Load /ws/output/en/tbl_bck0110010.png                                                                (00:00.000 / 02:23.559, 1Gb)
Load /ws/output/en/ValueSet-mii-vs-dokument-sct-dokument-typ.json.html                               (00:00.000 / 02:23.559, 1Gb)
Load /ws/output/en/tbl_vline.png                                                                     (00:00.004 / 02:23.564, 1Gb)
Load /ws/output/en/tbl_bck11250.png                                                                  (00:00.000 / 02:23.564, 1Gb)
Load /ws/output/en/ValueSet-mii-vs-dokument-sct-dokument-typ.html                                    (00:00.000 / 02:23.564, 1Gb)
Load /ws/output/en/CodeSystem-mii-cs-dokument-nlp-processing-status.xml                              (00:00.003 / 02:23.568, 1Gb)
Load /ws/output/en/tbl_bck0241.png                                                                   (00:00.001 / 02:23.569, 1Gb)
Load /ws/output/en/DocumentReference-AmandaAlzheimerDeIdentifiziertesDokument.md                     (00:00.000 / 02:23.569, 1Gb)
Load /ws/output/en/icon_slice_item.png                                                               (00:00.000 / 02:23.570, 1Gb)
Load /ws/output/en/ValueSet-mii-vs-dokument-einrichtungsart.json                                     (00:00.000 / 02:23.570, 1Gb)
Load /ws/output/en/tbl_bck111100.png                                                                 (00:00.000 / 02:23.570, 1Gb)
Load /ws/output/en/tbl_bck011100.png                                                                 (00:00.000 / 02:23.571, 1Gb)
Load /ws/output/en/icon_page_n_p.gif                                                                 (00:00.000 / 02:23.571, 1Gb)
Load /ws/output/en/tbl_vjoin_end.png                                                                 (00:00.000 / 02:23.571, 1Gb)
.Load /ws/output/en/CapabilityStatement-mii-cps-dokument-capabilitystatement-testing.html             (00:00.000 / 02:23.571, 1Gb)
Load /ws/output/en/tbl_bck101111.png                                                                 (00:00.003 / 02:23.575, 1Gb)
Load /ws/output/en/general-requirements.md                                                           (00:00.000 / 02:23.575, 1Gb)
Load /ws/output/en/tbl_bck02400.png                                                                  (00:00.002 / 02:23.578, 1Gb)
Load /ws/output/en/terminology.html                                                                  (00:00.000 / 02:23.578, 1Gb)
Load /ws/output/en/tbl_bck10010.png                                                                  (00:00.004 / 02:23.583, 1Gb)
Load /ws/output/en/tbl_bck15140.png                                                                  (00:00.000 / 02:23.583, 1Gb)
Load /ws/output/en/icon_resource.png                                                                 (00:00.000 / 02:23.584, 1Gb)
Load /ws/output/en/profiles-and-extensions.html                                                      (00:00.000 / 02:23.584, 1Gb)
Load /ws/output/en/tbl_bck00001.png                                                                  (00:00.697 / 02:24.282, 1Gb)
Load /ws/output/en/tbl_bck15424.png                                                                  (00:00.001 / 02:24.283, 1Gb)
Load /ws/output/en/DocumentReference-AmandaAlzheimerOriginalDokument.json                            (00:00.000 / 02:24.284, 1Gb)
Load /ws/output/en/tbl_bck1001.png                                                                   (00:00.000 / 02:24.284, 1Gb)
Load /ws/output/en/icon_modifier_extension_complex.png                                               (00:00.000 / 02:24.285, 1Gb)
Load /ws/output/en/tbl_bck000.png                                                                    (00:00.000 / 02:24.285, 1Gb)
Load /ws/output/en/Informationsmodell.png                                                            (00:00.000 / 02:24.285, 1Gb)
Load /ws/output/en/tbl_bck11252.png                                                                  (00:00.000 / 02:24.286, 1Gb)
Load /ws/output/en/ValueSet-mii-vs-dokument-nlp-processing-status.change.history.html                (00:00.000 / 02:24.286, 1Gb)
Load /ws/output/en/tbl_bck13.png                                                                     (00:00.002 / 02:24.289, 1Gb)
Load /ws/output/en/tbl_blank.png                                                                     (00:00.000 / 02:24.289, 1Gb)
Load /ws/output/en/tbl_bck1410.png                                                                   (00:00.000 / 02:24.289, 1Gb)
Load /ws/output/en/tbl_bck12.png                                                                     (00:00.000 / 02:24.290, 1Gb)
Load /ws/output/en/icon-q-time.png                                                                   (00:00.000 / 02:24.290, 1Gb)
Load /ws/output/en/tbl_bck01111001.png                                                               (00:00.000 / 02:24.290, 1Gb)
Load /ws/output/en/Encounter-AmandaAlzheimerEinrichtungskontakt.change.history.html                  (00:00.000 / 02:24.291, 1Gb)
Load /ws/output/en/DocumentReference-AmandaAlzheimerDeIdentifiziertesDokument.json                   (00:00.002 / 02:24.293, 1Gb)
Load /ws/output/en/icon-qi-horizontal.png                                                            (00:00.000 / 02:24.293, 1Gb)
Load /ws/output/en/StructureDefinition-mii-ex-dokument-nlp-processing-status.profile.history.html    (00:00.000 / 02:24.294, 1Gb)
Load /ws/output/en/tbl_bck001.png                                                                    (00:00.002 / 02:24.296, 1Gb)
Load /ws/output/en/fhir.css                                                                          (00:00.000 / 02:24.296, 1Gb)
Load /ws/output/en/Patient-AmandaAlzheimer.json                                                      (00:00.000 / 02:24.297, 1Gb)
Load /ws/output/en/StructureDefinition-mii-pr-dokument-dokument.profile.json.html                    (00:00.000 / 02:24.297, 1Gb)
Load /ws/output/en/tbl_vline_slicer.png                                                              (00:00.244 / 02:24.542, 1Gb)
Load /ws/output/en/tbl_bck1000.png                                                                   (00:00.002 / 02:24.544, 1Gb)
Load /ws/output/en/icon-fhir-32.png                                                                  (00:00.000 / 02:24.545, 1Gb)
Load /ws/output/en/Encounter-AmandaAlzheimerVersorgungsstellenKontakt.change.history.html            (00:00.000 / 02:24.546, 1Gb)
Load /ws/output/en/tbl_bck05150.png                                                                  (00:00.003 / 02:24.550, 1Gb)
Load /ws/output/en/icon_q_item.png                                                                   (00:00.000 / 02:24.550, 1Gb)
Load /ws/output/en/tbl_bck00000.png                                                                  (00:00.000 / 02:24.550, 1Gb)
Load /ws/output/en/tbl_bck12410.png                                                                  (00:00.000 / 02:24.551, 1Gb)
Load /ws/output/en/tbl_bck10011.png                                                                  (00:00.000 / 02:24.551, 1Gb)
Load /ws/output/Encounter-AmandaAlzheimerVersorgungsstellenKontakt.json                              (00:00.000 / 02:24.551, 1Gb)
Load /ws/output/icon_page_n_c.gif                                                                    (00:00.000 / 02:24.552, 1Gb)
Load /ws/output/tbl_bck111110.png                                                                    (00:00.000 / 02:24.552, 1Gb)
Load /ws/output/valueset-ref-list.json                                                               (00:00.000 / 02:24.552, 1Gb)
Load /ws/output/tbl_bck011110.png                                                                    (00:00.000 / 02:24.553, 1Gb)
Load /ws/output/de.medizininformatikinitiative.kerndatensatz.dokument.de.tgz                         (00:00.000 / 02:24.553, 1Gb)
Load /ws/output/tbl_bck0331.png                                                                      (00:00.000 / 02:24.553, 1Gb)
Load /ws/output/summary.png                                                                          (00:00.000 / 02:24.554, 1Gb)
Load /ws/output/tbl_bck0251.png                                                                      (00:00.000 / 02:24.554, 1Gb)
Load /ws/output/tbl_bck012.png                                                                       (00:00.000 / 02:24.554, 1Gb)
Load /ws/output/icon-q-url.png                                                                       (00:00.000 / 02:24.555, 1Gb)
Load /ws/output/version-history.html                                                                 (00:00.000 / 02:24.555, 1Gb)
Load /ws/output/tbl_bck11240.png                                                                     (00:00.000 / 02:24.556, 1Gb)
Load /ws/output/tbl_bck125100.png                                                                    (00:00.000 / 02:24.556, 1Gb)
Load /ws/output/CodeSystem-mii-cs-dokument-nlp-processing-status.json.html                           (00:00.000 / 02:24.556, 1Gb)
.Load /ws/output/tbl_bck01.png                                                                        (00:00.000 / 02:24.557, 1Gb)
Load /ws/output/tbl_bck15.png                                                                        (00:00.000 / 02:24.557, 1Gb)
Load /ws/output/icon-error.gif                                                                       (00:00.000 / 02:24.558, 1Gb)
Load /ws/output/tbl_bck00001100.png                                                                  (00:00.000 / 02:24.558, 1Gb)
Load /ws/output/tbl_bck0010000.png                                                                   (00:00.000 / 02:24.558, 1Gb)
Load /ws/output/CodeSystem-mii-cs-dokument-nlp-processing-status.json                                (00:00.000 / 02:24.559, 1Gb)
Load /ws/output/tbl_bck0110000.png                                                                   (00:00.000 / 02:24.559, 1Gb)
Load /ws/output/ValueSet-mii-vs-dokument-fachgebiet.xml                                              (00:00.000 / 02:24.559, 1Gb)
Load /ws/output/ValueSet-mii-vs-dokument-einrichtungsart.xml.html                                    (00:00.000 / 02:24.560, 1Gb)
Load /ws/output/tbl_bck14.png                                                                        (00:00.000 / 02:24.561, 1Gb)
Load /ws/output/tbl_bck00.png                                                                        (00:00.000 / 02:24.561, 1Gb)
Load /ws/output/tbl_bck000011111100.png                                                              (00:00.000 / 02:24.561, 1Gb)
Load /ws/output/DocumentReference-AmandaAlzheimerAnnotiertesDokument.change.history.html             (00:00.001 / 02:24.563, 1Gb)
Load /ws/output/tbl_bck0250.png                                                                      (00:00.002 / 02:24.565, 1Gb)
Load /ws/output/tbl_bck0000010.png                                                                   (00:00.000 / 02:24.565, 1Gb)
Load /ws/output/tbl_bck00001110010.png                                                               (00:00.000 / 02:24.565, 1Gb)
Load /ws/output/tbl_bck0330.png                                                                      (00:00.000 / 02:24.566, 1Gb)
Load /ws/output/icon-infrastructure.png                                                              (00:00.000 / 02:24.566, 1Gb)
Load /ws/output/icon-qi-security.png                                                                 (00:00.000 / 02:24.566, 1Gb)
Load /ws/output/tbl_bck011111.png                                                                    (00:00.000 / 02:24.567, 1Gb)
Load /ws/output/DocumentReference-AmandaAlzheimerDeIdentifiziertesDokument.xml                       (00:00.000 / 02:24.567, 1Gb)
Load /ws/output/ValueSet-mii-vs-dokument-einrichtungsart.json.html                                   (00:00.001 / 02:24.568, 1Gb)
Load /ws/output/Encounter-AmandaAlzheimerEinrichtungskontakt.json.html                               (00:00.000 / 02:24.569, 1Gb)
Load /ws/output/mii-cps-dokument-capabilitystatement.openapi.json                                    (00:00.000 / 02:24.570, 1Gb)
Load /ws/output/tbl_bck101100.png                                                                    (00:00.000 / 02:24.570, 1Gb)
Load /ws/output/assets/css/xml.css                                                                   (00:00.000 / 02:24.570, 1Gb)
Load /ws/output/assets/css/jquery-ui.theme.min.css                                                   (00:00.000 / 02:24.571, 1Gb)
Load /ws/output/assets/css/cqf.css                                                                   (00:00.000 / 02:24.571, 1Gb)
Load /ws/output/assets/css/mii.css                                                                   (00:00.000 / 02:24.572, 1Gb)
Load /ws/output/assets/css/hl7.css                                                                   (00:00.000 / 02:24.572, 1Gb)
Load /ws/output/assets/css/bootstrap-fhir.css                                                        (00:00.000 / 02:24.572, 1Gb)
Load /ws/output/assets/css/prism-fhirpath.css                                                        (00:00.000 / 02:24.573, 1Gb)
Load /ws/output/assets/css/jquery-ui.css                                                             (00:00.000 / 02:24.573, 1Gb)
Load /ws/output/assets/css/bootstrap-glyphicons.css                                                  (00:00.000 / 02:24.573, 1Gb)
Load /ws/output/assets/css/prism.css                                                                 (00:00.000 / 02:24.574, 1Gb)
Load /ws/output/assets/css/jquery-ui.structure.min.css                                               (00:00.000 / 02:24.574, 1Gb)
Load /ws/output/assets/css/pygments-manni.css                                                        (00:00.000 / 02:24.574, 1Gb)
Load /ws/output/assets/css/project.css                                                               (00:00.000 / 02:24.575, 1Gb)
Load /ws/output/assets/images/icon_arrow_up.png                                                      (00:00.000 / 02:24.575, 1Gb)
Load /ws/output/assets/images/deu.svg                                                                (00:00.000 / 02:24.575, 1Gb)
Load /ws/output/assets/images/external.png                                                           (00:00.000 / 02:24.576, 1Gb)
Load /ws/output/assets/images/fhir-logo-www.png                                                      (00:00.000 / 02:24.576, 1Gb)
Load /ws/output/assets/images/download.png                                                           (00:00.000 / 02:24.576, 1Gb)
Load /ws/output/assets/images/logo-en.svg                                                            (00:00.000 / 02:24.576, 1Gb)
Load /ws/output/assets/images/link.svg                                                               (00:00.014 / 02:24.590, 1Gb)
Load /ws/output/assets/images/dragon.png                                                             (00:00.000 / 02:24.591, 1Gb)
Load /ws/output/assets/images/lang-es.png                                                            (00:00.000 / 02:24.592, 1Gb)
Load /ws/output/assets/images/lang-de.png                                                            (00:00.000 / 02:24.592, 1Gb)
Load /ws/output/assets/images/001.svg                                                                (00:00.000 / 02:24.592, 1Gb)
Load /ws/output/assets/images/target.png                                                             (00:00.001 / 02:24.594, 1Gb)
Load /ws/output/assets/images/fcp-logo.png                                                           (00:00.000 / 02:24.594, 1Gb)
Load /ws/output/assets/images/lang-pt.png                                                            (00:00.000 / 02:24.595, 1Gb)
Load /ws/output/assets/images/search.png                                                             (00:00.000 / 02:24.595, 1Gb)
Load /ws/output/assets/images/lang-en.png                                                            (00:00.000 / 02:24.595, 1Gb)
Load /ws/output/assets/images/lang-ja.png                                                            (00:00.000 / 02:24.595, 1Gb)
Load /ws/output/assets/images/lang-kr.png                                                            (00:00.000 / 02:24.595, 1Gb)
.Load /ws/output/assets/images/logo_ansinew.jpg                                                       (00:00.000 / 02:24.596, 1Gb)
Load /ws/output/assets/images/logo-de.svg                                                            (00:00.000 / 02:24.596, 1Gb)
Load /ws/output/assets/images/lang-pt_BR.png                                                         (00:00.008 / 02:24.604, 1Gb)
Load /ws/output/assets/images/lang-fr.png                                                            (00:00.000 / 02:24.604, 1Gb)
Load /ws/output/assets/images/lang-ru.png                                                            (00:00.000 / 02:24.605, 1Gb)
Load /ws/output/assets/images/lang-ar.png                                                            (00:00.000 / 02:24.605, 1Gb)
Load /ws/output/assets/images/stripe.png                                                             (00:00.000 / 02:24.605, 1Gb)
Load /ws/output/assets/images/hl7-logo-header.png                                                    (00:00.000 / 02:24.605, 1Gb)
Load /ws/output/assets/images/lang-nl.png                                                            (00:00.000 / 02:24.606, 1Gb)
Load /ws/output/assets/images/lang-zh.png                                                            (00:00.000 / 02:24.606, 1Gb)
Load /ws/output/assets/images/lang-zh-TW.png                                                         (00:00.000 / 02:24.606, 1Gb)
Load /ws/output/assets/images/icon_arrow_down.png                                                    (00:00.000 / 02:24.606, 1Gb)
Load /ws/output/assets/js/html5shiv.js                                                               (00:00.000 / 02:24.607, 1Gb)
Load /ws/output/assets/js/flags.js                                                                   (00:00.000 / 02:24.607, 1Gb)
Load /ws/output/assets/js/prism.js                                                                   (00:00.000 / 02:24.607, 1Gb)
Load /ws/output/assets/js/mermaid.js                                                                 (00:00.000 / 02:24.607, 1Gb)
Load /ws/output/assets/js/jquery-ui.min.js                                                           (00:00.000 / 02:24.608, 1Gb)
Load /ws/output/assets/js/clipboard-btn.js                                                           (00:00.000 / 02:24.608, 1Gb)
Load /ws/output/assets/js/respond.min.js                                                             (00:00.000 / 02:24.608, 1Gb)
Load /ws/output/assets/js/prism-fhirpath.js                                                          (00:00.000 / 02:24.608, 1Gb)
Load /ws/output/assets/js/xml.js                                                                     (00:00.000 / 02:24.608, 1Gb)
Load /ws/output/assets/js/window-hash.js                                                             (00:00.000 / 02:24.609, 1Gb)
Load /ws/output/assets/js/clipboard.min.js                                                           (00:00.000 / 02:24.609, 1Gb)
Load /ws/output/assets/js/tabs.js                                                                    (00:00.000 / 02:24.610, 1Gb)
Load /ws/output/assets/js/jquery-3.7.0.min.map                                                       (00:00.000 / 02:24.610, 1Gb)
Load /ws/output/assets/js/mermaid-init.js                                                            (00:00.000 / 02:24.610, 1Gb)
Load /ws/output/assets/js/bootstrap.min.js                                                           (00:00.000 / 02:24.610, 1Gb)
Load /ws/output/assets/js/fhir-table-scripts.js                                                      (00:00.000 / 02:24.611, 1Gb)
Load /ws/output/assets/js/anchor.min.js                                                              (00:00.000 / 02:24.611, 1Gb)
Load /ws/output/assets/js/topofpage.js                                                               (00:00.000 / 02:24.611, 1Gb)
Load /ws/output/assets/js/fhir.js                                                                    (00:00.000 / 02:24.611, 1Gb)
Load /ws/output/assets/js/readme.txt                                                                 (00:00.000 / 02:24.611, 1Gb)
Load /ws/output/assets/js/lang-redirects.js                                                          (00:00.000 / 02:24.612, 1Gb)
Load /ws/output/assets/js/direction-management.js                                                    (00:00.000 / 02:24.612, 1Gb)
Load /ws/output/assets/js/anchor-hover.js                                                            (00:00.000 / 02:24.612, 1Gb)
Load /ws/output/assets/js/jquery.js                                                                  (00:00.000 / 02:24.612, 1Gb)
Load /ws/output/assets/fonts/OpenSans-CondBold-webfont.svg                                           (00:00.000 / 02:24.613, 1Gb)
Load /ws/output/assets/fonts/glyphiconshalflings-regular.otf                                         (00:00.014 / 02:24.627, 1Gb)
Load /ws/output/assets/fonts/OpenSans-CondLight-webfont.eot                                          (00:00.000 / 02:24.627, 1Gb)
Load /ws/output/assets/fonts/glyphiconshalflings-regular.eot                                         (00:00.000 / 02:24.628, 1Gb)
Load /ws/output/assets/fonts/OpenSans-CondLight-webfont.ttf                                          (00:00.000 / 02:24.628, 1Gb)
Load /ws/output/assets/fonts/glyphiconshalflings-regular.ttf                                         (00:00.000 / 02:24.628, 1Gb)
Load /ws/output/assets/fonts/OpenSans-CondLight-webfont.woff                                         (00:00.000 / 02:24.629, 1Gb)
Load /ws/output/assets/fonts/glyphiconshalflings-regular.woff                                        (00:00.000 / 02:24.629, 1Gb)
Load /ws/output/assets/fonts/OpenSans-CondBold-webfont.ttf                                           (00:00.000 / 02:24.629, 1Gb)
Load /ws/output/assets/fonts/OpenSans-CondBold-webfont.woff                                          (00:00.000 / 02:24.630, 1Gb)
Load /ws/output/assets/fonts/OpenSans-CondLight-webfont.svg                                          (00:00.000 / 02:24.630, 1Gb)
Load /ws/output/assets/fonts/glyphiconshalflings-regular.svg                                         (00:00.018 / 02:24.649, 1Gb)
Load /ws/output/assets/fonts/OpenSans-CondBold-webfont.eot                                           (00:00.008 / 02:24.657, 1Gb)
Load /ws/output/assets/ico/icon-fhir-114.png                                                         (00:00.000 / 02:24.657, 1Gb)
Load /ws/output/assets/ico/icon-fhir-72.png                                                          (00:00.000 / 02:24.658, 1Gb)
Load /ws/output/assets/ico/icon-fhir-144.png                                                         (00:00.000 / 02:24.658, 1Gb)
Load /ws/output/assets/ico/favicon.png                                                               (00:00.000 / 02:24.659, 1Gb)
Load /ws/output/assets/ico/noun_copy to clipboard_1669410.png                                        (00:00.000 / 02:24.659, 1Gb)
Load /ws/output/assets/ico/icon-fhir-57.png                                                          (00:00.000 / 02:24.659, 1Gb)
Load /ws/output/tbl_bck101110.png                                                                    (00:00.000 / 02:24.660, 1Gb)
.Load /ws/output/StructureDefinition-mii-lm-dokument.xml                                              (00:00.000 / 02:24.660, 1Gb)
Load /ws/output/tbl_bck05152.png                                                                     (00:00.009 / 02:24.670, 1Gb)
Load /ws/output/tbl_bck111101.png                                                                    (00:00.000 / 02:24.670, 1Gb)
Load /ws/output/tbl_bck0320.png                                                                      (00:00.000 / 02:24.671, 1Gb)
Load /ws/output/icon-fhir-24.png                                                                     (00:00.000 / 02:24.671, 1Gb)
Load /ws/output/StructureDefinition-mii-ex-dokument-nlp-processing-status-definitions.html           (00:00.000 / 02:24.671, 1Gb)
Load /ws/output/icon-q-string.png                                                                    (00:00.001 / 02:24.673, 1Gb)
Load /ws/output/tbl_bck0240.png                                                                      (00:00.000 / 02:24.673, 1Gb)
Load /ws/output/ValueSet-mii-vs-dokument-sct-dokument-typ.xlsx                                       (00:00.000 / 02:24.673, 1Gb)
Load /ws/output/tbl_bck0000000.png                                                                   (00:00.000 / 02:24.674, 1Gb)
Load /ws/output/tbl_bck00001110000.png                                                               (00:00.000 / 02:24.674, 1Gb)
Load /ws/output/tbl_bck000011111110.png                                                              (00:00.000 / 02:24.675, 1Gb)
Load /ws/output/expansions.xml.zip                                                                   (00:00.000 / 02:24.675, 1Gb)
Load /ws/output/tbl_bck04.png                                                                        (00:00.000 / 02:24.675, 1Gb)
Load /ws/output/tbl_bck00001111.png                                                                  (00:00.000 / 02:24.676, 1Gb)
Load /ws/output/tbl_bck10.png                                                                        (00:00.000 / 02:24.676, 1Gb)
Load /ws/output/tbl_bck125110.png                                                                    (00:00.000 / 02:24.677, 1Gb)
Load /ws/output/Encounter-AmandaAlzheimerAbteilungskontakt.json                                      (00:00.001 / 02:24.679, 1Gb)
Load /ws/output/validator-mii-ig-dokument.pack                                                       (00:00.000 / 02:24.679, 1Gb)
Load /ws/output/tbl_bck11.png                                                                        (00:00.000 / 02:24.680, 1Gb)
Load /ws/output/tbl_bck05.png                                                                        (00:00.000 / 02:24.680, 1Gb)
Load /ws/output/tbl_bck00001110.png                                                                  (00:00.000 / 02:24.680, 1Gb)
Load /ws/output/tbl_bck0010010.png                                                                   (00:00.000 / 02:24.680, 1Gb)
Load /ws/output/tbl_bck0110010.png                                                                   (00:00.000 / 02:24.681, 1Gb)
Load /ws/output/ValueSet-mii-vs-dokument-sct-dokument-typ.json.html                                  (00:00.000 / 02:24.681, 1Gb)
Load /ws/output/tbl_vline.png                                                                        (00:00.000 / 02:24.682, 1Gb)
Load /ws/output/tbl_bck11250.png                                                                     (00:00.000 / 02:24.682, 1Gb)
Load /ws/output/ValueSet-mii-vs-dokument-sct-dokument-typ.html                                       (00:00.000 / 02:24.682, 1Gb)
Load /ws/output/excels.zip                                                                           (00:00.000 / 02:24.683, 1Gb)
Load /ws/output/CodeSystem-mii-cs-dokument-nlp-processing-status.xml                                 (00:00.000 / 02:24.684, 1Gb)
Load /ws/output/tbl_bck0241.png                                                                      (00:00.001 / 02:24.685, 1Gb)
Load /ws/output/all-profiles.xlsx                                                                    (00:00.000 / 02:24.685, 1Gb)
Load /ws/output/icon_slice_item.png                                                                  (00:00.000 / 02:24.685, 1Gb)
Load /ws/output/expansions.json.zip                                                                  (00:00.000 / 02:24.686, 1Gb)
Load /ws/output/ValueSet-mii-vs-dokument-einrichtungsart.json                                        (00:00.000 / 02:24.686, 1Gb)
Load /ws/output/tbl_bck111100.png                                                                    (00:00.000 / 02:24.686, 1Gb)
Load /ws/output/tbl_bck011100.png                                                                    (00:00.000 / 02:24.687, 1Gb)
Load /ws/output/icon_page_n_p.gif                                                                    (00:00.000 / 02:24.687, 1Gb)
Load /ws/output/tbl_vjoin_end.png                                                                    (00:00.000 / 02:24.687, 1Gb)
Load /ws/output/CapabilityStatement-mii-cps-dokument-capabilitystatement-testing.html                (00:00.000 / 02:24.688, 1Gb)
Load /ws/output/tbl_bck101111.png                                                                    (00:00.000 / 02:24.688, 1Gb)
Load /ws/output/tbl_bck11330.png                                                                     (00:00.000 / 02:24.689, 1Gb)
Load /ws/output/tbl_bck02400.png                                                                     (00:00.000 / 02:24.689, 1Gb)
Load /ws/output/terminology.html                                                                     (00:00.000 / 02:24.689, 1Gb)
Load /ws/output/tbl_bck10010.png                                                                     (00:00.000 / 02:24.690, 1Gb)
Load /ws/output/tbl_bck15140.png                                                                     (00:00.000 / 02:24.690, 1Gb)
Load /ws/output/tbl_bck11332.png                                                                     (00:00.000 / 02:24.690, 1Gb)
Load /ws/output/icon_resource.png                                                                    (00:00.000 / 02:24.691, 1Gb)
Load /ws/output/profiles-and-extensions.html                                                         (00:00.000 / 02:24.691, 1Gb)
Load /ws/output/tbl_bck00001.png                                                                     (00:00.000 / 02:24.692, 1Gb)
Load /ws/output/tbl_bck15424.png                                                                     (00:00.000 / 02:24.692, 1Gb)
Load /ws/output/DocumentReference-AmandaAlzheimerOriginalDokument.json                               (00:00.000 / 02:24.692, 1Gb)
Load /ws/output/tbl_bck1001.png                                                                      (00:00.000 / 02:24.692, 1Gb)
Load /ws/output/icon_modifier_extension_complex.png                                                  (00:00.000 / 02:24.693, 1Gb)
Load /ws/output/tbl_bck000.png                                                                       (00:00.000 / 02:24.693, 1Gb)
Load /ws/output/Informationsmodell.png                                                               (00:00.000 / 02:24.693, 1Gb)
.Load /ws/output/tbl_bck11252.png                                                                     (00:00.000 / 02:24.694, 1Gb)
Load /ws/output/ValueSet-mii-vs-dokument-nlp-processing-status.change.history.html                   (00:00.000 / 02:24.694, 1Gb)
Load /ws/output/tbl_bck13.png                                                                        (00:00.001 / 02:24.695, 1Gb)
Load /ws/output/tbl_blank.png                                                                        (00:00.000 / 02:24.695, 1Gb)
Load /ws/output/package.r4b.manifest.json                                                            (00:00.000 / 02:24.696, 1Gb)
Load /ws/output/tbl_bck1410.png                                                                      (00:00.000 / 02:24.696, 1Gb)
Load /ws/output/tbl_bck12.png                                                                        (00:00.000 / 02:24.696, 1Gb)
Load /ws/output/icon-q-time.png                                                                      (00:00.000 / 02:24.696, 1Gb)
Load /ws/output/tbl_bck01111001.png                                                                  (00:00.000 / 02:24.697, 1Gb)
Load /ws/output/Encounter-AmandaAlzheimerEinrichtungskontakt.change.history.html                     (00:00.000 / 02:24.697, 1Gb)
Load /ws/output/DocumentReference-AmandaAlzheimerDeIdentifiziertesDokument.json                      (00:00.000 / 02:24.698, 1Gb)
Load /ws/output/icon-qi-horizontal.png                                                               (00:00.000 / 02:24.698, 1Gb)
Load /ws/output/StructureDefinition-mii-ex-dokument-nlp-processing-status.profile.history.html       (00:00.000 / 02:24.698, 1Gb)
Load /ws/output/tbl_bck001.png                                                                       (00:00.000 / 02:24.699, 1Gb)
Load /ws/output/fhir.css                                                                             (00:00.000 / 02:24.699, 1Gb)
Load /ws/output/Patient-AmandaAlzheimer.json                                                         (00:00.000 / 02:24.699, 1Gb)
Load /ws/output/valueset-ref-list.csv                                                                (00:00.000 / 02:24.700, 1Gb)
Load /ws/output/StructureDefinition-mii-pr-dokument-dokument.profile.json.html                       (00:00.000 / 02:24.700, 1Gb)
Load /ws/output/tbl_vline_slicer.png                                                                 (00:00.000 / 02:24.701, 1Gb)
Load /ws/output/csvs.zip                                                                             (00:00.000 / 02:24.701, 1Gb)
Load /ws/output/tbl_bck1000.png                                                                      (00:00.000 / 02:24.701, 1Gb)
Load /ws/output/icon-fhir-32.png                                                                     (00:00.000 / 02:24.702, 1Gb)
Load /ws/output/sub-package-list.json                                                                (00:00.000 / 02:24.702, 1Gb)
Load /ws/output/Encounter-AmandaAlzheimerVersorgungsstellenKontakt.change.history.html               (00:00.000 / 02:24.702, 1Gb)
Load /ws/output/tbl_bck05150.png                                                                     (00:00.000 / 02:24.703, 1Gb)
Load /ws/output/icon_q_item.png                                                                      (00:00.000 / 02:24.703, 1Gb)
Load /ws/output/tbl_bck00000.png                                                                     (00:00.000 / 02:24.703, 1Gb)
Load /ws/output/tbl_bck12410.png                                                                     (00:00.000 / 02:24.704, 1Gb)
Load /ws/output/observations-summary.xlsx                                                            (00:00.000 / 02:24.704, 1Gb)
Load /ws/output/tbl_bck10011.png                                                                     (00:00.000 / 02:24.704, 1Gb)

Checking Resources                                                                                   (00:00.000 / 02:24.705, 1Gb)
Checking Files                                                                                       (00:00.169 / 02:24.874, 1Gb)
Check /ws/output/CapabilityStatement-mii-cps-dokument-capabilitystatement-testing.html               (00:00.001 / 02:24.876, 1Gb)
Check /ws/output/CapabilityStatement-mii-cps-dokument-capabilitystatement.change.history.html        (00:00.004 / 02:24.880, 1Gb)
Check /ws/output/CapabilityStatement-mii-cps-dokument-capabilitystatement.html                       (00:00.000 / 02:24.881, 1Gb)
Check /ws/output/CapabilityStatement-mii-cps-dokument-capabilitystatement.json                       (00:00.000 / 02:24.882, 1Gb)
Check /ws/output/CapabilityStatement-mii-cps-dokument-capabilitystatement.json.html                  (00:00.000 / 02:24.882, 1Gb)
Check /ws/output/CapabilityStatement-mii-cps-dokument-capabilitystatement.xml                        (00:00.001 / 02:24.884, 1Gb)
Check /ws/output/CapabilityStatement-mii-cps-dokument-capabilitystatement.xml.html                   (00:00.000 / 02:24.884, 1Gb)
Check /ws/output/CodeSystem-mii-cs-dokument-nlp-processing-status-testing.html                       (00:00.001 / 02:24.886, 1Gb)
Check /ws/output/CodeSystem-mii-cs-dokument-nlp-processing-status.change.history.html                (00:00.001 / 02:24.887, 1Gb)
Check /ws/output/CodeSystem-mii-cs-dokument-nlp-processing-status.html                               (00:00.000 / 02:24.888, 1Gb)
Check /ws/output/CodeSystem-mii-cs-dokument-nlp-processing-status.json                               (00:00.000 / 02:24.889, 1Gb)
Check /ws/output/CodeSystem-mii-cs-dokument-nlp-processing-status.json.html                          (00:00.000 / 02:24.890, 1Gb)
Check /ws/output/CodeSystem-mii-cs-dokument-nlp-processing-status.xlsx                               (00:00.000 / 02:24.891, 1Gb)
Check /ws/output/CodeSystem-mii-cs-dokument-nlp-processing-status.xml                                (00:00.000 / 02:24.891, 1Gb)
Check /ws/output/CodeSystem-mii-cs-dokument-nlp-processing-status.xml.html                           (00:00.000 / 02:24.892, 1Gb)
Check /ws/output/DocumentReference-AmandaAlzheimerAnnotiertesDokument.change.history.html            (00:00.000 / 02:24.892, 1Gb)
Check /ws/output/DocumentReference-AmandaAlzheimerAnnotiertesDokument.html                           (00:00.000 / 02:24.893, 1Gb)
Check /ws/output/DocumentReference-AmandaAlzheimerAnnotiertesDokument.json                           (00:00.000 / 02:24.893, 1Gb)
Check /ws/output/DocumentReference-AmandaAlzheimerAnnotiertesDokument.json.html                      (00:00.000 / 02:24.894, 1Gb)
Check /ws/output/DocumentReference-AmandaAlzheimerAnnotiertesDokument.xml                            (00:00.000 / 02:24.894, 1Gb)
Check /ws/output/DocumentReference-AmandaAlzheimerAnnotiertesDokument.xml.html                       (00:00.000 / 02:24.895, 1Gb)
Check /ws/output/DocumentReference-AmandaAlzheimerDeIdentifiziertesDokument.change.history.html      (00:00.000 / 02:24.896, 1Gb)
Check /ws/output/DocumentReference-AmandaAlzheimerDeIdentifiziertesDokument.html                     (00:00.000 / 02:24.896, 1Gb)
Check /ws/output/DocumentReference-AmandaAlzheimerDeIdentifiziertesDokument.json                     (00:00.000 / 02:24.897, 1Gb)
Check /ws/output/DocumentReference-AmandaAlzheimerDeIdentifiziertesDokument.json.html                (00:00.000 / 02:24.898, 1Gb)
Check /ws/output/DocumentReference-AmandaAlzheimerDeIdentifiziertesDokument.xml                      (00:00.000 / 02:24.899, 1Gb)
Check /ws/output/DocumentReference-AmandaAlzheimerDeIdentifiziertesDokument.xml.html                 (00:00.000 / 02:24.899, 1Gb)
Check /ws/output/DocumentReference-AmandaAlzheimerOriginalDokument.change.history.html               (00:00.000 / 02:24.900, 1Gb)
Check /ws/output/DocumentReference-AmandaAlzheimerOriginalDokument.html                              (00:00.001 / 02:24.902, 1Gb)
Check /ws/output/DocumentReference-AmandaAlzheimerOriginalDokument.json                              (00:00.000 / 02:24.902, 1Gb)
Check /ws/output/DocumentReference-AmandaAlzheimerOriginalDokument.json.html                         (00:00.001 / 02:24.904, 1Gb)
Check /ws/output/DocumentReference-AmandaAlzheimerOriginalDokument.xml                               (00:00.002 / 02:24.906, 1Gb)
Check /ws/output/DocumentReference-AmandaAlzheimerOriginalDokument.xml.html                          (00:00.002 / 02:24.908, 1Gb)
Check /ws/output/Encounter-AmandaAlzheimerAbteilungskontakt.change.history.html                      (00:00.001 / 02:24.909, 1Gb)
Check /ws/output/Encounter-AmandaAlzheimerAbteilungskontakt.html                                     (00:00.001 / 02:24.911, 1Gb)
Check /ws/output/Encounter-AmandaAlzheimerAbteilungskontakt.json                                     (00:00.001 / 02:24.912, 1Gb)
Check /ws/output/Encounter-AmandaAlzheimerAbteilungskontakt.json.html                                (00:00.000 / 02:24.913, 1Gb)
Check /ws/output/Encounter-AmandaAlzheimerAbteilungskontakt.xml                                      (00:00.000 / 02:24.914, 1Gb)
Check /ws/output/Encounter-AmandaAlzheimerAbteilungskontakt.xml.html                                 (00:00.000 / 02:24.914, 1Gb)
Check /ws/output/Encounter-AmandaAlzheimerEinrichtungskontakt.change.history.html                    (00:00.000 / 02:24.915, 1Gb)
Check /ws/output/Encounter-AmandaAlzheimerEinrichtungskontakt.html                                   (00:00.000 / 02:24.916, 1Gb)
Check /ws/output/Encounter-AmandaAlzheimerEinrichtungskontakt.json                                   (00:00.000 / 02:24.916, 1Gb)
Check /ws/output/Encounter-AmandaAlzheimerEinrichtungskontakt.json.html                              (00:00.000 / 02:24.917, 1Gb)
Check /ws/output/Encounter-AmandaAlzheimerEinrichtungskontakt.xml                                    (00:00.000 / 02:24.917, 1Gb)
Check /ws/output/Encounter-AmandaAlzheimerEinrichtungskontakt.xml.html                               (00:00.000 / 02:24.918, 1Gb)
Check /ws/output/Encounter-AmandaAlzheimerVersorgungsstellenKontakt.change.history.html              (00:00.001 / 02:24.919, 1Gb)
Check /ws/output/Encounter-AmandaAlzheimerVersorgungsstellenKontakt.html                             (00:00.002 / 02:24.921, 1Gb)
Check /ws/output/Encounter-AmandaAlzheimerVersorgungsstellenKontakt.json                             (00:00.002 / 02:24.924, 1Gb)
Check /ws/output/Encounter-AmandaAlzheimerVersorgungsstellenKontakt.json.html                        (00:00.001 / 02:24.925, 1Gb)
Check /ws/output/Encounter-AmandaAlzheimerVersorgungsstellenKontakt.xml                              (00:00.001 / 02:24.926, 1Gb)
Check /ws/output/Encounter-AmandaAlzheimerVersorgungsstellenKontakt.xml.html                         (00:00.000 / 02:24.927, 1Gb)
Check /ws/output/ExterneDokumentennutzung.png                                                        (00:00.001 / 02:24.929, 1Gb)
Check /ws/output/ImplementationGuide-mii-ig-dokument.json                                            (00:00.002 / 02:24.931, 1Gb)
Check /ws/output/ImplementationGuide-mii-ig-dokument.xml                                             (00:00.002 / 02:24.933, 1Gb)
Check /ws/output/Informationsmodell.png                                                              (00:00.001 / 02:24.934, 1Gb)
Check /ws/output/InterneDokumentennutzung.png                                                        (00:00.003 / 02:24.938, 1Gb)
Check /ws/output/NLP-Pipeline.png                                                                    (00:00.003 / 02:24.942, 1Gb)
.Check /ws/output/Paketabhaengigkeiten.png                                                            (00:00.003 / 02:24.945, 1Gb)
Check /ws/output/Parameters-mii-param-dokument-manifest.change.history.html                          (00:00.002 / 02:24.948, 1Gb)
Check /ws/output/Parameters-mii-param-dokument-manifest.html                                         (00:00.002 / 02:24.950, 1Gb)
Check /ws/output/Parameters-mii-param-dokument-manifest.json                                         (00:00.001 / 02:24.952, 1Gb)
Check /ws/output/Parameters-mii-param-dokument-manifest.json.html                                    (00:00.001 / 02:24.953, 1Gb)
Check /ws/output/Parameters-mii-param-dokument-manifest.xml                                          (00:00.001 / 02:24.955, 1Gb)
Check /ws/output/Parameters-mii-param-dokument-manifest.xml.html                                     (00:00.002 / 02:24.957, 1Gb)
Check /ws/output/Patient-AmandaAlzheimer.change.history.html                                         (00:00.004 / 02:24.962, 1Gb)
Check /ws/output/Patient-AmandaAlzheimer.html                                                        (00:00.001 / 02:24.963, 1Gb)
Check /ws/output/Patient-AmandaAlzheimer.json                                                        (00:00.001 / 02:24.965, 1Gb)
Check /ws/output/Patient-AmandaAlzheimer.json.html                                                   (00:00.000 / 02:24.965, 1Gb)
Check /ws/output/Patient-AmandaAlzheimer.xml                                                         (00:00.001 / 02:24.967, 1Gb)
Check /ws/output/Patient-AmandaAlzheimer.xml.html                                                    (00:00.000 / 02:24.967, 1Gb)
Check /ws/output/StructureDefinition-mii-ex-dokument-nlp-processing-status-definitions.html          (00:00.001 / 02:24.969, 1Gb)
Check /ws/output/StructureDefinition-mii-ex-dokument-nlp-processing-status-mappings.html             (00:00.000 / 02:24.969, 1Gb)
Check /ws/output/StructureDefinition-mii-ex-dokument-nlp-processing-status-testing.html              (00:00.001 / 02:24.971, 1Gb)
Check /ws/output/StructureDefinition-mii-ex-dokument-nlp-processing-status.csv                       (00:00.001 / 02:24.972, 1Gb)
Check /ws/output/StructureDefinition-mii-ex-dokument-nlp-processing-status.html                      (00:00.000 / 02:24.973, 1Gb)
Check /ws/output/StructureDefinition-mii-ex-dokument-nlp-processing-status.json                      (00:00.001 / 02:24.974, 1Gb)
Check /ws/output/StructureDefinition-mii-ex-dokument-nlp-processing-status.profile.history.html      (00:00.000 / 02:24.975, 1Gb)
Check /ws/output/StructureDefinition-mii-ex-dokument-nlp-processing-status.profile.json.html         (00:00.001 / 02:24.976, 1Gb)
Check /ws/output/StructureDefinition-mii-ex-dokument-nlp-processing-status.profile.xml.html          (00:00.001 / 02:24.977, 1Gb)
Check /ws/output/StructureDefinition-mii-ex-dokument-nlp-processing-status.sch                       (00:00.001 / 02:24.979, 1Gb)
Check /ws/output/StructureDefinition-mii-ex-dokument-nlp-processing-status.xlsx                      (00:00.001 / 02:24.980, 1Gb)
Check /ws/output/StructureDefinition-mii-ex-dokument-nlp-processing-status.xml                       (00:00.003 / 02:24.984, 1Gb)
Check /ws/output/StructureDefinition-mii-lm-dokument-definitions.html                                (00:00.000 / 02:24.985, 1Gb)
Check /ws/output/StructureDefinition-mii-lm-dokument-examples.html                                   (00:00.000 / 02:24.986, 1Gb)
Check /ws/output/StructureDefinition-mii-lm-dokument-mappings.html                                   (00:00.000 / 02:24.987, 1Gb)
Check /ws/output/StructureDefinition-mii-lm-dokument-testing.html                                    (00:00.000 / 02:24.988, 1Gb)
Check /ws/output/StructureDefinition-mii-lm-dokument.csv                                             (00:00.000 / 02:24.989, 1Gb)
Check /ws/output/StructureDefinition-mii-lm-dokument.html                                            (00:00.000 / 02:24.989, 1Gb)
Check /ws/output/StructureDefinition-mii-lm-dokument.json                                            (00:00.000 / 02:24.990, 1Gb)
Check /ws/output/StructureDefinition-mii-lm-dokument.profile.history.html                            (00:00.001 / 02:24.991, 1Gb)
Check /ws/output/StructureDefinition-mii-lm-dokument.profile.json.html                               (00:00.000 / 02:24.992, 1Gb)
Check /ws/output/StructureDefinition-mii-lm-dokument.profile.xml.html                                (00:00.000 / 02:24.993, 1Gb)
Check /ws/output/StructureDefinition-mii-lm-dokument.xlsx                                            (00:00.000 / 02:24.994, 1Gb)
Check /ws/output/StructureDefinition-mii-lm-dokument.xml                                             (00:00.000 / 02:24.995, 1Gb)
Check /ws/output/StructureDefinition-mii-pr-dokument-dokument-definitions.html                       (00:00.001 / 02:24.996, 1Gb)
Check /ws/output/StructureDefinition-mii-pr-dokument-dokument-examples.html                          (00:00.000 / 02:24.996, 1Gb)
Check /ws/output/StructureDefinition-mii-pr-dokument-dokument-mappings.html                          (00:00.000 / 02:24.997, 1Gb)
Check /ws/output/StructureDefinition-mii-pr-dokument-dokument-testing.html                           (00:00.000 / 02:24.998, 1Gb)
Check /ws/output/StructureDefinition-mii-pr-dokument-dokument.csv                                    (00:00.000 / 02:24.999, 1Gb)
Check /ws/output/StructureDefinition-mii-pr-dokument-dokument.html                                   (00:00.001 / 02:25.000, 1Gb)
Check /ws/output/StructureDefinition-mii-pr-dokument-dokument.json                                   (00:00.001 / 02:25.002, 1Gb)
Check /ws/output/StructureDefinition-mii-pr-dokument-dokument.profile.history.html                   (00:00.005 / 02:25.007, 1Gb)
Check /ws/output/StructureDefinition-mii-pr-dokument-dokument.profile.json.html                      (00:00.000 / 02:25.007, 1Gb)
Check /ws/output/StructureDefinition-mii-pr-dokument-dokument.profile.xml.html                       (00:00.000 / 02:25.008, 1Gb)
Check /ws/output/StructureDefinition-mii-pr-dokument-dokument.sch                                    (00:00.000 / 02:25.009, 1Gb)
Check /ws/output/StructureDefinition-mii-pr-dokument-dokument.xlsx                                   (00:00.000 / 02:25.009, 1Gb)
Check /ws/output/StructureDefinition-mii-pr-dokument-dokument.xml                                    (00:00.000 / 02:25.010, 1Gb)
Check /ws/output/ValueSet-mii-vs-dokument-einrichtungsart-testing.html                               (00:00.003 / 02:25.013, 1Gb)
Check /ws/output/ValueSet-mii-vs-dokument-einrichtungsart.change.history.html                        (00:00.000 / 02:25.014, 1Gb)
Check /ws/output/ValueSet-mii-vs-dokument-einrichtungsart.html                                       (00:00.000 / 02:25.015, 1Gb)
Check /ws/output/ValueSet-mii-vs-dokument-einrichtungsart.json                                       (00:00.000 / 02:25.015, 1Gb)
Check /ws/output/ValueSet-mii-vs-dokument-einrichtungsart.json.html                                  (00:00.000 / 02:25.015, 1Gb)
Check /ws/output/ValueSet-mii-vs-dokument-einrichtungsart.xlsx                                       (00:00.000 / 02:25.016, 1Gb)
.Check /ws/output/ValueSet-mii-vs-dokument-einrichtungsart.xml                                        (00:00.000 / 02:25.016, 1Gb)
Check /ws/output/ValueSet-mii-vs-dokument-einrichtungsart.xml.html                                   (00:00.000 / 02:25.017, 1Gb)
Check /ws/output/ValueSet-mii-vs-dokument-fachgebiet-testing.html                                    (00:00.000 / 02:25.018, 1Gb)
Check /ws/output/ValueSet-mii-vs-dokument-fachgebiet.change.history.html                             (00:00.000 / 02:25.018, 1Gb)
Check /ws/output/ValueSet-mii-vs-dokument-fachgebiet.html                                            (00:00.000 / 02:25.019, 1Gb)
Check /ws/output/ValueSet-mii-vs-dokument-fachgebiet.json                                            (00:00.000 / 02:25.019, 1Gb)
Check /ws/output/ValueSet-mii-vs-dokument-fachgebiet.json.html                                       (00:00.000 / 02:25.019, 1Gb)
Check /ws/output/ValueSet-mii-vs-dokument-fachgebiet.xlsx                                            (00:00.000 / 02:25.020, 1Gb)
Check /ws/output/ValueSet-mii-vs-dokument-fachgebiet.xml                                             (00:00.000 / 02:25.020, 1Gb)
Check /ws/output/ValueSet-mii-vs-dokument-fachgebiet.xml.html                                        (00:00.000 / 02:25.020, 1Gb)
Check /ws/output/ValueSet-mii-vs-dokument-format-code-testing.html                                   (00:00.000 / 02:25.021, 1Gb)
Check /ws/output/ValueSet-mii-vs-dokument-format-code.change.history.html                            (00:00.000 / 02:25.021, 1Gb)
Check /ws/output/ValueSet-mii-vs-dokument-format-code.html                                           (00:00.000 / 02:25.022, 1Gb)
Check /ws/output/ValueSet-mii-vs-dokument-format-code.json                                           (00:00.000 / 02:25.023, 1Gb)
Check /ws/output/ValueSet-mii-vs-dokument-format-code.json.html                                      (00:00.000 / 02:25.023, 1Gb)
Check /ws/output/ValueSet-mii-vs-dokument-format-code.xlsx                                           (00:00.000 / 02:25.024, 1Gb)
Check /ws/output/ValueSet-mii-vs-dokument-format-code.xml                                            (00:00.000 / 02:25.024, 1Gb)
Check /ws/output/ValueSet-mii-vs-dokument-format-code.xml.html                                       (00:00.000 / 02:25.024, 1Gb)
Check /ws/output/ValueSet-mii-vs-dokument-nlp-processing-status-testing.html                         (00:00.000 / 02:25.025, 1Gb)
Check /ws/output/ValueSet-mii-vs-dokument-nlp-processing-status.change.history.html                  (00:00.000 / 02:25.026, 1Gb)
Check /ws/output/ValueSet-mii-vs-dokument-nlp-processing-status.html                                 (00:00.000 / 02:25.026, 1Gb)
Check /ws/output/ValueSet-mii-vs-dokument-nlp-processing-status.json                                 (00:00.000 / 02:25.027, 1Gb)
Check /ws/output/ValueSet-mii-vs-dokument-nlp-processing-status.json.html                            (00:00.000 / 02:25.027, 1Gb)
Check /ws/output/ValueSet-mii-vs-dokument-nlp-processing-status.xlsx                                 (00:00.000 / 02:25.028, 1Gb)
Check /ws/output/ValueSet-mii-vs-dokument-nlp-processing-status.xml                                  (00:00.000 / 02:25.028, 1Gb)
Check /ws/output/ValueSet-mii-vs-dokument-nlp-processing-status.xml.html                             (00:00.000 / 02:25.029, 1Gb)
Check /ws/output/ValueSet-mii-vs-dokument-sct-dokument-kategorie-testing.html                        (00:00.000 / 02:25.029, 1Gb)
Check /ws/output/ValueSet-mii-vs-dokument-sct-dokument-kategorie.change.history.html                 (00:00.000 / 02:25.030, 1Gb)
Check /ws/output/ValueSet-mii-vs-dokument-sct-dokument-kategorie.html                                (00:00.000 / 02:25.030, 1Gb)
Check /ws/output/ValueSet-mii-vs-dokument-sct-dokument-kategorie.json                                (00:00.000 / 02:25.031, 1Gb)
Check /ws/output/ValueSet-mii-vs-dokument-sct-dokument-kategorie.json.html                           (00:00.000 / 02:25.031, 1Gb)
Check /ws/output/ValueSet-mii-vs-dokument-sct-dokument-kategorie.xlsx                                (00:00.000 / 02:25.032, 1Gb)
Check /ws/output/ValueSet-mii-vs-dokument-sct-dokument-kategorie.xml                                 (00:00.000 / 02:25.032, 1Gb)
Check /ws/output/ValueSet-mii-vs-dokument-sct-dokument-kategorie.xml.html                            (00:00.000 / 02:25.032, 1Gb)
Check /ws/output/ValueSet-mii-vs-dokument-sct-dokument-typ-testing.html                              (00:00.000 / 02:25.033, 1Gb)
Check /ws/output/ValueSet-mii-vs-dokument-sct-dokument-typ.change.history.html                       (00:00.000 / 02:25.033, 1Gb)
Check /ws/output/ValueSet-mii-vs-dokument-sct-dokument-typ.html                                      (00:00.000 / 02:25.034, 1Gb)
Check /ws/output/ValueSet-mii-vs-dokument-sct-dokument-typ.json                                      (00:00.000 / 02:25.034, 1Gb)
Check /ws/output/ValueSet-mii-vs-dokument-sct-dokument-typ.json.html                                 (00:00.000 / 02:25.035, 1Gb)
Check /ws/output/ValueSet-mii-vs-dokument-sct-dokument-typ.xlsx                                      (00:00.000 / 02:25.035, 1Gb)
Check /ws/output/ValueSet-mii-vs-dokument-sct-dokument-typ.xml                                       (00:00.001 / 02:25.037, 1Gb)
Check /ws/output/ValueSet-mii-vs-dokument-sct-dokument-typ.xml.html                                  (00:00.000 / 02:25.037, 1Gb)
Check /ws/output/alert.jpg                                                                           (00:00.000 / 02:25.038, 1Gb)
Check /ws/output/all-profiles.csv                                                                    (00:00.000 / 02:25.038, 1Gb)
Check /ws/output/all-profiles.xlsx                                                                   (00:00.001 / 02:25.039, 1Gb)
Check /ws/output/artifacts.html                                                                      (00:00.000 / 02:25.040, 1Gb)
Check /ws/output/assets/css/bootstrap-fhir.css                                                       (00:00.000 / 02:25.041, 1Gb)
Check /ws/output/assets/css/bootstrap-glyphicons.css                                                 (00:00.000 / 02:25.041, 1Gb)
Check /ws/output/assets/css/cqf.css                                                                  (00:00.000 / 02:25.041, 1Gb)
Check /ws/output/assets/css/hl7.css                                                                  (00:00.000 / 02:25.042, 1Gb)
Check /ws/output/assets/css/jquery-ui.css                                                            (00:00.000 / 02:25.042, 1Gb)
Check /ws/output/assets/css/jquery-ui.structure.min.css                                              (00:00.000 / 02:25.042, 1Gb)
Check /ws/output/assets/css/jquery-ui.theme.min.css                                                  (00:00.000 / 02:25.043, 1Gb)
Check /ws/output/assets/css/mii.css                                                                  (00:00.000 / 02:25.043, 1Gb)
Check /ws/output/assets/css/prism-fhirpath.css                                                       (00:00.000 / 02:25.043, 1Gb)
Check /ws/output/assets/css/prism.css                                                                (00:00.000 / 02:25.044, 1Gb)
.Check /ws/output/assets/css/project.css                                                              (00:00.000 / 02:25.044, 1Gb)
Check /ws/output/assets/css/pygments-manni.css                                                       (00:00.000 / 02:25.045, 1Gb)
Check /ws/output/assets/css/xml.css                                                                  (00:00.000 / 02:25.045, 1Gb)
Check /ws/output/assets/fonts/OpenSans-CondBold-webfont.eot                                          (00:00.000 / 02:25.045, 1Gb)
Check /ws/output/assets/fonts/OpenSans-CondBold-webfont.svg                                          (00:00.000 / 02:25.046, 1Gb)
Check /ws/output/assets/fonts/OpenSans-CondBold-webfont.ttf                                          (00:00.009 / 02:25.055, 1Gb)
Check /ws/output/assets/fonts/OpenSans-CondBold-webfont.woff                                         (00:00.000 / 02:25.056, 1Gb)
Check /ws/output/assets/fonts/OpenSans-CondLight-webfont.eot                                         (00:00.001 / 02:25.058, 1Gb)
Check /ws/output/assets/fonts/OpenSans-CondLight-webfont.svg                                         (00:00.000 / 02:25.058, 1Gb)
Check /ws/output/assets/fonts/OpenSans-CondLight-webfont.ttf                                         (00:00.018 / 02:25.077, 576Mb)
Check /ws/output/assets/fonts/OpenSans-CondLight-webfont.woff                                        (00:00.000 / 02:25.078, 576Mb)
Check /ws/output/assets/fonts/glyphiconshalflings-regular.eot                                        (00:00.000 / 02:25.079, 576Mb)
Check /ws/output/assets/fonts/glyphiconshalflings-regular.otf                                        (00:00.000 / 02:25.079, 576Mb)
Check /ws/output/assets/fonts/glyphiconshalflings-regular.svg                                        (00:00.000 / 02:25.080, 576Mb)
Check /ws/output/assets/fonts/glyphiconshalflings-regular.ttf                                        (00:00.003 / 02:25.084, 582Mb)
Check /ws/output/assets/fonts/glyphiconshalflings-regular.woff                                       (00:00.000 / 02:25.084, 582Mb)
Check /ws/output/assets/ico/favicon.png                                                              (00:00.000 / 02:25.085, 582Mb)
Check /ws/output/assets/ico/icon-fhir-114.png                                                        (00:00.000 / 02:25.085, 582Mb)
Check /ws/output/assets/ico/icon-fhir-144.png                                                        (00:00.000 / 02:25.086, 582Mb)
Check /ws/output/assets/ico/icon-fhir-57.png                                                         (00:00.000 / 02:25.087, 582Mb)
Check /ws/output/assets/ico/icon-fhir-72.png                                                         (00:00.000 / 02:25.087, 582Mb)
Check /ws/output/assets/ico/noun_copy to clipboard_1669410.png                                       (00:00.000 / 02:25.088, 584Mb)
Check /ws/output/assets/images/001.svg                                                               (00:00.000 / 02:25.088, 584Mb)
Check /ws/output/assets/images/deu.svg                                                               (00:00.001 / 02:25.089, 584Mb)
Check /ws/output/assets/images/download.png                                                          (00:00.000 / 02:25.090, 584Mb)
Check /ws/output/assets/images/dragon.png                                                            (00:00.000 / 02:25.090, 584Mb)
Check /ws/output/assets/images/external.png                                                          (00:00.001 / 02:25.092, 586Mb)
Check /ws/output/assets/images/fcp-logo.png                                                          (00:00.000 / 02:25.092, 586Mb)
Check /ws/output/assets/images/fhir-logo-www.png                                                     (00:00.001 / 02:25.093, 586Mb)
Check /ws/output/assets/images/hl7-logo-header.png                                                   (00:00.000 / 02:25.094, 586Mb)
Check /ws/output/assets/images/icon_arrow_down.png                                                   (00:00.000 / 02:25.094, 586Mb)
Check /ws/output/assets/images/icon_arrow_up.png                                                     (00:00.000 / 02:25.094, 586Mb)
Check /ws/output/assets/images/lang-ar.png                                                           (00:00.000 / 02:25.094, 586Mb)
Check /ws/output/assets/images/lang-de.png                                                           (00:00.000 / 02:25.095, 586Mb)
Check /ws/output/assets/images/lang-en.png                                                           (00:00.000 / 02:25.095, 586Mb)
Check /ws/output/assets/images/lang-es.png                                                           (00:00.000 / 02:25.095, 586Mb)
Check /ws/output/assets/images/lang-fr.png                                                           (00:00.000 / 02:25.095, 586Mb)
Check /ws/output/assets/images/lang-ja.png                                                           (00:00.000 / 02:25.096, 586Mb)
Check /ws/output/assets/images/lang-kr.png                                                           (00:00.000 / 02:25.096, 586Mb)
Check /ws/output/assets/images/lang-nl.png                                                           (00:00.000 / 02:25.096, 586Mb)
Check /ws/output/assets/images/lang-pt.png                                                           (00:00.000 / 02:25.097, 586Mb)
Check /ws/output/assets/images/lang-pt_BR.png                                                        (00:00.000 / 02:25.097, 586Mb)
Check /ws/output/assets/images/lang-ru.png                                                           (00:00.000 / 02:25.097, 586Mb)
Check /ws/output/assets/images/lang-zh-TW.png                                                        (00:00.000 / 02:25.097, 586Mb)
Check /ws/output/assets/images/lang-zh.png                                                           (00:00.000 / 02:25.097, 586Mb)
Check /ws/output/assets/images/link.svg                                                              (00:00.000 / 02:25.098, 586Mb)
Check /ws/output/assets/images/logo-de.svg                                                           (00:00.000 / 02:25.098, 586Mb)
Check /ws/output/assets/images/logo-en.svg                                                           (00:00.004 / 02:25.102, 592Mb)
Check /ws/output/assets/images/logo_ansinew.jpg                                                      (00:00.006 / 02:25.109, 600Mb)
Check /ws/output/assets/images/search.png                                                            (00:00.000 / 02:25.109, 600Mb)
Check /ws/output/assets/images/stripe.png                                                            (00:00.000 / 02:25.110, 600Mb)
Check /ws/output/assets/images/target.png                                                            (00:00.000 / 02:25.110, 600Mb)
Check /ws/output/assets/js/anchor-hover.js                                                           (00:00.000 / 02:25.110, 600Mb)
Check /ws/output/assets/js/anchor.min.js                                                             (00:00.000 / 02:25.110, 600Mb)
Check /ws/output/assets/js/bootstrap.min.js                                                          (00:00.000 / 02:25.111, 600Mb)
Check /ws/output/assets/js/clipboard-btn.js                                                          (00:00.000 / 02:25.111, 600Mb)
.Check /ws/output/assets/js/clipboard.min.js                                                          (00:00.000 / 02:25.112, 600Mb)
Check /ws/output/assets/js/direction-management.js                                                   (00:00.000 / 02:25.112, 600Mb)
Check /ws/output/assets/js/fhir-table-scripts.js                                                     (00:00.000 / 02:25.112, 600Mb)
Check /ws/output/assets/js/fhir.js                                                                   (00:00.000 / 02:25.113, 600Mb)
Check /ws/output/assets/js/flags.js                                                                  (00:00.000 / 02:25.113, 600Mb)
Check /ws/output/assets/js/html5shiv.js                                                              (00:00.000 / 02:25.113, 600Mb)
Check /ws/output/assets/js/jquery-3.7.0.min.map                                                      (00:00.000 / 02:25.113, 600Mb)
Check /ws/output/assets/js/jquery-ui.min.js                                                          (00:00.000 / 02:25.114, 601Mb)
Check /ws/output/assets/js/jquery.js                                                                 (00:00.000 / 02:25.114, 601Mb)
Check /ws/output/assets/js/lang-redirects.js                                                         (00:00.000 / 02:25.115, 602Mb)
Check /ws/output/assets/js/mermaid-init.js                                                           (00:00.000 / 02:25.115, 602Mb)
Check /ws/output/assets/js/mermaid.js                                                                (00:00.000 / 02:25.115, 602Mb)
Check /ws/output/assets/js/prism-fhirpath.js                                                         (00:00.024 / 02:25.140, 626Mb)
Check /ws/output/assets/js/prism.js                                                                  (00:00.000 / 02:25.140, 626Mb)
Check /ws/output/assets/js/readme.txt                                                                (00:00.002 / 02:25.143, 628Mb)
Check /ws/output/assets/js/respond.min.js                                                            (00:00.000 / 02:25.143, 628Mb)
Check /ws/output/assets/js/tabs.js                                                                   (00:00.000 / 02:25.143, 628Mb)
Check /ws/output/assets/js/topofpage.js                                                              (00:00.000 / 02:25.144, 628Mb)
Check /ws/output/assets/js/window-hash.js                                                            (00:00.000 / 02:25.144, 628Mb)
Check /ws/output/assets/js/xml.js                                                                    (00:00.000 / 02:25.144, 628Mb)
Check /ws/output/canonicals.json                                                                     (00:00.000 / 02:25.145, 628Mb)
Check /ws/output/capability-statements.html                                                          (00:00.000 / 02:25.145, 628Mb)
Check /ws/output/cc0.png                                                                             (00:00.000 / 02:25.146, 628Mb)
Check /ws/output/changes.html                                                                        (00:00.000 / 02:25.146, 628Mb)
Check /ws/output/codesystem-list.csv                                                                 (00:00.000 / 02:25.147, 628Mb)
Check /ws/output/codesystem-list.json                                                                (00:00.000 / 02:25.147, 628Mb)
Check /ws/output/codesystem-ref-all-list.csv                                                         (00:00.000 / 02:25.147, 628Mb)
Check /ws/output/codesystem-ref-all-list.json                                                        (00:00.000 / 02:25.148, 628Mb)
Check /ws/output/codesystem-ref-list.csv                                                             (00:00.000 / 02:25.148, 628Mb)
Check /ws/output/codesystem-ref-list.json                                                            (00:00.000 / 02:25.149, 628Mb)
Check /ws/output/conformance.html                                                                    (00:00.000 / 02:25.149, 628Mb)
Check /ws/output/csvs.zip                                                                            (00:00.000 / 02:25.150, 628Mb)
Check /ws/output/datasets-and-descriptions.html                                                      (00:00.000 / 02:25.151, 628Mb)
Check /ws/output/de.medizininformatikinitiative.kerndatensatz.dokument.de.manifest.json              (00:00.000 / 02:25.151, 630Mb)
Check /ws/output/de.medizininformatikinitiative.kerndatensatz.dokument.de.tgz                        (00:00.000 / 02:25.152, 630Mb)
Check /ws/output/de.medizininformatikinitiative.kerndatensatz.dokument.en.manifest.json              (00:00.001 / 02:25.153, 630Mb)
Check /ws/output/de.medizininformatikinitiative.kerndatensatz.dokument.en.tgz                        (00:00.000 / 02:25.153, 630Mb)
Check /ws/output/de/CapabilityStatement-mii-cps-dokument-capabilitystatement-testing.html            (00:00.001 / 02:25.154, 630Mb)
Check /ws/output/de/CapabilityStatement-mii-cps-dokument-capabilitystatement.change.history.html     (00:00.008 / 02:25.162, 636Mb)
Check /ws/output/de/CapabilityStatement-mii-cps-dokument-capabilitystatement.html                    (00:00.003 / 02:25.166, 642Mb)
Check /ws/output/de/CapabilityStatement-mii-cps-dokument-capabilitystatement.json                    (00:00.007 / 02:25.174, 660Mb)
Check /ws/output/de/CapabilityStatement-mii-cps-dokument-capabilitystatement.json.html               (00:00.000 / 02:25.174, 660Mb)
Check /ws/output/de/CapabilityStatement-mii-cps-dokument-capabilitystatement.md                      (00:00.013 / 02:25.187, 686Mb)
Check /ws/output/de/CapabilityStatement-mii-cps-dokument-capabilitystatement.xml                     (00:00.000 / 02:25.188, 686Mb)
Check /ws/output/de/CapabilityStatement-mii-cps-dokument-capabilitystatement.xml.html                (00:00.000 / 02:25.189, 686Mb)
Check /ws/output/de/CodeSystem-mii-cs-dokument-nlp-processing-status-testing.html                    (00:00.025 / 02:25.215, 714Mb)
Check /ws/output/de/CodeSystem-mii-cs-dokument-nlp-processing-status.change.history.html             (00:00.005 / 02:25.220, 720Mb)
Check /ws/output/de/CodeSystem-mii-cs-dokument-nlp-processing-status.html                            (00:00.005 / 02:25.225, 726Mb)
Check /ws/output/de/CodeSystem-mii-cs-dokument-nlp-processing-status.json                            (00:00.015 / 02:25.240, 734Mb)
Check /ws/output/de/CodeSystem-mii-cs-dokument-nlp-processing-status.json.html                       (00:00.000 / 02:25.241, 734Mb)
Check /ws/output/de/CodeSystem-mii-cs-dokument-nlp-processing-status.md                              (00:00.010 / 02:25.251, 756Mb)
Check /ws/output/de/CodeSystem-mii-cs-dokument-nlp-processing-status.xml                             (00:00.000 / 02:25.252, 756Mb)
Check /ws/output/de/CodeSystem-mii-cs-dokument-nlp-processing-status.xml.html                        (00:00.000 / 02:25.252, 756Mb)
Check /ws/output/de/DocumentReference-AmandaAlzheimerAnnotiertesDokument.change.history.html         (00:00.010 / 02:25.263, 772Mb)
Check /ws/output/de/DocumentReference-AmandaAlzheimerAnnotiertesDokument.html                        (00:00.005 / 02:25.268, 776Mb)
Check /ws/output/de/DocumentReference-AmandaAlzheimerAnnotiertesDokument.json                        (00:00.005 / 02:25.274, 784Mb)
.Check /ws/output/de/DocumentReference-AmandaAlzheimerAnnotiertesDokument.json.html                   (00:00.001 / 02:25.275, 784Mb)
Check /ws/output/de/DocumentReference-AmandaAlzheimerAnnotiertesDokument.md                          (00:00.024 / 02:25.300, 872Mb)
Check /ws/output/de/DocumentReference-AmandaAlzheimerAnnotiertesDokument.xml                         (00:00.001 / 02:25.301, 872Mb)
Check /ws/output/de/DocumentReference-AmandaAlzheimerAnnotiertesDokument.xml.html                    (00:00.001 / 02:25.302, 872Mb)
Check /ws/output/de/DocumentReference-AmandaAlzheimerDeIdentifiziertesDokument.change.history.html   (00:00.014 / 02:25.316, 960Mb)
Check /ws/output/de/DocumentReference-AmandaAlzheimerDeIdentifiziertesDokument.html                  (00:00.003 / 02:25.320, 966Mb)
Check /ws/output/de/DocumentReference-AmandaAlzheimerDeIdentifiziertesDokument.json                  (00:00.005 / 02:25.325, 974Mb)
Check /ws/output/de/DocumentReference-AmandaAlzheimerDeIdentifiziertesDokument.json.html             (00:00.002 / 02:25.328, 974Mb)
Check /ws/output/de/DocumentReference-AmandaAlzheimerDeIdentifiziertesDokument.md                    (00:00.015 / 02:25.344, 1004Mb)
Check /ws/output/de/DocumentReference-AmandaAlzheimerDeIdentifiziertesDokument.xml                   (00:00.001 / 02:25.345, 1004Mb)
Check /ws/output/de/DocumentReference-AmandaAlzheimerDeIdentifiziertesDokument.xml.html              (00:00.000 / 02:25.346, 1004Mb)
Check /ws/output/de/DocumentReference-AmandaAlzheimerOriginalDokument.change.history.html            (00:00.010 / 02:25.356, 1Gb)
Check /ws/output/de/DocumentReference-AmandaAlzheimerOriginalDokument.html                           (00:00.003 / 02:25.359, 1Gb)
Check /ws/output/de/DocumentReference-AmandaAlzheimerOriginalDokument.json                           (00:00.004 / 02:25.364, 1Gb)
Check /ws/output/de/DocumentReference-AmandaAlzheimerOriginalDokument.json.html                      (00:00.001 / 02:25.366, 1Gb)
Check /ws/output/de/DocumentReference-AmandaAlzheimerOriginalDokument.md                             (00:00.006 / 02:25.372, 1Gb)
Check /ws/output/de/DocumentReference-AmandaAlzheimerOriginalDokument.xml                            (00:00.000 / 02:25.373, 1Gb)
Check /ws/output/de/DocumentReference-AmandaAlzheimerOriginalDokument.xml.html                       (00:00.001 / 02:25.375, 1Gb)
Check /ws/output/de/Encounter-AmandaAlzheimerAbteilungskontakt.change.history.html                   (00:00.008 / 02:25.384, 1Gb)
Check /ws/output/de/Encounter-AmandaAlzheimerAbteilungskontakt.html                                  (00:00.004 / 02:25.388, 1Gb)
Check /ws/output/de/Encounter-AmandaAlzheimerAbteilungskontakt.json                                  (00:00.006 / 02:25.395, 1Gb)
Check /ws/output/de/Encounter-AmandaAlzheimerAbteilungskontakt.json.html                             (00:00.000 / 02:25.396, 1Gb)
Check /ws/output/de/Encounter-AmandaAlzheimerAbteilungskontakt.md                                    (00:00.005 / 02:25.401, 1Gb)
Check /ws/output/de/Encounter-AmandaAlzheimerAbteilungskontakt.xml                                   (00:00.002 / 02:25.404, 1Gb)
Check /ws/output/de/Encounter-AmandaAlzheimerAbteilungskontakt.xml.html                              (00:00.001 / 02:25.405, 1Gb)
Check /ws/output/de/Encounter-AmandaAlzheimerEinrichtungskontakt.change.history.html                 (00:00.010 / 02:25.415, 1Gb)
Check /ws/output/de/Encounter-AmandaAlzheimerEinrichtungskontakt.html                                (00:00.006 / 02:25.422, 1Gb)
Check /ws/output/de/Encounter-AmandaAlzheimerEinrichtungskontakt.json                                (00:00.005 / 02:25.428, 1Gb)
Check /ws/output/de/Encounter-AmandaAlzheimerEinrichtungskontakt.json.html                           (00:00.001 / 02:25.429, 1Gb)
Check /ws/output/de/Encounter-AmandaAlzheimerEinrichtungskontakt.md                                  (00:00.006 / 02:25.435, 1Gb)
Check /ws/output/de/Encounter-AmandaAlzheimerEinrichtungskontakt.xml                                 (00:00.003 / 02:25.439, 1Gb)
Check /ws/output/de/Encounter-AmandaAlzheimerEinrichtungskontakt.xml.html                            (00:00.001 / 02:25.441, 1Gb)
Check /ws/output/de/Encounter-AmandaAlzheimerVersorgungsstellenKontakt.change.history.html           (00:00.006 / 02:25.447, 1Gb)
Check /ws/output/de/Encounter-AmandaAlzheimerVersorgungsstellenKontakt.html                          (00:00.003 / 02:25.451, 1Gb)
Check /ws/output/de/Encounter-AmandaAlzheimerVersorgungsstellenKontakt.json                          (00:00.005 / 02:25.456, 1Gb)
Check /ws/output/de/Encounter-AmandaAlzheimerVersorgungsstellenKontakt.json.html                     (00:00.000 / 02:25.457, 1Gb)
Check /ws/output/de/Encounter-AmandaAlzheimerVersorgungsstellenKontakt.md                            (00:00.004 / 02:25.462, 1Gb)
Check /ws/output/de/Encounter-AmandaAlzheimerVersorgungsstellenKontakt.xml                           (00:00.000 / 02:25.462, 1Gb)
Check /ws/output/de/Encounter-AmandaAlzheimerVersorgungsstellenKontakt.xml.html                      (00:00.000 / 02:25.463, 1Gb)
Check /ws/output/de/ExterneDokumentennutzung.png                                                     (00:00.003 / 02:25.466, 1Gb)
Check /ws/output/de/ImplementationGuide-mii-ig-dokument.json                                         (00:00.000 / 02:25.467, 1Gb)
Check /ws/output/de/ImplementationGuide-mii-ig-dokument.md                                           (00:00.000 / 02:25.468, 1Gb)
Check /ws/output/de/ImplementationGuide-mii-ig-dokument.xml                                          (00:00.000 / 02:25.469, 1Gb)
Check /ws/output/de/Informationsmodell.png                                                           (00:00.000 / 02:25.469, 1Gb)
Check /ws/output/de/InterneDokumentennutzung.png                                                     (00:00.001 / 02:25.471, 1Gb)
Check /ws/output/de/NLP-Pipeline.png                                                                 (00:00.001 / 02:25.472, 1Gb)
Check /ws/output/de/Paketabhaengigkeiten.png                                                         (00:00.000 / 02:25.472, 1Gb)
Check /ws/output/de/Parameters-mii-param-dokument-manifest.change.history.html                       (00:00.001 / 02:25.474, 1Gb)
Check /ws/output/de/Parameters-mii-param-dokument-manifest.html                                      (00:00.003 / 02:25.478, 1Gb)
Check /ws/output/de/Parameters-mii-param-dokument-manifest.json                                      (00:00.005 / 02:25.483, 1Gb)
Check /ws/output/de/Parameters-mii-param-dokument-manifest.json.html                                 (00:00.000 / 02:25.484, 1Gb)
Check /ws/output/de/Parameters-mii-param-dokument-manifest.md                                        (00:00.006 / 02:25.490, 1Gb)
Check /ws/output/de/Parameters-mii-param-dokument-manifest.xml                                       (00:00.001 / 02:25.491, 1Gb)
Check /ws/output/de/Parameters-mii-param-dokument-manifest.xml.html                                  (00:00.001 / 02:25.493, 1Gb)
Check /ws/output/de/Patient-AmandaAlzheimer.change.history.html                                      (00:00.008 / 02:25.501, 1Gb)
Check /ws/output/de/Patient-AmandaAlzheimer.html                                                     (00:00.004 / 02:25.505, 1Gb)
.Check /ws/output/de/Patient-AmandaAlzheimer.json                                                     (00:00.004 / 02:25.509, 1Gb)
Check /ws/output/de/Patient-AmandaAlzheimer.json.html                                                (00:00.000 / 02:25.510, 1Gb)
Check /ws/output/de/Patient-AmandaAlzheimer.md                                                       (00:00.003 / 02:25.513, 1Gb)
Check /ws/output/de/Patient-AmandaAlzheimer.xml                                                      (00:00.000 / 02:25.513, 1Gb)
Check /ws/output/de/Patient-AmandaAlzheimer.xml.html                                                 (00:00.000 / 02:25.514, 1Gb)
Check /ws/output/de/StructureDefinition-mii-ex-dokument-nlp-processing-status-definitions.html       (00:00.002 / 02:25.516, 1Gb)
Check /ws/output/de/StructureDefinition-mii-ex-dokument-nlp-processing-status-mappings.html          (00:00.017 / 02:25.534, 1Gb)
Check /ws/output/de/StructureDefinition-mii-ex-dokument-nlp-processing-status-testing.html           (00:00.002 / 02:25.537, 1Gb)
Check /ws/output/de/StructureDefinition-mii-ex-dokument-nlp-processing-status.html                   (00:00.002 / 02:25.539, 1Gb)
Check /ws/output/de/StructureDefinition-mii-ex-dokument-nlp-processing-status.json                   (00:00.024 / 02:25.564, 1Gb)
Check /ws/output/de/StructureDefinition-mii-ex-dokument-nlp-processing-status.md                     (00:00.001 / 02:25.565, 1Gb)
Check /ws/output/de/StructureDefinition-mii-ex-dokument-nlp-processing-status.profile.history.html   (00:00.000 / 02:25.566, 1Gb)
Check /ws/output/de/StructureDefinition-mii-ex-dokument-nlp-processing-status.profile.json.html      (00:00.003 / 02:25.569, 1Gb)
Check /ws/output/de/StructureDefinition-mii-ex-dokument-nlp-processing-status.profile.xml.html       (00:00.014 / 02:25.584, 1Gb)
Check /ws/output/de/StructureDefinition-mii-ex-dokument-nlp-processing-status.xml                    (00:00.019 / 02:25.603, 1Gb)
Check /ws/output/de/StructureDefinition-mii-lm-dokument-definitions.html                             (00:00.000 / 02:25.603, 1Gb)
Check /ws/output/de/StructureDefinition-mii-lm-dokument-examples.html                                (00:00.045 / 02:25.649, 611Mb)
Check /ws/output/de/StructureDefinition-mii-lm-dokument-mappings.html                                (00:00.002 / 02:25.651, 617Mb)
Check /ws/output/de/StructureDefinition-mii-lm-dokument-testing.html                                 (00:00.002 / 02:25.654, 623Mb)
Check /ws/output/de/StructureDefinition-mii-lm-dokument.html                                         (00:00.002 / 02:25.657, 629Mb)
Check /ws/output/de/StructureDefinition-mii-lm-dokument.json                                         (00:00.066 / 02:25.724, 801Mb)
Check /ws/output/de/StructureDefinition-mii-lm-dokument.md                                           (00:00.001 / 02:25.725, 801Mb)
Check /ws/output/de/StructureDefinition-mii-lm-dokument.profile.history.html                         (00:00.000 / 02:25.725, 801Mb)
Check /ws/output/de/StructureDefinition-mii-lm-dokument.profile.json.html                            (00:00.003 / 02:25.729, 807Mb)
Check /ws/output/de/StructureDefinition-mii-lm-dokument.profile.xml.html                             (00:00.039 / 02:25.769, 919Mb)
Check /ws/output/de/StructureDefinition-mii-lm-dokument.xml                                          (00:00.081 / 02:25.850, 1Gb)
Check /ws/output/de/StructureDefinition-mii-pr-dokument-dokument-definitions.html                    (00:00.001 / 02:25.852, 1Gb)
Check /ws/output/de/StructureDefinition-mii-pr-dokument-dokument-examples.html                       (00:00.471 / 02:26.323, 1Gb)
Check /ws/output/de/StructureDefinition-mii-pr-dokument-dokument-mappings.html                       (00:00.005 / 02:26.328, 1Gb)
Check /ws/output/de/StructureDefinition-mii-pr-dokument-dokument-testing.html                        (00:00.132 / 02:26.461, 635Mb)
Check /ws/output/de/StructureDefinition-mii-pr-dokument-dokument.html                                (00:00.006 / 02:26.468, 641Mb)
Check /ws/output/de/StructureDefinition-mii-pr-dokument-dokument.json                                (00:00.361 / 02:26.829, 1Gb)
Check /ws/output/de/StructureDefinition-mii-pr-dokument-dokument.md                                  (00:00.003 / 02:26.832, 1Gb)
Check /ws/output/de/StructureDefinition-mii-pr-dokument-dokument.profile.history.html                (00:00.000 / 02:26.833, 1Gb)
Check /ws/output/de/StructureDefinition-mii-pr-dokument-dokument.profile.json.html                   (00:00.002 / 02:26.836, 1Gb)
Check /ws/output/de/StructureDefinition-mii-pr-dokument-dokument.profile.xml.html                    (00:00.314 / 02:27.151, 839Mb)
Check /ws/output/de/StructureDefinition-mii-pr-dokument-dokument.xml                                 (00:01.095 / 02:28.246, 1Gb)
Check /ws/output/de/ValueSet-mii-vs-dokument-einrichtungsart-testing.html                            (00:00.015 / 02:28.262, 1Gb)
Check /ws/output/de/ValueSet-mii-vs-dokument-einrichtungsart.change.history.html                     (00:00.033 / 02:28.295, 1Gb)
Check /ws/output/de/ValueSet-mii-vs-dokument-einrichtungsart.html                                    (00:00.030 / 02:28.325, 1Gb)
Check /ws/output/de/ValueSet-mii-vs-dokument-einrichtungsart.json                                    (00:00.025 / 02:28.351, 1Gb)
Check /ws/output/de/ValueSet-mii-vs-dokument-einrichtungsart.json.html                               (00:00.000 / 02:28.352, 1Gb)
Check /ws/output/de/ValueSet-mii-vs-dokument-einrichtungsart.md                                      (00:00.046 / 02:28.398, 1Gb)
Check /ws/output/de/ValueSet-mii-vs-dokument-einrichtungsart.xml                                     (00:00.000 / 02:28.398, 1Gb)
Check /ws/output/de/ValueSet-mii-vs-dokument-einrichtungsart.xml.html                                (00:00.000 / 02:28.399, 1Gb)
Check /ws/output/de/ValueSet-mii-vs-dokument-fachgebiet-testing.html                                 (00:00.045 / 02:28.444, 1Gb)
Check /ws/output/de/ValueSet-mii-vs-dokument-fachgebiet.change.history.html                          (00:00.026 / 02:28.470, 1Gb)
Check /ws/output/de/ValueSet-mii-vs-dokument-fachgebiet.html                                         (00:00.026 / 02:28.497, 1Gb)
Check /ws/output/de/ValueSet-mii-vs-dokument-fachgebiet.json                                         (00:00.020 / 02:28.517, 1Gb)
Check /ws/output/de/ValueSet-mii-vs-dokument-fachgebiet.json.html                                    (00:00.000 / 02:28.518, 1Gb)
Check /ws/output/de/ValueSet-mii-vs-dokument-fachgebiet.md                                           (00:00.022 / 02:28.540, 1Gb)
Check /ws/output/de/ValueSet-mii-vs-dokument-fachgebiet.xml                                          (00:00.000 / 02:28.541, 1Gb)
Check /ws/output/de/ValueSet-mii-vs-dokument-fachgebiet.xml.html                                     (00:00.000 / 02:28.542, 1Gb)
Check /ws/output/de/ValueSet-mii-vs-dokument-format-code-testing.html                                (00:00.029 / 02:28.571, 1Gb)
Check /ws/output/de/ValueSet-mii-vs-dokument-format-code.change.history.html                         (00:00.022 / 02:28.594, 1Gb)
Check /ws/output/de/ValueSet-mii-vs-dokument-format-code.html                                        (00:00.019 / 02:28.613, 1Gb)
.Check /ws/output/de/ValueSet-mii-vs-dokument-format-code.json                                        (00:00.021 / 02:28.635, 1Gb)
Check /ws/output/de/ValueSet-mii-vs-dokument-format-code.json.html                                   (00:00.000 / 02:28.635, 1Gb)
Check /ws/output/de/ValueSet-mii-vs-dokument-format-code.md                                          (00:00.033 / 02:28.668, 1Gb)
Check /ws/output/de/ValueSet-mii-vs-dokument-format-code.xml                                         (00:00.000 / 02:28.669, 1Gb)
Check /ws/output/de/ValueSet-mii-vs-dokument-format-code.xml.html                                    (00:00.000 / 02:28.669, 1Gb)
Check /ws/output/de/ValueSet-mii-vs-dokument-nlp-processing-status-testing.html                      (00:00.031 / 02:28.701, 1Gb)
Check /ws/output/de/ValueSet-mii-vs-dokument-nlp-processing-status.change.history.html               (00:00.025 / 02:28.726, 1Gb)
Check /ws/output/de/ValueSet-mii-vs-dokument-nlp-processing-status.html                              (00:00.021 / 02:28.747, 1Gb)
Check /ws/output/de/ValueSet-mii-vs-dokument-nlp-processing-status.json                              (00:00.054 / 02:28.802, 1Gb)
Check /ws/output/de/ValueSet-mii-vs-dokument-nlp-processing-status.json.html                         (00:00.001 / 02:28.803, 1Gb)
Check /ws/output/de/ValueSet-mii-vs-dokument-nlp-processing-status.md                                (00:00.041 / 02:28.845, 1Gb)
Check /ws/output/de/ValueSet-mii-vs-dokument-nlp-processing-status.xml                               (00:00.000 / 02:28.846, 1Gb)
Check /ws/output/de/ValueSet-mii-vs-dokument-nlp-processing-status.xml.html                          (00:00.000 / 02:28.846, 1Gb)
Check /ws/output/de/ValueSet-mii-vs-dokument-sct-dokument-kategorie-testing.html                     (00:00.026 / 02:28.872, 1Gb)
Check /ws/output/de/ValueSet-mii-vs-dokument-sct-dokument-kategorie.change.history.html              (00:00.023 / 02:28.896, 1Gb)
Check /ws/output/de/ValueSet-mii-vs-dokument-sct-dokument-kategorie.html                             (00:00.013 / 02:28.910, 1Gb)
Check /ws/output/de/ValueSet-mii-vs-dokument-sct-dokument-kategorie.json                             (00:00.025 / 02:28.935, 1Gb)
Check /ws/output/de/ValueSet-mii-vs-dokument-sct-dokument-kategorie.json.html                        (00:00.000 / 02:28.936, 1Gb)
Check /ws/output/de/ValueSet-mii-vs-dokument-sct-dokument-kategorie.md                               (00:00.031 / 02:28.968, 1Gb)
Check /ws/output/de/ValueSet-mii-vs-dokument-sct-dokument-kategorie.xml                              (00:00.000 / 02:28.968, 1Gb)
Check /ws/output/de/ValueSet-mii-vs-dokument-sct-dokument-kategorie.xml.html                         (00:00.000 / 02:28.969, 1Gb)
Check /ws/output/de/ValueSet-mii-vs-dokument-sct-dokument-typ-testing.html                           (00:00.034 / 02:29.003, 1Gb)
Check /ws/output/de/ValueSet-mii-vs-dokument-sct-dokument-typ.change.history.html                    (00:00.022 / 02:29.025, 1Gb)
Check /ws/output/de/ValueSet-mii-vs-dokument-sct-dokument-typ.html                                   (00:00.029 / 02:29.055, 1Gb)
Check /ws/output/de/ValueSet-mii-vs-dokument-sct-dokument-typ.json                                   (00:00.033 / 02:29.088, 1Gb)
Check /ws/output/de/ValueSet-mii-vs-dokument-sct-dokument-typ.json.html                              (00:00.000 / 02:29.088, 1Gb)
Check /ws/output/de/ValueSet-mii-vs-dokument-sct-dokument-typ.md                                     (00:00.035 / 02:29.124, 1Gb)
Check /ws/output/de/ValueSet-mii-vs-dokument-sct-dokument-typ.xml                                    (00:00.000 / 02:29.124, 1Gb)
Check /ws/output/de/ValueSet-mii-vs-dokument-sct-dokument-typ.xml.html                               (00:00.000 / 02:29.124, 1Gb)
Check /ws/output/de/ai.zip                                                                           (00:00.035 / 02:29.160, 1Gb)
Check /ws/output/de/alert.jpg                                                                        (00:00.001 / 02:29.161, 1Gb)
Check /ws/output/de/artifacts.html                                                                   (00:00.000 / 02:29.162, 1Gb)
Check /ws/output/de/artifacts.md                                                                     (00:00.084 / 02:29.246, 1Gb)
Check /ws/output/de/assets/css/bootstrap-fhir.css                                                    (00:00.000 / 02:29.247, 1Gb)
Check /ws/output/de/assets/css/bootstrap-glyphicons.css                                              (00:00.000 / 02:29.248, 1Gb)
Check /ws/output/de/assets/css/cqf.css                                                               (00:00.000 / 02:29.248, 1Gb)
Check /ws/output/de/assets/css/hl7.css                                                               (00:00.000 / 02:29.248, 1Gb)
Check /ws/output/de/assets/css/jquery-ui.css                                                         (00:00.000 / 02:29.249, 1Gb)
Check /ws/output/de/assets/css/jquery-ui.structure.min.css                                           (00:00.000 / 02:29.249, 1Gb)
Check /ws/output/de/assets/css/jquery-ui.theme.min.css                                               (00:00.000 / 02:29.250, 1Gb)
Check /ws/output/de/assets/css/mii.css                                                               (00:00.000 / 02:29.250, 1Gb)
Check /ws/output/de/assets/css/prism-fhirpath.css                                                    (00:00.000 / 02:29.251, 1Gb)
Check /ws/output/de/assets/css/prism.css                                                             (00:00.000 / 02:29.251, 1Gb)
Check /ws/output/de/assets/css/project.css                                                           (00:00.000 / 02:29.251, 1Gb)
Check /ws/output/de/assets/css/pygments-manni.css                                                    (00:00.000 / 02:29.252, 1Gb)
Check /ws/output/de/assets/css/xml.css                                                               (00:00.000 / 02:29.252, 1Gb)
Check /ws/output/de/assets/fonts/OpenSans-CondBold-webfont.eot                                       (00:00.000 / 02:29.252, 1Gb)
Check /ws/output/de/assets/fonts/OpenSans-CondBold-webfont.svg                                       (00:00.000 / 02:29.253, 1Gb)
Check /ws/output/de/assets/fonts/OpenSans-CondBold-webfont.ttf                                       (00:00.065 / 02:29.318, 1Gb)
Check /ws/output/de/assets/fonts/OpenSans-CondBold-webfont.woff                                      (00:00.000 / 02:29.319, 1Gb)
Check /ws/output/de/assets/fonts/OpenSans-CondLight-webfont.eot                                      (00:00.001 / 02:29.320, 1Gb)
Check /ws/output/de/assets/fonts/OpenSans-CondLight-webfont.svg                                      (00:00.001 / 02:29.321, 1Gb)
Check /ws/output/de/assets/fonts/OpenSans-CondLight-webfont.ttf                                      (00:00.090 / 02:29.412, 1Gb)
Check /ws/output/de/assets/fonts/OpenSans-CondLight-webfont.woff                                     (00:00.000 / 02:29.413, 1Gb)
Check /ws/output/de/assets/fonts/glyphiconshalflings-regular.eot                                     (00:00.000 / 02:29.413, 1Gb)
Check /ws/output/de/assets/fonts/glyphiconshalflings-regular.otf                                     (00:00.000 / 02:29.414, 1Gb)
.Check /ws/output/de/assets/fonts/glyphiconshalflings-regular.svg                                     (00:00.008 / 02:29.423, 1Gb)
Check /ws/output/de/assets/fonts/glyphiconshalflings-regular.ttf                                     (00:00.016 / 02:29.440, 1Gb)
Check /ws/output/de/assets/fonts/glyphiconshalflings-regular.woff                                    (00:00.000 / 02:29.440, 1Gb)
Check /ws/output/de/assets/ico/favicon.png                                                           (00:00.000 / 02:29.441, 1Gb)
Check /ws/output/de/assets/ico/icon-fhir-114.png                                                     (00:00.000 / 02:29.442, 1Gb)
Check /ws/output/de/assets/ico/icon-fhir-144.png                                                     (00:00.006 / 02:29.449, 1Gb)
Check /ws/output/de/assets/ico/icon-fhir-57.png                                                      (00:00.000 / 02:29.449, 1Gb)
Check /ws/output/de/assets/ico/icon-fhir-72.png                                                      (00:00.000 / 02:29.450, 1Gb)
Check /ws/output/de/assets/ico/noun_copy to clipboard_1669410.png                                    (00:00.000 / 02:29.450, 1Gb)
Check /ws/output/de/assets/images/001.svg                                                            (00:00.000 / 02:29.451, 1Gb)
Check /ws/output/de/assets/images/deu.svg                                                            (00:00.007 / 02:29.458, 1Gb)
Check /ws/output/de/assets/images/download.png                                                       (00:00.000 / 02:29.459, 1Gb)
Check /ws/output/de/assets/images/dragon.png                                                         (00:00.000 / 02:29.459, 1Gb)
Check /ws/output/de/assets/images/external.png                                                       (00:00.001 / 02:29.461, 1Gb)
Check /ws/output/de/assets/images/fcp-logo.png                                                       (00:00.000 / 02:29.461, 1Gb)
Check /ws/output/de/assets/images/fhir-logo-www.png                                                  (00:00.001 / 02:29.463, 1Gb)
Check /ws/output/de/assets/images/hl7-logo-header.png                                                (00:00.000 / 02:29.463, 1Gb)
Check /ws/output/de/assets/images/icon_arrow_down.png                                                (00:00.000 / 02:29.463, 1Gb)
Check /ws/output/de/assets/images/icon_arrow_up.png                                                  (00:00.000 / 02:29.464, 1Gb)
Check /ws/output/de/assets/images/lang-ar.png                                                        (00:00.000 / 02:29.464, 1Gb)
Check /ws/output/de/assets/images/lang-de.png                                                        (00:00.000 / 02:29.464, 1Gb)
Check /ws/output/de/assets/images/lang-en.png                                                        (00:00.000 / 02:29.464, 1Gb)
Check /ws/output/de/assets/images/lang-es.png                                                        (00:00.000 / 02:29.464, 1Gb)
Check /ws/output/de/assets/images/lang-fr.png                                                        (00:00.000 / 02:29.465, 1Gb)
Check /ws/output/de/assets/images/lang-ja.png                                                        (00:00.000 / 02:29.465, 1Gb)
Check /ws/output/de/assets/images/lang-kr.png                                                        (00:00.000 / 02:29.465, 1Gb)
Check /ws/output/de/assets/images/lang-nl.png                                                        (00:00.000 / 02:29.465, 1Gb)
Check /ws/output/de/assets/images/lang-pt.png                                                        (00:00.000 / 02:29.466, 1Gb)
Check /ws/output/de/assets/images/lang-pt_BR.png                                                     (00:00.000 / 02:29.466, 1Gb)
Check /ws/output/de/assets/images/lang-ru.png                                                        (00:00.000 / 02:29.466, 1Gb)
Check /ws/output/de/assets/images/lang-zh-TW.png                                                     (00:00.000 / 02:29.466, 1Gb)
Check /ws/output/de/assets/images/lang-zh.png                                                        (00:00.000 / 02:29.467, 1Gb)
Check /ws/output/de/assets/images/link.svg                                                           (00:00.000 / 02:29.467, 1Gb)
Check /ws/output/de/assets/images/logo-de.svg                                                        (00:00.007 / 02:29.475, 1Gb)
Check /ws/output/de/assets/images/logo-en.svg                                                        (00:00.023 / 02:29.498, 1Gb)
Check /ws/output/de/assets/images/logo_ansinew.jpg                                                   (00:00.039 / 02:29.538, 1Gb)
Check /ws/output/de/assets/images/search.png                                                         (00:00.000 / 02:29.539, 1Gb)
Check /ws/output/de/assets/images/stripe.png                                                         (00:00.000 / 02:29.539, 1Gb)
Check /ws/output/de/assets/images/target.png                                                         (00:00.000 / 02:29.539, 1Gb)
Check /ws/output/de/assets/js/anchor-hover.js                                                        (00:00.000 / 02:29.540, 1Gb)
Check /ws/output/de/assets/js/anchor.min.js                                                          (00:00.000 / 02:29.540, 1Gb)
Check /ws/output/de/assets/js/bootstrap.min.js                                                       (00:00.000 / 02:29.541, 1Gb)
Check /ws/output/de/assets/js/clipboard-btn.js                                                       (00:00.000 / 02:29.541, 1Gb)
Check /ws/output/de/assets/js/clipboard.min.js                                                       (00:00.000 / 02:29.541, 1Gb)
Check /ws/output/de/assets/js/direction-management.js                                                (00:00.000 / 02:29.542, 1Gb)
Check /ws/output/de/assets/js/fhir-table-scripts.js                                                  (00:00.000 / 02:29.542, 1Gb)
Check /ws/output/de/assets/js/fhir.js                                                                (00:00.000 / 02:29.542, 1Gb)
Check /ws/output/de/assets/js/flags.js                                                               (00:00.000 / 02:29.542, 1Gb)
Check /ws/output/de/assets/js/html5shiv.js                                                           (00:00.000 / 02:29.543, 1Gb)
Check /ws/output/de/assets/js/jquery-3.7.0.min.map                                                   (00:00.000 / 02:29.543, 1Gb)
Check /ws/output/de/assets/js/jquery-ui.min.js                                                       (00:00.001 / 02:29.545, 1Gb)
Check /ws/output/de/assets/js/jquery.js                                                              (00:00.000 / 02:29.545, 1Gb)
Check /ws/output/de/assets/js/lang-redirects.js                                                      (00:00.000 / 02:29.545, 1Gb)
Check /ws/output/de/assets/js/mermaid-init.js                                                        (00:00.000 / 02:29.546, 1Gb)
Check /ws/output/de/assets/js/mermaid.js                                                             (00:00.000 / 02:29.546, 1Gb)
Check /ws/output/de/assets/js/prism-fhirpath.js                                                      (00:00.039 / 02:29.586, 1Gb)
.Check /ws/output/de/assets/js/prism.js                                                               (00:00.000 / 02:29.586, 1Gb)
Check /ws/output/de/assets/js/readme.txt                                                             (00:00.009 / 02:29.595, 1Gb)
Check /ws/output/de/assets/js/respond.min.js                                                         (00:00.000 / 02:29.596, 1Gb)
Check /ws/output/de/assets/js/tabs.js                                                                (00:00.000 / 02:29.596, 1Gb)
Check /ws/output/de/assets/js/topofpage.js                                                           (00:00.000 / 02:29.596, 1Gb)
Check /ws/output/de/assets/js/window-hash.js                                                         (00:00.000 / 02:29.596, 1Gb)
Check /ws/output/de/assets/js/xml.js                                                                 (00:00.000 / 02:29.597, 1Gb)
Check /ws/output/de/capability-statements.html                                                       (00:00.000 / 02:29.597, 1Gb)
Check /ws/output/de/capability-statements.md                                                         (00:00.030 / 02:29.627, 1Gb)
Check /ws/output/de/cc0.png                                                                          (00:00.000 / 02:29.628, 1Gb)
Check /ws/output/de/changes.html                                                                     (00:00.000 / 02:29.628, 1Gb)
Check /ws/output/de/changes.md                                                                       (00:00.024 / 02:29.653, 1Gb)
Check /ws/output/de/conformance.html                                                                 (00:00.000 / 02:29.653, 1Gb)
Check /ws/output/de/conformance.md                                                                   (00:00.030 / 02:29.684, 1Gb)
Check /ws/output/de/datasets-and-descriptions.html                                                   (00:00.000 / 02:29.684, 1Gb)
Check /ws/output/de/datasets-and-descriptions.md                                                     (00:00.066 / 02:29.751, 1Gb)
Check /ws/output/de/downloads.html                                                                   (00:00.000 / 02:29.752, 1Gb)
Check /ws/output/de/downloads.md                                                                     (00:00.035 / 02:29.787, 1Gb)
Check /ws/output/de/examples.html                                                                    (00:00.001 / 02:29.788, 1Gb)
Check /ws/output/de/examples.md                                                                      (00:00.027 / 02:29.816, 1Gb)
Check /ws/output/de/external.png                                                                     (00:00.000 / 02:29.816, 1Gb)
Check /ws/output/de/fhir-table-scripts.js                                                            (00:00.000 / 02:29.817, 1Gb)
Check /ws/output/de/fhir.css                                                                         (00:00.000 / 02:29.817, 1Gb)
Check /ws/output/de/general-requirements.html                                                        (00:00.000 / 02:29.817, 1Gb)
Check /ws/output/de/general-requirements.md                                                          (00:00.031 / 02:29.849, 1Gb)
Check /ws/output/de/guidance.html                                                                    (00:00.000 / 02:29.849, 1Gb)
Check /ws/output/de/guidance.md                                                                      (00:00.016 / 02:29.866, 1Gb)
Check /ws/output/de/icon-administration.png                                                          (00:00.000 / 02:29.867, 1Gb)
Check /ws/output/de/icon-change-add.png                                                              (00:00.000 / 02:29.867, 1Gb)
Check /ws/output/de/icon-change-edit.png                                                             (00:00.000 / 02:29.868, 1Gb)
Check /ws/output/de/icon-change-remove.png                                                           (00:00.000 / 02:29.868, 1Gb)
Check /ws/output/de/icon-clinical.png                                                                (00:00.000 / 02:29.869, 1Gb)
Check /ws/output/de/icon-dictionary.png                                                              (00:00.000 / 02:29.869, 1Gb)
Check /ws/output/de/icon-directory.gif                                                               (00:00.000 / 02:29.870, 1Gb)
Check /ws/output/de/icon-documentation.png                                                           (00:00.000 / 02:29.870, 1Gb)
Check /ws/output/de/icon-error.gif                                                                   (00:00.005 / 02:29.875, 1Gb)
Check /ws/output/de/icon-example.png                                                                 (00:00.000 / 02:29.876, 1Gb)
Check /ws/output/de/icon-fhir-1024.png                                                               (00:00.000 / 02:29.876, 1Gb)
Check /ws/output/de/icon-fhir-128.png                                                                (00:00.001 / 02:29.877, 1Gb)
Check /ws/output/de/icon-fhir-16-grey.png                                                            (00:00.000 / 02:29.878, 1Gb)
Check /ws/output/de/icon-fhir-16.png                                                                 (00:00.000 / 02:29.878, 1Gb)
Check /ws/output/de/icon-fhir-24.png                                                                 (00:00.000 / 02:29.878, 1Gb)
Check /ws/output/de/icon-fhir-32.png                                                                 (00:00.000 / 02:29.878, 1Gb)
Check /ws/output/de/icon-fhir-48.png                                                                 (00:00.000 / 02:29.879, 1Gb)
Check /ws/output/de/icon-fhir-64.png                                                                 (00:00.000 / 02:29.879, 1Gb)
Check /ws/output/de/icon-fhir-720.png                                                                (00:00.000 / 02:29.879, 1Gb)
Check /ws/output/de/icon-implementation.png                                                          (00:00.000 / 02:29.880, 1Gb)
Check /ws/output/de/icon-include.png                                                                 (00:00.000 / 02:29.880, 1Gb)
Check /ws/output/de/icon-infrastructure.png                                                          (00:00.000 / 02:29.881, 1Gb)
Check /ws/output/de/icon-key.png                                                                     (00:00.000 / 02:29.881, 1Gb)
Check /ws/output/de/icon-list.gif                                                                    (00:00.000 / 02:29.882, 1Gb)
Check /ws/output/de/icon-not-selected.png                                                            (00:00.000 / 02:29.882, 1Gb)
Check /ws/output/de/icon-object-box.png                                                              (00:00.000 / 02:29.882, 1Gb)
Check /ws/output/de/icon-page.png                                                                    (00:00.000 / 02:29.883, 1Gb)
Check /ws/output/de/icon-q-attachment.png                                                            (00:00.000 / 02:29.883, 1Gb)
Check /ws/output/de/icon-q-boolean.png                                                               (00:00.000 / 02:29.884, 1Gb)
.Check /ws/output/de/icon-q-choice.png                                                                (00:00.000 / 02:29.884, 1Gb)
Check /ws/output/de/icon-q-coding.png                                                                (00:00.000 / 02:29.885, 1Gb)
Check /ws/output/de/icon-q-date.png                                                                  (00:00.000 / 02:29.885, 1Gb)
Check /ws/output/de/icon-q-datetime.png                                                              (00:00.002 / 02:29.887, 1Gb)
Check /ws/output/de/icon-q-decimal.png                                                               (00:00.000 / 02:29.888, 1Gb)
Check /ws/output/de/icon-q-display.png                                                               (00:00.000 / 02:29.889, 1Gb)
Check /ws/output/de/icon-q-group.png                                                                 (00:00.000 / 02:29.889, 1Gb)
Check /ws/output/de/icon-q-integer.png                                                               (00:00.000 / 02:29.890, 1Gb)
Check /ws/output/de/icon-q-item.png                                                                  (00:00.000 / 02:29.890, 1Gb)
Check /ws/output/de/icon-q-open-choice.png                                                           (00:00.000 / 02:29.891, 1Gb)
Check /ws/output/de/icon-q-quantity.png                                                              (00:00.000 / 02:29.892, 1Gb)
Check /ws/output/de/icon-q-reference.png                                                             (00:00.000 / 02:29.893, 1Gb)
Check /ws/output/de/icon-q-string.png                                                                (00:00.000 / 02:29.893, 1Gb)
Check /ws/output/de/icon-q-text.png                                                                  (00:00.000 / 02:29.894, 1Gb)
Check /ws/output/de/icon-q-time.png                                                                  (00:00.000 / 02:29.894, 1Gb)
Check /ws/output/de/icon-q-url.png                                                                   (00:00.000 / 02:29.895, 1Gb)
Check /ws/output/de/icon-qi-help.png                                                                 (00:00.000 / 02:29.895, 1Gb)
Check /ws/output/de/icon-qi-hidden.png                                                               (00:00.000 / 02:29.896, 1Gb)
Check /ws/output/de/icon-qi-horizontal.png                                                           (00:00.000 / 02:29.896, 1Gb)
Check /ws/output/de/icon-qi-instructions.png                                                         (00:00.000 / 02:29.896, 1Gb)
Check /ws/output/de/icon-qi-observation.png                                                          (00:00.000 / 02:29.897, 1Gb)
Check /ws/output/de/icon-qi-optional.png                                                             (00:00.000 / 02:29.897, 1Gb)
Check /ws/output/de/icon-qi-readonly.png                                                             (00:00.000 / 02:29.897, 1Gb)
Check /ws/output/de/icon-qi-security.bmp                                                             (00:00.000 / 02:29.898, 1Gb)
Check /ws/output/de/icon-qi-security.png                                                             (00:00.000 / 02:29.898, 1Gb)
Check /ws/output/de/icon-qi-subject.png                                                              (00:00.000 / 02:29.899, 1Gb)
Check /ws/output/de/icon-qi-vertical.png                                                             (00:00.000 / 02:29.899, 1Gb)
Check /ws/output/de/icon-resource.png                                                                (00:00.000 / 02:29.900, 1Gb)
Check /ws/output/de/icon-selected.png                                                                (00:00.000 / 02:29.901, 1Gb)
Check /ws/output/de/icon-toc.png                                                                     (00:00.000 / 02:29.901, 1Gb)
Check /ws/output/de/icon-type-operation.png                                                          (00:00.000 / 02:29.902, 1Gb)
Check /ws/output/de/icon-warning.png                                                                 (00:00.000 / 02:29.902, 1Gb)
Check /ws/output/de/icon_bundle.png                                                                  (00:00.005 / 02:29.907, 1Gb)
Check /ws/output/de/icon_choice.gif                                                                  (00:00.000 / 02:29.907, 1Gb)
Check /ws/output/de/icon_datatype.gif                                                                (00:00.000 / 02:29.908, 1Gb)
Check /ws/output/de/icon_element.gif                                                                 (00:00.000 / 02:29.908, 1Gb)
Check /ws/output/de/icon_entry_blue.png                                                              (00:00.000 / 02:29.908, 1Gb)
Check /ws/output/de/icon_extension.png                                                               (00:00.000 / 02:29.909, 1Gb)
Check /ws/output/de/icon_extension_complex.png                                                       (00:00.000 / 02:29.909, 1Gb)
Check /ws/output/de/icon_extension_simple.png                                                        (00:00.000 / 02:29.909, 1Gb)
Check /ws/output/de/icon_fixed.gif                                                                   (00:00.000 / 02:29.909, 1Gb)
Check /ws/output/de/icon_group.png                                                                   (00:00.000 / 02:29.909, 1Gb)
Check /ws/output/de/icon_latest.png                                                                  (00:00.000 / 02:29.910, 1Gb)
Check /ws/output/de/icon_modifier_extension_complex.png                                              (00:00.000 / 02:29.910, 1Gb)
Check /ws/output/de/icon_modifier_extension_simple.png                                               (00:00.000 / 02:29.910, 1Gb)
Check /ws/output/de/icon_page-child.gif                                                              (00:00.000 / 02:29.911, 1Gb)
Check /ws/output/de/icon_page.gif                                                                    (00:00.000 / 02:29.911, 1Gb)
Check /ws/output/de/icon_page_n.gif                                                                  (00:00.000 / 02:29.911, 1Gb)
Check /ws/output/de/icon_page_n_c.gif                                                                (00:00.000 / 02:29.912, 1Gb)
Check /ws/output/de/icon_page_n_i.gif                                                                (00:00.000 / 02:29.912, 1Gb)
Check /ws/output/de/icon_page_n_o.gif                                                                (00:00.000 / 02:29.912, 1Gb)
Check /ws/output/de/icon_page_n_p.gif                                                                (00:00.000 / 02:29.912, 1Gb)
Check /ws/output/de/icon_primitive.png                                                               (00:00.000 / 02:29.912, 1Gb)
Check /ws/output/de/icon_profile.png                                                                 (00:00.000 / 02:29.913, 1Gb)
Check /ws/output/de/icon_q_item.png                                                                  (00:00.000 / 02:29.913, 1Gb)
Check /ws/output/de/icon_q_root.gif                                                                  (00:00.000 / 02:29.913, 1Gb)
.Check /ws/output/de/icon_reference.png                                                               (00:00.000 / 02:29.913, 1Gb)
Check /ws/output/de/icon_resource.png                                                                (00:00.000 / 02:29.914, 1Gb)
Check /ws/output/de/icon_reuse.png                                                                   (00:00.000 / 02:29.914, 1Gb)
Check /ws/output/de/icon_slice.png                                                                   (00:00.000 / 02:29.914, 1Gb)
Check /ws/output/de/icon_slice_item.png                                                              (00:00.000 / 02:29.914, 1Gb)
Check /ws/output/de/icon_text.png                                                                    (00:00.000 / 02:29.915, 1Gb)
Check /ws/output/de/icon_vd_col.png                                                                  (00:00.000 / 02:29.915, 1Gb)
Check /ws/output/de/icon_vd_foreach.png                                                              (00:00.000 / 02:29.915, 1Gb)
Check /ws/output/de/icon_vd_select.png                                                               (00:00.000 / 02:29.915, 1Gb)
Check /ws/output/de/icon_vd_union.png                                                                (00:00.000 / 02:29.915, 1Gb)
Check /ws/output/de/icon_vd_view.png                                                                 (00:00.000 / 02:29.916, 1Gb)
Check /ws/output/de/implementer-guidance.html                                                        (00:00.000 / 02:29.916, 1Gb)
Check /ws/output/de/implementer-guidance.md                                                          (00:00.117 / 02:30.034, 1Gb)
Check /ws/output/de/index.html                                                                       (00:00.000 / 02:30.035, 1Gb)
Check /ws/output/de/index.md                                                                         (00:00.048 / 02:30.083, 1Gb)
Check /ws/output/de/information.png                                                                  (00:00.000 / 02:30.083, 1Gb)
Check /ws/output/de/link.svg                                                                         (00:00.000 / 02:30.084, 1Gb)
Check /ws/output/de/llms.txt                                                                         (00:00.000 / 02:30.084, 1Gb)
Check /ws/output/de/lock.png                                                                         (00:00.000 / 02:30.084, 1Gb)
Check /ws/output/de/logical-models.html                                                              (00:00.000 / 02:30.085, 1Gb)
Check /ws/output/de/logical-models.md                                                                (00:00.104 / 02:30.189, 1Gb)
Check /ws/output/de/metadata.html                                                                    (00:00.000 / 02:30.190, 1Gb)
Check /ws/output/de/metadata.md                                                                      (00:00.134 / 02:30.324, 2Gb)
Check /ws/output/de/missing-data.html                                                                (00:00.000 / 02:30.325, 2Gb)
Check /ws/output/de/missing-data.md                                                                  (00:00.026 / 02:30.351, 2Gb)
Check /ws/output/de/modifier.png                                                                     (00:00.000 / 02:30.352, 2Gb)
Check /ws/output/de/must-support.html                                                                (00:00.000 / 02:30.352, 2Gb)
Check /ws/output/de/must-support.md                                                                  (00:00.005 / 02:30.358, 2Gb)
Check /ws/output/de/mustsupport.png                                                                  (00:00.000 / 02:30.358, 2Gb)
Check /ws/output/de/new.png                                                                          (00:00.002 / 02:30.361, 2Gb)
Check /ws/output/de/prism.css                                                                        (00:00.000 / 02:30.362, 2Gb)
Check /ws/output/de/prism.js                                                                         (00:00.000 / 02:30.362, 2Gb)
Check /ws/output/de/profiles-and-extensions.html                                                     (00:00.002 / 02:30.365, 2Gb)
Check /ws/output/de/profiles-and-extensions.md                                                       (00:01.628 / 02:31.994, 1Gb)
Check /ws/output/de/researcher-guidance.html                                                         (00:00.001 / 02:31.995, 1Gb)
Check /ws/output/de/researcher-guidance.md                                                           (00:00.008 / 02:32.004, 1Gb)
Check /ws/output/de/search-parameters-and-operations.html                                            (00:00.000 / 02:32.004, 1Gb)
Check /ws/output/de/search-parameters-and-operations.md                                              (00:00.014 / 02:32.019, 1Gb)
Check /ws/output/de/searchform.html                                                                  (00:00.000 / 02:32.020, 1Gb)
Check /ws/output/de/security-and-privacy.html                                                        (00:00.003 / 02:32.023, 1Gb)
Check /ws/output/de/security-and-privacy.md                                                          (00:00.008 / 02:32.031, 1Gb)
Check /ws/output/de/summary.png                                                                      (00:00.000 / 02:32.032, 1Gb)
Check /ws/output/de/target.png                                                                       (00:00.000 / 02:32.032, 1Gb)
Check /ws/output/de/tbl-closed.png                                                                   (00:00.000 / 02:32.033, 1Gb)
Check /ws/output/de/tbl-open.png                                                                     (00:00.000 / 02:32.033, 1Gb)
Check /ws/output/de/tbl_bck0.png                                                                     (00:00.000 / 02:32.034, 1Gb)
Check /ws/output/de/tbl_bck00.png                                                                    (00:00.000 / 02:32.034, 1Gb)
Check /ws/output/de/tbl_bck000.png                                                                   (00:00.000 / 02:32.034, 1Gb)
Check /ws/output/de/tbl_bck0000.png                                                                  (00:00.000 / 02:32.035, 1Gb)
Check /ws/output/de/tbl_bck00000.png                                                                 (00:00.000 / 02:32.035, 1Gb)
Check /ws/output/de/tbl_bck000000.png                                                                (00:00.000 / 02:32.036, 1Gb)
Check /ws/output/de/tbl_bck0000000.png                                                               (00:00.000 / 02:32.036, 1Gb)
Check /ws/output/de/tbl_bck000001.png                                                                (00:00.000 / 02:32.036, 1Gb)
Check /ws/output/de/tbl_bck0000010.png                                                               (00:00.000 / 02:32.037, 1Gb)
Check /ws/output/de/tbl_bck00001.png                                                                 (00:00.000 / 02:32.037, 1Gb)
Check /ws/output/de/tbl_bck000010.png                                                                (00:00.000 / 02:32.037, 1Gb)
.Check /ws/output/de/tbl_bck0000100.png                                                               (00:00.000 / 02:32.038, 1Gb)
Check /ws/output/de/tbl_bck000010000.png                                                             (00:00.000 / 02:32.038, 1Gb)
Check /ws/output/de/tbl_bck00001001.png                                                              (00:00.000 / 02:32.038, 1Gb)
Check /ws/output/de/tbl_bck000010010.png                                                             (00:00.000 / 02:32.039, 1Gb)
Check /ws/output/de/tbl_bck0000101.png                                                               (00:00.000 / 02:32.039, 1Gb)
Check /ws/output/de/tbl_bck00001010.png                                                              (00:00.000 / 02:32.039, 1Gb)
Check /ws/output/de/tbl_bck000011.png                                                                (00:00.000 / 02:32.039, 1Gb)
Check /ws/output/de/tbl_bck0000110.png                                                               (00:00.000 / 02:32.040, 1Gb)
Check /ws/output/de/tbl_bck00001100.png                                                              (00:00.000 / 02:32.040, 1Gb)
Check /ws/output/de/tbl_bck0000111.png                                                               (00:00.000 / 02:32.040, 1Gb)
Check /ws/output/de/tbl_bck00001110.png                                                              (00:00.000 / 02:32.040, 1Gb)
Check /ws/output/de/tbl_bck000011100.png                                                             (00:00.000 / 02:32.041, 1Gb)
Check /ws/output/de/tbl_bck0000111000.png                                                            (00:00.000 / 02:32.041, 1Gb)
Check /ws/output/de/tbl_bck00001110000.png                                                           (00:00.000 / 02:32.041, 1Gb)
Check /ws/output/de/tbl_bck0000111001.png                                                            (00:00.000 / 02:32.042, 1Gb)
Check /ws/output/de/tbl_bck00001110010.png                                                           (00:00.000 / 02:32.042, 1Gb)
Check /ws/output/de/tbl_bck000011101.png                                                             (00:00.000 / 02:32.042, 1Gb)
Check /ws/output/de/tbl_bck0000111010.png                                                            (00:00.000 / 02:32.042, 1Gb)
Check /ws/output/de/tbl_bck00001110100.png                                                           (00:00.000 / 02:32.043, 1Gb)
Check /ws/output/de/tbl_bck0000111011.png                                                            (00:00.000 / 02:32.043, 1Gb)
Check /ws/output/de/tbl_bck00001110110.png                                                           (00:00.000 / 02:32.044, 1Gb)
Check /ws/output/de/tbl_bck00001111.png                                                              (00:00.000 / 02:32.044, 1Gb)
Check /ws/output/de/tbl_bck000011110.png                                                             (00:00.000 / 02:32.044, 1Gb)
Check /ws/output/de/tbl_bck0000111100.png                                                            (00:00.000 / 02:32.044, 1Gb)
Check /ws/output/de/tbl_bck000011110000.png                                                          (00:00.000 / 02:32.045, 1Gb)
Check /ws/output/de/tbl_bck00001111001.png                                                           (00:00.000 / 02:32.045, 1Gb)
Check /ws/output/de/tbl_bck000011110010.png                                                          (00:00.000 / 02:32.045, 1Gb)
Check /ws/output/de/tbl_bck0000111101.png                                                            (00:00.000 / 02:32.046, 1Gb)
Check /ws/output/de/tbl_bck00001111010.png                                                           (00:00.000 / 02:32.046, 1Gb)
Check /ws/output/de/tbl_bck000011111.png                                                             (00:00.000 / 02:32.046, 1Gb)
Check /ws/output/de/tbl_bck0000111110.png                                                            (00:00.000 / 02:32.047, 1Gb)
Check /ws/output/de/tbl_bck00001111100.png                                                           (00:00.000 / 02:32.047, 1Gb)
Check /ws/output/de/tbl_bck000011111000.png                                                          (00:00.000 / 02:32.047, 1Gb)
Check /ws/output/de/tbl_bck00001111101.png                                                           (00:00.000 / 02:32.047, 1Gb)
Check /ws/output/de/tbl_bck000011111010.png                                                          (00:00.000 / 02:32.048, 1Gb)
Check /ws/output/de/tbl_bck0000111110100.png                                                         (00:00.000 / 02:32.048, 1Gb)
Check /ws/output/de/tbl_bck000011111011.png                                                          (00:00.002 / 02:32.050, 1Gb)
Check /ws/output/de/tbl_bck0000111110110.png                                                         (00:00.000 / 02:32.051, 1Gb)
Check /ws/output/de/tbl_bck0000111111.png                                                            (00:00.000 / 02:32.051, 1Gb)
Check /ws/output/de/tbl_bck00001111110.png                                                           (00:00.000 / 02:32.051, 1Gb)
Check /ws/output/de/tbl_bck000011111100.png                                                          (00:00.000 / 02:32.052, 1Gb)
Check /ws/output/de/tbl_bck00001111111.png                                                           (00:00.000 / 02:32.052, 1Gb)
Check /ws/output/de/tbl_bck000011111110.png                                                          (00:00.000 / 02:32.052, 1Gb)
Check /ws/output/de/tbl_bck0001.png                                                                  (00:00.000 / 02:32.053, 1Gb)
Check /ws/output/de/tbl_bck00010.png                                                                 (00:00.000 / 02:32.053, 1Gb)
Check /ws/output/de/tbl_bck000100.png                                                                (00:00.000 / 02:32.053, 1Gb)
Check /ws/output/de/tbl_bck00011.png                                                                 (00:00.000 / 02:32.053, 1Gb)
Check /ws/output/de/tbl_bck000110.png                                                                (00:00.000 / 02:32.054, 1Gb)
Check /ws/output/de/tbl_bck001.png                                                                   (00:00.001 / 02:32.055, 1Gb)
Check /ws/output/de/tbl_bck0010.png                                                                  (00:00.000 / 02:32.055, 1Gb)
Check /ws/output/de/tbl_bck00100.png                                                                 (00:00.000 / 02:32.055, 1Gb)
Check /ws/output/de/tbl_bck001000.png                                                                (00:00.000 / 02:32.056, 1Gb)
Check /ws/output/de/tbl_bck0010000.png                                                               (00:00.000 / 02:32.056, 1Gb)
Check /ws/output/de/tbl_bck001001.png                                                                (00:00.000 / 02:32.056, 1Gb)
Check /ws/output/de/tbl_bck0010010.png                                                               (00:00.000 / 02:32.057, 1Gb)
Check /ws/output/de/tbl_bck00101.png                                                                 (00:00.000 / 02:32.057, 1Gb)
.Check /ws/output/de/tbl_bck001010.png                                                                (00:00.000 / 02:32.057, 1Gb)
Check /ws/output/de/tbl_bck0011.png                                                                  (00:00.000 / 02:32.057, 1Gb)
Check /ws/output/de/tbl_bck00110.png                                                                 (00:00.000 / 02:32.058, 1Gb)
Check /ws/output/de/tbl_bck01.png                                                                    (00:00.000 / 02:32.058, 1Gb)
Check /ws/output/de/tbl_bck010.png                                                                   (00:00.000 / 02:32.058, 1Gb)
Check /ws/output/de/tbl_bck0100.png                                                                  (00:00.000 / 02:32.058, 1Gb)
Check /ws/output/de/tbl_bck01000.png                                                                 (00:00.000 / 02:32.059, 1Gb)
Check /ws/output/de/tbl_bck0101.png                                                                  (00:00.000 / 02:32.059, 1Gb)
Check /ws/output/de/tbl_bck01010.png                                                                 (00:00.000 / 02:32.059, 1Gb)
Check /ws/output/de/tbl_bck010100.png                                                                (00:00.000 / 02:32.059, 1Gb)
Check /ws/output/de/tbl_bck01011.png                                                                 (00:00.000 / 02:32.060, 1Gb)
Check /ws/output/de/tbl_bck010110.png                                                                (00:00.000 / 02:32.060, 1Gb)
Check /ws/output/de/tbl_bck011.png                                                                   (00:00.000 / 02:32.060, 1Gb)
Check /ws/output/de/tbl_bck0110.png                                                                  (00:00.000 / 02:32.060, 1Gb)
Check /ws/output/de/tbl_bck01100.png                                                                 (00:00.000 / 02:32.061, 1Gb)
Check /ws/output/de/tbl_bck011000.png                                                                (00:00.000 / 02:32.061, 1Gb)
Check /ws/output/de/tbl_bck0110000.png                                                               (00:00.000 / 02:32.061, 1Gb)
Check /ws/output/de/tbl_bck011001.png                                                                (00:00.000 / 02:32.061, 1Gb)
Check /ws/output/de/tbl_bck0110010.png                                                               (00:00.000 / 02:32.062, 1Gb)
Check /ws/output/de/tbl_bck01101.png                                                                 (00:00.000 / 02:32.062, 1Gb)
Check /ws/output/de/tbl_bck011010.png                                                                (00:00.000 / 02:32.062, 1Gb)
Check /ws/output/de/tbl_bck0110100.png                                                               (00:00.000 / 02:32.063, 1Gb)
Check /ws/output/de/tbl_bck011011.png                                                                (00:00.000 / 02:32.063, 1Gb)
Check /ws/output/de/tbl_bck0110110.png                                                               (00:00.000 / 02:32.063, 1Gb)
Check /ws/output/de/tbl_bck01101100.png                                                              (00:00.000 / 02:32.063, 1Gb)
Check /ws/output/de/tbl_bck0110111.png                                                               (00:00.000 / 02:32.064, 1Gb)
Check /ws/output/de/tbl_bck01101110.png                                                              (00:00.000 / 02:32.064, 1Gb)
Check /ws/output/de/tbl_bck0111.png                                                                  (00:00.000 / 02:32.065, 1Gb)
Check /ws/output/de/tbl_bck01110.png                                                                 (00:00.000 / 02:32.065, 1Gb)
Check /ws/output/de/tbl_bck011100.png                                                                (00:00.000 / 02:32.065, 1Gb)
Check /ws/output/de/tbl_bck01111.png                                                                 (00:00.000 / 02:32.065, 1Gb)
Check /ws/output/de/tbl_bck011110.png                                                                (00:00.000 / 02:32.066, 1Gb)
Check /ws/output/de/tbl_bck0111100.png                                                               (00:00.000 / 02:32.066, 1Gb)
Check /ws/output/de/tbl_bck011110000.png                                                             (00:00.000 / 02:32.066, 1Gb)
Check /ws/output/de/tbl_bck01111001.png                                                              (00:00.000 / 02:32.066, 1Gb)
Check /ws/output/de/tbl_bck011110010.png                                                             (00:00.000 / 02:32.067, 1Gb)
Check /ws/output/de/tbl_bck0111101.png                                                               (00:00.000 / 02:32.067, 1Gb)
Check /ws/output/de/tbl_bck01111010.png                                                              (00:00.000 / 02:32.067, 1Gb)
Check /ws/output/de/tbl_bck011111.png                                                                (00:00.000 / 02:32.068, 1Gb)
Check /ws/output/de/tbl_bck0111110.png                                                               (00:00.000 / 02:32.068, 1Gb)
Check /ws/output/de/tbl_bck012.png                                                                   (00:00.000 / 02:32.068, 1Gb)
Check /ws/output/de/tbl_bck0240.png                                                                  (00:00.000 / 02:32.068, 1Gb)
Check /ws/output/de/tbl_bck02400.png                                                                 (00:00.000 / 02:32.069, 1Gb)
Check /ws/output/de/tbl_bck0241.png                                                                  (00:00.000 / 02:32.069, 1Gb)
Check /ws/output/de/tbl_bck02410.png                                                                 (00:00.000 / 02:32.069, 1Gb)
Check /ws/output/de/tbl_bck025.png                                                                   (00:00.000 / 02:32.069, 1Gb)
Check /ws/output/de/tbl_bck0250.png                                                                  (00:00.000 / 02:32.070, 1Gb)
Check /ws/output/de/tbl_bck02500.png                                                                 (00:00.000 / 02:32.070, 1Gb)
Check /ws/output/de/tbl_bck025000.png                                                                (00:00.000 / 02:32.070, 1Gb)
Check /ws/output/de/tbl_bck02501.png                                                                 (00:00.000 / 02:32.070, 1Gb)
Check /ws/output/de/tbl_bck025010.png                                                                (00:00.000 / 02:32.071, 1Gb)
Check /ws/output/de/tbl_bck0250240.png                                                               (00:00.000 / 02:32.071, 1Gb)
Check /ws/output/de/tbl_bck025025.png                                                                (00:00.000 / 02:32.071, 1Gb)
Check /ws/output/de/tbl_bck0250250.png                                                               (00:00.000 / 02:32.071, 1Gb)
Check /ws/output/de/tbl_bck02503.png                                                                 (00:00.000 / 02:32.072, 1Gb)
Check /ws/output/de/tbl_bck0251.png                                                                  (00:00.000 / 02:32.072, 1Gb)
.Check /ws/output/de/tbl_bck02510.png                                                                 (00:00.000 / 02:32.072, 1Gb)
Check /ws/output/de/tbl_bck02512.png                                                                 (00:00.000 / 02:32.073, 1Gb)
Check /ws/output/de/tbl_bck0251240.png                                                               (00:00.001 / 02:32.075, 1Gb)
Check /ws/output/de/tbl_bck025125.png                                                                (00:00.000 / 02:32.075, 1Gb)
Check /ws/output/de/tbl_bck0251250.png                                                               (00:00.000 / 02:32.076, 1Gb)
Check /ws/output/de/tbl_bck0251252.png                                                               (00:00.000 / 02:32.076, 1Gb)
Check /ws/output/de/tbl_bck02513.png                                                                 (00:00.000 / 02:32.076, 1Gb)
Check /ws/output/de/tbl_bck03.png                                                                    (00:00.000 / 02:32.076, 1Gb)
Check /ws/output/de/tbl_bck0320.png                                                                  (00:00.000 / 02:32.077, 1Gb)
Check /ws/output/de/tbl_bck033.png                                                                   (00:00.000 / 02:32.077, 1Gb)
Check /ws/output/de/tbl_bck0330.png                                                                  (00:00.000 / 02:32.077, 1Gb)
Check /ws/output/de/tbl_bck03300.png                                                                 (00:00.000 / 02:32.077, 1Gb)
Check /ws/output/de/tbl_bck0331.png                                                                  (00:00.000 / 02:32.078, 1Gb)
Check /ws/output/de/tbl_bck03310.png                                                                 (00:00.000 / 02:32.078, 1Gb)
Check /ws/output/de/tbl_bck0340.png                                                                  (00:00.000 / 02:32.078, 1Gb)
Check /ws/output/de/tbl_bck03400.png                                                                 (00:00.000 / 02:32.078, 1Gb)
Check /ws/output/de/tbl_bck0341.png                                                                  (00:00.000 / 02:32.079, 1Gb)
Check /ws/output/de/tbl_bck03410.png                                                                 (00:00.000 / 02:32.079, 1Gb)
Check /ws/output/de/tbl_bck035.png                                                                   (00:00.000 / 02:32.079, 1Gb)
Check /ws/output/de/tbl_bck0350.png                                                                  (00:00.000 / 02:32.079, 1Gb)
Check /ws/output/de/tbl_bck03500.png                                                                 (00:00.000 / 02:32.080, 1Gb)
Check /ws/output/de/tbl_bck0350240.png                                                               (00:00.000 / 02:32.080, 1Gb)
Check /ws/output/de/tbl_bck035025.png                                                                (00:00.000 / 02:32.080, 1Gb)
Check /ws/output/de/tbl_bck0350250.png                                                               (00:00.000 / 02:32.081, 1Gb)
Check /ws/output/de/tbl_bck03503.png                                                                 (00:00.000 / 02:32.081, 1Gb)
Check /ws/output/de/tbl_bck0351.png                                                                  (00:00.000 / 02:32.081, 1Gb)
Check /ws/output/de/tbl_bck03510.png                                                                 (00:00.000 / 02:32.082, 1Gb)
Check /ws/output/de/tbl_bck03512.png                                                                 (00:00.000 / 02:32.082, 1Gb)
Check /ws/output/de/tbl_bck0351240.png                                                               (00:00.000 / 02:32.082, 1Gb)
Check /ws/output/de/tbl_bck035125.png                                                                (00:00.000 / 02:32.082, 1Gb)
Check /ws/output/de/tbl_bck0351250.png                                                               (00:00.000 / 02:32.083, 1Gb)
Check /ws/output/de/tbl_bck0351252.png                                                               (00:00.000 / 02:32.083, 1Gb)
Check /ws/output/de/tbl_bck03513.png                                                                 (00:00.000 / 02:32.083, 1Gb)
Check /ws/output/de/tbl_bck04.png                                                                    (00:00.000 / 02:32.083, 1Gb)
Check /ws/output/de/tbl_bck040.png                                                                   (00:00.000 / 02:32.084, 1Gb)
Check /ws/output/de/tbl_bck0400.png                                                                  (00:00.000 / 02:32.084, 1Gb)
Check /ws/output/de/tbl_bck041.png                                                                   (00:00.000 / 02:32.084, 1Gb)
Check /ws/output/de/tbl_bck0410.png                                                                  (00:00.000 / 02:32.085, 1Gb)
Check /ws/output/de/tbl_bck05.png                                                                    (00:00.000 / 02:32.085, 1Gb)
Check /ws/output/de/tbl_bck050.png                                                                   (00:00.000 / 02:32.085, 1Gb)
Check /ws/output/de/tbl_bck0500.png                                                                  (00:00.000 / 02:32.085, 1Gb)
Check /ws/output/de/tbl_bck05040.png                                                                 (00:00.000 / 02:32.086, 1Gb)
Check /ws/output/de/tbl_bck0505.png                                                                  (00:00.000 / 02:32.086, 1Gb)
Check /ws/output/de/tbl_bck05050.png                                                                 (00:00.000 / 02:32.086, 1Gb)
Check /ws/output/de/tbl_bck051.png                                                                   (00:00.000 / 02:32.086, 1Gb)
Check /ws/output/de/tbl_bck0510.png                                                                  (00:00.000 / 02:32.087, 1Gb)
Check /ws/output/de/tbl_bck0512.png                                                                  (00:00.000 / 02:32.087, 1Gb)
Check /ws/output/de/tbl_bck05140.png                                                                 (00:00.000 / 02:32.087, 1Gb)
Check /ws/output/de/tbl_bck0515.png                                                                  (00:00.000 / 02:32.087, 1Gb)
Check /ws/output/de/tbl_bck05150.png                                                                 (00:00.000 / 02:32.088, 1Gb)
Check /ws/output/de/tbl_bck05152.png                                                                 (00:00.000 / 02:32.088, 1Gb)
Check /ws/output/de/tbl_bck1.png                                                                     (00:00.000 / 02:32.088, 1Gb)
Check /ws/output/de/tbl_bck10.png                                                                    (00:00.000 / 02:32.088, 1Gb)
Check /ws/output/de/tbl_bck100.png                                                                   (00:00.000 / 02:32.089, 1Gb)
Check /ws/output/de/tbl_bck1000.png                                                                  (00:00.000 / 02:32.089, 1Gb)
Check /ws/output/de/tbl_bck10000.png                                                                 (00:00.000 / 02:32.089, 1Gb)
.Check /ws/output/de/tbl_bck100000.png                                                                (00:00.000 / 02:32.089, 1Gb)
Check /ws/output/de/tbl_bck10001.png                                                                 (00:00.000 / 02:32.090, 1Gb)
Check /ws/output/de/tbl_bck100010.png                                                                (00:00.000 / 02:32.090, 1Gb)
Check /ws/output/de/tbl_bck1001.png                                                                  (00:00.000 / 02:32.090, 1Gb)
Check /ws/output/de/tbl_bck10010.png                                                                 (00:00.000 / 02:32.091, 1Gb)
Check /ws/output/de/tbl_bck100100.png                                                                (00:00.000 / 02:32.091, 1Gb)
Check /ws/output/de/tbl_bck1001000.png                                                               (00:00.000 / 02:32.091, 1Gb)
Check /ws/output/de/tbl_bck10010000.png                                                              (00:00.000 / 02:32.091, 1Gb)
Check /ws/output/de/tbl_bck1001001.png                                                               (00:00.000 / 02:32.092, 1Gb)
Check /ws/output/de/tbl_bck10010010.png                                                              (00:00.000 / 02:32.092, 1Gb)
Check /ws/output/de/tbl_bck100101.png                                                                (00:00.000 / 02:32.092, 1Gb)
Check /ws/output/de/tbl_bck1001010.png                                                               (00:00.000 / 02:32.092, 1Gb)
Check /ws/output/de/tbl_bck10011.png                                                                 (00:00.000 / 02:32.093, 1Gb)
Check /ws/output/de/tbl_bck100110.png                                                                (00:00.000 / 02:32.093, 1Gb)
Check /ws/output/de/tbl_bck101.png                                                                   (00:00.000 / 02:32.093, 1Gb)
Check /ws/output/de/tbl_bck1010.png                                                                  (00:00.000 / 02:32.093, 1Gb)
Check /ws/output/de/tbl_bck10100.png                                                                 (00:00.000 / 02:32.094, 1Gb)
Check /ws/output/de/tbl_bck101000.png                                                                (00:00.000 / 02:32.094, 1Gb)
Check /ws/output/de/tbl_bck10101.png                                                                 (00:00.000 / 02:32.094, 1Gb)
Check /ws/output/de/tbl_bck101010.png                                                                (00:00.000 / 02:32.095, 1Gb)
Check /ws/output/de/tbl_bck1011.png                                                                  (00:00.000 / 02:32.095, 1Gb)
Check /ws/output/de/tbl_bck10110.png                                                                 (00:00.000 / 02:32.096, 1Gb)
Check /ws/output/de/tbl_bck101100.png                                                                (00:00.000 / 02:32.096, 1Gb)
Check /ws/output/de/tbl_bck1011000.png                                                               (00:00.000 / 02:32.096, 1Gb)
Check /ws/output/de/tbl_bck10110000.png                                                              (00:00.000 / 02:32.097, 1Gb)
Check /ws/output/de/tbl_bck1011001.png                                                               (00:00.000 / 02:32.097, 1Gb)
Check /ws/output/de/tbl_bck10110010.png                                                              (00:00.000 / 02:32.097, 1Gb)
Check /ws/output/de/tbl_bck101101.png                                                                (00:00.000 / 02:32.098, 1Gb)
Check /ws/output/de/tbl_bck1011010.png                                                               (00:00.000 / 02:32.098, 1Gb)
Check /ws/output/de/tbl_bck10111.png                                                                 (00:00.000 / 02:32.098, 1Gb)
Check /ws/output/de/tbl_bck101110.png                                                                (00:00.000 / 02:32.098, 1Gb)
Check /ws/output/de/tbl_bck1011100.png                                                               (00:00.000 / 02:32.099, 1Gb)
Check /ws/output/de/tbl_bck101111.png                                                                (00:00.000 / 02:32.099, 1Gb)
Check /ws/output/de/tbl_bck1011110.png                                                               (00:00.000 / 02:32.100, 1Gb)
Check /ws/output/de/tbl_bck10240.png                                                                 (00:00.000 / 02:32.100, 1Gb)
Check /ws/output/de/tbl_bck1025.png                                                                  (00:00.000 / 02:32.100, 1Gb)
Check /ws/output/de/tbl_bck10250.png                                                                 (00:00.003 / 02:32.104, 1Gb)
Check /ws/output/de/tbl_bck103.png                                                                   (00:00.000 / 02:32.105, 1Gb)
Check /ws/output/de/tbl_bck1040.png                                                                  (00:00.000 / 02:32.105, 1Gb)
Check /ws/output/de/tbl_bck105.png                                                                   (00:00.000 / 02:32.106, 1Gb)
Check /ws/output/de/tbl_bck1050.png                                                                  (00:00.000 / 02:32.106, 1Gb)
Check /ws/output/de/tbl_bck11.png                                                                    (00:00.000 / 02:32.106, 1Gb)
Check /ws/output/de/tbl_bck110.png                                                                   (00:00.000 / 02:32.107, 1Gb)
Check /ws/output/de/tbl_bck1100.png                                                                  (00:00.000 / 02:32.107, 1Gb)
Check /ws/output/de/tbl_bck11000.png                                                                 (00:00.000 / 02:32.107, 1Gb)
Check /ws/output/de/tbl_bck110000.png                                                                (00:00.000 / 02:32.108, 1Gb)
Check /ws/output/de/tbl_bck11001.png                                                                 (00:00.000 / 02:32.108, 1Gb)
Check /ws/output/de/tbl_bck110010.png                                                                (00:00.000 / 02:32.109, 1Gb)
Check /ws/output/de/tbl_bck1101.png                                                                  (00:00.000 / 02:32.109, 1Gb)
Check /ws/output/de/tbl_bck11010.png                                                                 (00:00.000 / 02:32.110, 1Gb)
Check /ws/output/de/tbl_bck110100.png                                                                (00:00.000 / 02:32.110, 1Gb)
Check /ws/output/de/tbl_bck11011.png                                                                 (00:00.000 / 02:32.111, 1Gb)
Check /ws/output/de/tbl_bck110110.png                                                                (00:00.000 / 02:32.111, 1Gb)
Check /ws/output/de/tbl_bck111.png                                                                   (00:00.000 / 02:32.111, 1Gb)
Check /ws/output/de/tbl_bck1110.png                                                                  (00:00.000 / 02:32.112, 1Gb)
Check /ws/output/de/tbl_bck11100.png                                                                 (00:00.000 / 02:32.112, 1Gb)
.Check /ws/output/de/tbl_bck111000.png                                                                (00:00.000 / 02:32.112, 1Gb)
Check /ws/output/de/tbl_bck11101.png                                                                 (00:00.000 / 02:32.113, 1Gb)
Check /ws/output/de/tbl_bck111010.png                                                                (00:00.000 / 02:32.113, 1Gb)
Check /ws/output/de/tbl_bck1111.png                                                                  (00:00.000 / 02:32.113, 1Gb)
Check /ws/output/de/tbl_bck11110.png                                                                 (00:00.000 / 02:32.114, 1Gb)
Check /ws/output/de/tbl_bck111100.png                                                                (00:00.000 / 02:32.114, 1Gb)
Check /ws/output/de/tbl_bck1111000.png                                                               (00:00.000 / 02:32.114, 1Gb)
Check /ws/output/de/tbl_bck111101.png                                                                (00:00.000 / 02:32.114, 1Gb)
Check /ws/output/de/tbl_bck1111010.png                                                               (00:00.000 / 02:32.115, 1Gb)
Check /ws/output/de/tbl_bck11111.png                                                                 (00:00.000 / 02:32.115, 1Gb)
Check /ws/output/de/tbl_bck111110.png                                                                (00:00.000 / 02:32.115, 1Gb)
Check /ws/output/de/tbl_bck112.png                                                                   (00:00.000 / 02:32.116, 1Gb)
Check /ws/output/de/tbl_bck11240.png                                                                 (00:00.000 / 02:32.116, 1Gb)
Check /ws/output/de/tbl_bck1125.png                                                                  (00:00.000 / 02:32.116, 1Gb)
Check /ws/output/de/tbl_bck11250.png                                                                 (00:00.000 / 02:32.116, 1Gb)
Check /ws/output/de/tbl_bck11252.png                                                                 (00:00.000 / 02:32.117, 1Gb)
Check /ws/output/de/tbl_bck113.png                                                                   (00:00.000 / 02:32.117, 1Gb)
Check /ws/output/de/tbl_bck1140.png                                                                  (00:00.000 / 02:32.118, 1Gb)
Check /ws/output/de/tbl_bck115.png                                                                   (00:00.000 / 02:32.118, 1Gb)
Check /ws/output/de/tbl_bck1150.png                                                                  (00:00.000 / 02:32.118, 1Gb)
Check /ws/output/de/tbl_bck1152.png                                                                  (00:00.000 / 02:32.118, 1Gb)
Check /ws/output/de/tbl_bck12.png                                                                    (00:00.000 / 02:32.119, 1Gb)
Check /ws/output/de/tbl_bck120.png                                                                   (00:00.000 / 02:32.119, 1Gb)
Check /ws/output/de/tbl_bck124.png                                                                   (00:00.000 / 02:32.119, 1Gb)
Check /ws/output/de/tbl_bck1240.png                                                                  (00:00.000 / 02:32.120, 1Gb)
Check /ws/output/de/tbl_bck12400.png                                                                 (00:00.000 / 02:32.120, 1Gb)
Check /ws/output/de/tbl_bck1241.png                                                                  (00:00.000 / 02:32.120, 1Gb)
Check /ws/output/de/tbl_bck12410.png                                                                 (00:00.000 / 02:32.121, 1Gb)
Check /ws/output/de/tbl_bck125.png                                                                   (00:00.000 / 02:32.121, 1Gb)
Check /ws/output/de/tbl_bck1250.png                                                                  (00:00.000 / 02:32.121, 1Gb)
Check /ws/output/de/tbl_bck12500.png                                                                 (00:00.000 / 02:32.121, 1Gb)
Check /ws/output/de/tbl_bck1251.png                                                                  (00:00.000 / 02:32.122, 1Gb)
Check /ws/output/de/tbl_bck12510.png                                                                 (00:00.000 / 02:32.122, 1Gb)
Check /ws/output/de/tbl_bck125100.png                                                                (00:00.000 / 02:32.122, 1Gb)
Check /ws/output/de/tbl_bck12511.png                                                                 (00:00.000 / 02:32.123, 1Gb)
Check /ws/output/de/tbl_bck125110.png                                                                (00:00.000 / 02:32.123, 1Gb)
Check /ws/output/de/tbl_bck12512.png                                                                 (00:00.000 / 02:32.123, 1Gb)
Check /ws/output/de/tbl_bck1252.png                                                                  (00:00.000 / 02:32.124, 1Gb)
Check /ws/output/de/tbl_bck13.png                                                                    (00:00.000 / 02:32.124, 1Gb)
Check /ws/output/de/tbl_bck130.png                                                                   (00:00.000 / 02:32.125, 1Gb)
Check /ws/output/de/tbl_bck1320.png                                                                  (00:00.000 / 02:32.125, 1Gb)
Check /ws/output/de/tbl_bck133.png                                                                   (00:00.000 / 02:32.125, 1Gb)
Check /ws/output/de/tbl_bck1330.png                                                                  (00:00.000 / 02:32.125, 1Gb)
Check /ws/output/de/tbl_bck134.png                                                                   (00:00.000 / 02:32.126, 1Gb)
Check /ws/output/de/tbl_bck14.png                                                                    (00:00.000 / 02:32.126, 1Gb)
Check /ws/output/de/tbl_bck140.png                                                                   (00:00.000 / 02:32.126, 1Gb)
Check /ws/output/de/tbl_bck1400.png                                                                  (00:00.000 / 02:32.127, 1Gb)
Check /ws/output/de/tbl_bck141.png                                                                   (00:00.000 / 02:32.127, 1Gb)
Check /ws/output/de/tbl_bck1410.png                                                                  (00:00.000 / 02:32.127, 1Gb)
Check /ws/output/de/tbl_bck1424.png                                                                  (00:00.000 / 02:32.127, 1Gb)
Check /ws/output/de/tbl_bck143.png                                                                   (00:00.000 / 02:32.128, 1Gb)
Check /ws/output/de/tbl_bck15.png                                                                    (00:00.000 / 02:32.128, 1Gb)
Check /ws/output/de/tbl_bck150.png                                                                   (00:00.000 / 02:32.128, 1Gb)
Check /ws/output/de/tbl_bck1500.png                                                                  (00:00.000 / 02:32.129, 1Gb)
Check /ws/output/de/tbl_bck15040.png                                                                 (00:00.000 / 02:32.129, 1Gb)
Check /ws/output/de/tbl_bck1505.png                                                                  (00:00.000 / 02:32.129, 1Gb)
.Check /ws/output/de/tbl_bck15050.png                                                                 (00:00.000 / 02:32.129, 1Gb)
Check /ws/output/de/tbl_bck151.png                                                                   (00:00.000 / 02:32.130, 1Gb)
Check /ws/output/de/tbl_bck1510.png                                                                  (00:00.000 / 02:32.130, 1Gb)
Check /ws/output/de/tbl_bck1512.png                                                                  (00:00.000 / 02:32.130, 1Gb)
Check /ws/output/de/tbl_bck15140.png                                                                 (00:00.000 / 02:32.131, 1Gb)
Check /ws/output/de/tbl_bck1515.png                                                                  (00:00.000 / 02:32.131, 1Gb)
Check /ws/output/de/tbl_bck15150.png                                                                 (00:00.000 / 02:32.131, 1Gb)
Check /ws/output/de/tbl_bck15152.png                                                                 (00:00.000 / 02:32.131, 1Gb)
Check /ws/output/de/tbl_bck152.png                                                                   (00:00.000 / 02:32.132, 1Gb)
Check /ws/output/de/tbl_bck1540.png                                                                  (00:00.000 / 02:32.132, 1Gb)
Check /ws/output/de/tbl_bck15424.png                                                                 (00:00.000 / 02:32.132, 1Gb)
Check /ws/output/de/tbl_bck1543.png                                                                  (00:00.000 / 02:32.132, 1Gb)
Check /ws/output/de/tbl_bck155.png                                                                   (00:00.000 / 02:32.133, 1Gb)
Check /ws/output/de/tbl_bck1550.png                                                                  (00:00.000 / 02:32.133, 1Gb)
Check /ws/output/de/tbl_bck1552.png                                                                  (00:00.000 / 02:32.133, 1Gb)
Check /ws/output/de/tbl_blank.png                                                                    (00:00.000 / 02:32.133, 1Gb)
Check /ws/output/de/tbl_spacer.png                                                                   (00:00.000 / 02:32.134, 1Gb)
Check /ws/output/de/tbl_vjoin-closed.png                                                             (00:00.000 / 02:32.134, 1Gb)
Check /ws/output/de/tbl_vjoin-open.png                                                               (00:00.000 / 02:32.134, 1Gb)
Check /ws/output/de/tbl_vjoin.png                                                                    (00:00.000 / 02:32.135, 1Gb)
Check /ws/output/de/tbl_vjoin_end-closed.png                                                         (00:00.000 / 02:32.135, 1Gb)
Check /ws/output/de/tbl_vjoin_end-open.png                                                           (00:00.000 / 02:32.135, 1Gb)
Check /ws/output/de/tbl_vjoin_end.png                                                                (00:00.000 / 02:32.135, 1Gb)
Check /ws/output/de/tbl_vjoin_end_slice-closed.png                                                   (00:00.000 / 02:32.136, 1Gb)
Check /ws/output/de/tbl_vjoin_end_slice-open.png                                                     (00:00.000 / 02:32.136, 1Gb)
Check /ws/output/de/tbl_vjoin_end_slice.png                                                          (00:00.000 / 02:32.136, 1Gb)
Check /ws/output/de/tbl_vjoin_end_slicer-closed.png                                                  (00:00.000 / 02:32.136, 1Gb)
Check /ws/output/de/tbl_vjoin_end_slicer-open.png                                                    (00:00.000 / 02:32.137, 1Gb)
Check /ws/output/de/tbl_vjoin_end_slicer.png                                                         (00:00.000 / 02:32.137, 1Gb)
Check /ws/output/de/tbl_vjoin_slice-closed.png                                                       (00:00.000 / 02:32.137, 1Gb)
Check /ws/output/de/tbl_vjoin_slice-open.png                                                         (00:00.000 / 02:32.137, 1Gb)
Check /ws/output/de/tbl_vjoin_slice.png                                                              (00:00.000 / 02:32.137, 1Gb)
Check /ws/output/de/tbl_vjoin_slicer-closed.png                                                      (00:00.000 / 02:32.138, 1Gb)
Check /ws/output/de/tbl_vjoin_slicer-open.png                                                        (00:00.000 / 02:32.138, 1Gb)
Check /ws/output/de/tbl_vjoin_slicer.png                                                             (00:00.000 / 02:32.138, 1Gb)
Check /ws/output/de/tbl_vline.png                                                                    (00:00.000 / 02:32.138, 1Gb)
Check /ws/output/de/tbl_vline_slice.png                                                              (00:00.000 / 02:32.139, 1Gb)
Check /ws/output/de/tbl_vline_slicer.png                                                             (00:00.000 / 02:32.139, 1Gb)
Check /ws/output/de/terminology.html                                                                 (00:00.000 / 02:32.139, 1Gb)
Check /ws/output/de/terminology.md                                                                   (00:00.008 / 02:32.147, 1Gb)
Check /ws/output/de/toc.html                                                                         (00:00.000 / 02:32.148, 1Gb)
Check /ws/output/de/translationinfo.html                                                             (00:00.014 / 02:32.163, 1Gb)
Check /ws/output/de/translationinfo.md                                                               (00:00.004 / 02:32.167, 1Gb)
Check /ws/output/de/tree-filter.png                                                                  (00:00.000 / 02:32.167, 1Gb)
Check /ws/output/de/uml-diagrams.html                                                                (00:00.000 / 02:32.167, 1Gb)
Check /ws/output/de/uml-diagrams.md                                                                  (00:00.004 / 02:32.172, 1Gb)
Check /ws/output/de/version-history.html                                                             (00:00.000 / 02:32.173, 1Gb)
Check /ws/output/de/version-history.md                                                               (00:00.012 / 02:32.185, 1Gb)
Check /ws/output/definitions.json.zip                                                                (00:00.000 / 02:32.185, 1Gb)
Check /ws/output/definitions.xml.zip                                                                 (00:00.001 / 02:32.186, 1Gb)
Check /ws/output/downloads.html                                                                      (00:00.001 / 02:32.188, 1Gb)
Check /ws/output/en/CapabilityStatement-mii-cps-dokument-capabilitystatement-testing.html            (00:00.000 / 02:32.188, 1Gb)
Check /ws/output/en/CapabilityStatement-mii-cps-dokument-capabilitystatement.change.history.html     (00:00.005 / 02:32.194, 1Gb)
Check /ws/output/en/CapabilityStatement-mii-cps-dokument-capabilitystatement.html                    (00:00.008 / 02:32.203, 1Gb)
Check /ws/output/en/CapabilityStatement-mii-cps-dokument-capabilitystatement.json                    (00:00.009 / 02:32.213, 1Gb)
Check /ws/output/en/CapabilityStatement-mii-cps-dokument-capabilitystatement.json.html               (00:00.000 / 02:32.213, 1Gb)
.Check /ws/output/en/CapabilityStatement-mii-cps-dokument-capabilitystatement.md                      (00:00.024 / 02:32.238, 1Gb)
Check /ws/output/en/CapabilityStatement-mii-cps-dokument-capabilitystatement.xml                     (00:00.000 / 02:32.239, 1Gb)
Check /ws/output/en/CapabilityStatement-mii-cps-dokument-capabilitystatement.xml.html                (00:00.000 / 02:32.239, 1Gb)
Check /ws/output/en/CodeSystem-mii-cs-dokument-nlp-processing-status-testing.html                    (00:00.022 / 02:32.262, 1Gb)
Check /ws/output/en/CodeSystem-mii-cs-dokument-nlp-processing-status.change.history.html             (00:00.009 / 02:32.271, 1Gb)
Check /ws/output/en/CodeSystem-mii-cs-dokument-nlp-processing-status.html                            (00:00.004 / 02:32.275, 1Gb)
Check /ws/output/en/CodeSystem-mii-cs-dokument-nlp-processing-status.json                            (00:00.018 / 02:32.294, 1Gb)
Check /ws/output/en/CodeSystem-mii-cs-dokument-nlp-processing-status.json.html                       (00:00.000 / 02:32.294, 1Gb)
Check /ws/output/en/CodeSystem-mii-cs-dokument-nlp-processing-status.md                              (00:00.021 / 02:32.316, 1Gb)
Check /ws/output/en/CodeSystem-mii-cs-dokument-nlp-processing-status.xml                             (00:00.000 / 02:32.317, 1Gb)
Check /ws/output/en/CodeSystem-mii-cs-dokument-nlp-processing-status.xml.html                        (00:00.000 / 02:32.318, 1Gb)
Check /ws/output/en/DocumentReference-AmandaAlzheimerAnnotiertesDokument.change.history.html         (00:00.008 / 02:32.326, 1Gb)
Check /ws/output/en/DocumentReference-AmandaAlzheimerAnnotiertesDokument.html                        (00:00.009 / 02:32.336, 1Gb)
Check /ws/output/en/DocumentReference-AmandaAlzheimerAnnotiertesDokument.json                        (00:00.005 / 02:32.342, 1Gb)
Check /ws/output/en/DocumentReference-AmandaAlzheimerAnnotiertesDokument.json.html                   (00:00.000 / 02:32.343, 1Gb)
Check /ws/output/en/DocumentReference-AmandaAlzheimerAnnotiertesDokument.md                          (00:00.055 / 02:32.397, 1Gb)
Check /ws/output/en/DocumentReference-AmandaAlzheimerAnnotiertesDokument.xml                         (00:00.001 / 02:32.399, 1Gb)
Check /ws/output/en/DocumentReference-AmandaAlzheimerAnnotiertesDokument.xml.html                    (00:00.000 / 02:32.400, 1Gb)
Check /ws/output/en/DocumentReference-AmandaAlzheimerDeIdentifiziertesDokument.change.history.html   (00:00.041 / 02:32.442, 1Gb)
Check /ws/output/en/DocumentReference-AmandaAlzheimerDeIdentifiziertesDokument.html                  (00:00.004 / 02:32.446, 1Gb)
Check /ws/output/en/DocumentReference-AmandaAlzheimerDeIdentifiziertesDokument.json                  (00:00.011 / 02:32.457, 1Gb)
Check /ws/output/en/DocumentReference-AmandaAlzheimerDeIdentifiziertesDokument.json.html             (00:00.000 / 02:32.458, 1Gb)
Check /ws/output/en/DocumentReference-AmandaAlzheimerDeIdentifiziertesDokument.md                    (00:00.010 / 02:32.469, 1Gb)
Check /ws/output/en/DocumentReference-AmandaAlzheimerDeIdentifiziertesDokument.xml                   (00:00.000 / 02:32.469, 1Gb)
Check /ws/output/en/DocumentReference-AmandaAlzheimerDeIdentifiziertesDokument.xml.html              (00:00.000 / 02:32.470, 1Gb)
Check /ws/output/en/DocumentReference-AmandaAlzheimerOriginalDokument.change.history.html            (00:00.034 / 02:32.504, 2Gb)
Check /ws/output/en/DocumentReference-AmandaAlzheimerOriginalDokument.html                           (00:00.009 / 02:32.513, 2Gb)
Check /ws/output/en/DocumentReference-AmandaAlzheimerOriginalDokument.json                           (00:00.012 / 02:32.525, 2Gb)
Check /ws/output/en/DocumentReference-AmandaAlzheimerOriginalDokument.json.html                      (00:00.001 / 02:32.527, 2Gb)
Check /ws/output/en/DocumentReference-AmandaAlzheimerOriginalDokument.md                             (00:00.021 / 02:32.549, 2Gb)
Check /ws/output/en/DocumentReference-AmandaAlzheimerOriginalDokument.xml                            (00:00.000 / 02:32.549, 2Gb)
Check /ws/output/en/DocumentReference-AmandaAlzheimerOriginalDokument.xml.html                       (00:00.000 / 02:32.550, 2Gb)
Check /ws/output/en/Encounter-AmandaAlzheimerAbteilungskontakt.change.history.html                   (00:00.024 / 02:32.575, 2Gb)
Check /ws/output/en/Encounter-AmandaAlzheimerAbteilungskontakt.html                                  (00:00.005 / 02:32.580, 2Gb)
Check /ws/output/en/Encounter-AmandaAlzheimerAbteilungskontakt.json                                  (00:00.004 / 02:32.585, 2Gb)
Check /ws/output/en/Encounter-AmandaAlzheimerAbteilungskontakt.json.html                             (00:00.000 / 02:32.585, 2Gb)
Check /ws/output/en/Encounter-AmandaAlzheimerAbteilungskontakt.md                                    (00:00.007 / 02:32.593, 2Gb)
Check /ws/output/en/Encounter-AmandaAlzheimerAbteilungskontakt.xml                                   (00:00.000 / 02:32.593, 2Gb)
Check /ws/output/en/Encounter-AmandaAlzheimerAbteilungskontakt.xml.html                              (00:00.000 / 02:32.594, 2Gb)
Check /ws/output/en/Encounter-AmandaAlzheimerEinrichtungskontakt.change.history.html                 (00:00.006 / 02:32.601, 2Gb)
Check /ws/output/en/Encounter-AmandaAlzheimerEinrichtungskontakt.html                                (00:00.009 / 02:32.611, 2Gb)
Check /ws/output/en/Encounter-AmandaAlzheimerEinrichtungskontakt.json                                (00:00.005 / 02:32.616, 2Gb)
Check /ws/output/en/Encounter-AmandaAlzheimerEinrichtungskontakt.json.html                           (00:00.000 / 02:32.616, 2Gb)
Check /ws/output/en/Encounter-AmandaAlzheimerEinrichtungskontakt.md                                  (00:00.011 / 02:32.628, 2Gb)
Check /ws/output/en/Encounter-AmandaAlzheimerEinrichtungskontakt.xml                                 (00:00.000 / 02:32.628, 2Gb)
Check /ws/output/en/Encounter-AmandaAlzheimerEinrichtungskontakt.xml.html                            (00:00.000 / 02:32.629, 2Gb)
Check /ws/output/en/Encounter-AmandaAlzheimerVersorgungsstellenKontakt.change.history.html           (00:00.016 / 02:32.645, 2Gb)
Check /ws/output/en/Encounter-AmandaAlzheimerVersorgungsstellenKontakt.html                          (00:00.004 / 02:32.650, 2Gb)
Check /ws/output/en/Encounter-AmandaAlzheimerVersorgungsstellenKontakt.json                          (00:00.004 / 02:32.654, 2Gb)
Check /ws/output/en/Encounter-AmandaAlzheimerVersorgungsstellenKontakt.json.html                     (00:00.000 / 02:32.655, 2Gb)
Check /ws/output/en/Encounter-AmandaAlzheimerVersorgungsstellenKontakt.md                            (00:00.005 / 02:32.660, 2Gb)
Check /ws/output/en/Encounter-AmandaAlzheimerVersorgungsstellenKontakt.xml                           (00:00.000 / 02:32.661, 2Gb)
Check /ws/output/en/Encounter-AmandaAlzheimerVersorgungsstellenKontakt.xml.html                      (00:00.000 / 02:32.661, 2Gb)
Check /ws/output/en/ExterneDokumentennutzung.png                                                     (00:00.009 / 02:32.671, 2Gb)
Check /ws/output/en/ImplementationGuide-mii-ig-dokument.json                                         (00:00.000 / 02:32.672, 2Gb)
Check /ws/output/en/ImplementationGuide-mii-ig-dokument.md                                           (00:00.000 / 02:32.673, 2Gb)
.Check /ws/output/en/ImplementationGuide-mii-ig-dokument.xml                                          (00:00.000 / 02:32.674, 2Gb)
Check /ws/output/en/Informationsmodell.png                                                           (00:00.001 / 02:32.675, 2Gb)
Check /ws/output/en/InterneDokumentennutzung.png                                                     (00:00.002 / 02:32.679, 2Gb)
Check /ws/output/en/NLP-Pipeline.png                                                                 (00:00.004 / 02:32.682, 2Gb)
Check /ws/output/en/Paketabhaengigkeiten.png                                                         (00:00.000 / 02:32.683, 2Gb)
Check /ws/output/en/Parameters-mii-param-dokument-manifest.change.history.html                       (00:00.001 / 02:32.685, 2Gb)
Check /ws/output/en/Parameters-mii-param-dokument-manifest.html                                      (00:00.004 / 02:32.689, 2Gb)
Check /ws/output/en/Parameters-mii-param-dokument-manifest.json                                      (00:00.008 / 02:32.698, 2Gb)
Check /ws/output/en/Parameters-mii-param-dokument-manifest.json.html                                 (00:00.000 / 02:32.698, 2Gb)
Check /ws/output/en/Parameters-mii-param-dokument-manifest.md                                        (00:00.020 / 02:32.718, 2Gb)
Check /ws/output/en/Parameters-mii-param-dokument-manifest.xml                                       (00:00.000 / 02:32.719, 2Gb)
Check /ws/output/en/Parameters-mii-param-dokument-manifest.xml.html                                  (00:00.000 / 02:32.720, 2Gb)
Check /ws/output/en/Patient-AmandaAlzheimer.change.history.html                                      (00:00.016 / 02:32.736, 2Gb)
Check /ws/output/en/Patient-AmandaAlzheimer.html                                                     (00:00.005 / 02:32.741, 2Gb)
Check /ws/output/en/Patient-AmandaAlzheimer.json                                                     (00:00.012 / 02:32.754, 2Gb)
Check /ws/output/en/Patient-AmandaAlzheimer.json.html                                                (00:00.000 / 02:32.754, 2Gb)
Check /ws/output/en/Patient-AmandaAlzheimer.md                                                       (00:00.005 / 02:32.760, 2Gb)
Check /ws/output/en/Patient-AmandaAlzheimer.xml                                                      (00:00.000 / 02:32.761, 2Gb)
Check /ws/output/en/Patient-AmandaAlzheimer.xml.html                                                 (00:00.000 / 02:32.761, 2Gb)
Check /ws/output/en/StructureDefinition-mii-ex-dokument-nlp-processing-status-definitions.html       (00:00.004 / 02:32.766, 2Gb)
Check /ws/output/en/StructureDefinition-mii-ex-dokument-nlp-processing-status-mappings.html          (00:00.055 / 02:32.822, 2Gb)
Check /ws/output/en/StructureDefinition-mii-ex-dokument-nlp-processing-status-testing.html           (00:00.004 / 02:32.826, 2Gb)
Check /ws/output/en/StructureDefinition-mii-ex-dokument-nlp-processing-status.html                   (00:00.004 / 02:32.830, 2Gb)
Check /ws/output/en/StructureDefinition-mii-ex-dokument-nlp-processing-status.json                   (00:00.061 / 02:32.891, 2Gb)
Check /ws/output/en/StructureDefinition-mii-ex-dokument-nlp-processing-status.md                     (00:00.001 / 02:32.893, 2Gb)
Check /ws/output/en/StructureDefinition-mii-ex-dokument-nlp-processing-status.profile.history.html   (00:00.000 / 02:32.893, 2Gb)
Check /ws/output/en/StructureDefinition-mii-ex-dokument-nlp-processing-status.profile.json.html      (00:00.009 / 02:32.903, 2Gb)
Check /ws/output/en/StructureDefinition-mii-ex-dokument-nlp-processing-status.profile.xml.html       (00:00.027 / 02:32.930, 2Gb)
Check /ws/output/en/StructureDefinition-mii-ex-dokument-nlp-processing-status.xml                    (00:00.040 / 02:32.971, 2Gb)
Check /ws/output/en/StructureDefinition-mii-lm-dokument-definitions.html                             (00:00.000 / 02:32.971, 2Gb)
Check /ws/output/en/StructureDefinition-mii-lm-dokument-examples.html                                (00:00.089 / 02:33.061, 2Gb)
Check /ws/output/en/StructureDefinition-mii-lm-dokument-mappings.html                                (00:00.005 / 02:33.067, 2Gb)
Check /ws/output/en/StructureDefinition-mii-lm-dokument-testing.html                                 (00:00.003 / 02:33.071, 2Gb)
Check /ws/output/en/StructureDefinition-mii-lm-dokument.html                                         (00:00.007 / 02:33.078, 2Gb)
Check /ws/output/en/StructureDefinition-mii-lm-dokument.json                                         (00:00.153 / 02:33.232, 2Gb)
Check /ws/output/en/StructureDefinition-mii-lm-dokument.md                                           (00:00.001 / 02:33.233, 2Gb)
Check /ws/output/en/StructureDefinition-mii-lm-dokument.profile.history.html                         (00:00.000 / 02:33.233, 2Gb)
Check /ws/output/en/StructureDefinition-mii-lm-dokument.profile.json.html                            (00:00.008 / 02:33.242, 2Gb)
Check /ws/output/en/StructureDefinition-mii-lm-dokument.profile.xml.html                             (00:00.117 / 02:33.359, 617Mb)
Check /ws/output/en/StructureDefinition-mii-lm-dokument.xml                                          (00:00.423 / 02:33.782, 747Mb)
Check /ws/output/en/StructureDefinition-mii-pr-dokument-dokument-definitions.html                    (00:00.001 / 02:33.784, 747Mb)
Check /ws/output/en/StructureDefinition-mii-pr-dokument-dokument-examples.html                       (00:03.192 / 02:36.976, 1Gb)
Check /ws/output/en/StructureDefinition-mii-pr-dokument-dokument-mappings.html                       (00:00.027 / 02:37.003, 1Gb)
Check /ws/output/en/StructureDefinition-mii-pr-dokument-dokument-testing.html                        (00:00.225 / 02:37.228, 1Gb)
Check /ws/output/en/StructureDefinition-mii-pr-dokument-dokument.html                                (00:00.007 / 02:37.236, 1Gb)
Check /ws/output/en/StructureDefinition-mii-pr-dokument-dokument.json                                (00:00.707 / 02:37.944, 2Gb)
Check /ws/output/en/StructureDefinition-mii-pr-dokument-dokument.md                                  (00:00.011 / 02:37.955, 2Gb)
Check /ws/output/en/StructureDefinition-mii-pr-dokument-dokument.profile.history.html                (00:00.001 / 02:37.956, 2Gb)
Check /ws/output/en/StructureDefinition-mii-pr-dokument-dokument.profile.json.html                   (00:00.023 / 02:37.980, 2Gb)
Check /ws/output/en/StructureDefinition-mii-pr-dokument-dokument.profile.xml.html                    (00:00.874 / 02:38.854, 3Gb)
Check /ws/output/en/StructureDefinition-mii-pr-dokument-dokument.xml                                 (00:00.548 / 02:39.403, 1Gb)
Check /ws/output/en/ValueSet-mii-vs-dokument-einrichtungsart-testing.html                            (00:00.004 / 02:39.407, 1Gb)
Check /ws/output/en/ValueSet-mii-vs-dokument-einrichtungsart.change.history.html                     (00:00.004 / 02:39.412, 1Gb)
Check /ws/output/en/ValueSet-mii-vs-dokument-einrichtungsart.html                                    (00:00.003 / 02:39.415, 1Gb)
Check /ws/output/en/ValueSet-mii-vs-dokument-einrichtungsart.json                                    (00:00.006 / 02:39.421, 1Gb)
Check /ws/output/en/ValueSet-mii-vs-dokument-einrichtungsart.json.html                               (00:00.000 / 02:39.422, 1Gb)
.Check /ws/output/en/ValueSet-mii-vs-dokument-einrichtungsart.md                                      (00:00.012 / 02:39.434, 1Gb)
Check /ws/output/en/ValueSet-mii-vs-dokument-einrichtungsart.xml                                     (00:00.000 / 02:39.435, 1Gb)
Check /ws/output/en/ValueSet-mii-vs-dokument-einrichtungsart.xml.html                                (00:00.000 / 02:39.436, 1Gb)
Check /ws/output/en/ValueSet-mii-vs-dokument-fachgebiet-testing.html                                 (00:00.013 / 02:39.449, 1Gb)
Check /ws/output/en/ValueSet-mii-vs-dokument-fachgebiet.change.history.html                          (00:00.004 / 02:39.453, 1Gb)
Check /ws/output/en/ValueSet-mii-vs-dokument-fachgebiet.html                                         (00:00.003 / 02:39.457, 1Gb)
Check /ws/output/en/ValueSet-mii-vs-dokument-fachgebiet.json                                         (00:00.004 / 02:39.462, 1Gb)
Check /ws/output/en/ValueSet-mii-vs-dokument-fachgebiet.json.html                                    (00:00.000 / 02:39.462, 1Gb)
Check /ws/output/en/ValueSet-mii-vs-dokument-fachgebiet.md                                           (00:00.006 / 02:39.468, 1Gb)
Check /ws/output/en/ValueSet-mii-vs-dokument-fachgebiet.xml                                          (00:00.000 / 02:39.469, 1Gb)
Check /ws/output/en/ValueSet-mii-vs-dokument-fachgebiet.xml.html                                     (00:00.000 / 02:39.469, 1Gb)
Check /ws/output/en/ValueSet-mii-vs-dokument-format-code-testing.html                                (00:00.015 / 02:39.484, 1Gb)
Check /ws/output/en/ValueSet-mii-vs-dokument-format-code.change.history.html                         (00:00.008 / 02:39.492, 1Gb)
Check /ws/output/en/ValueSet-mii-vs-dokument-format-code.html                                        (00:00.007 / 02:39.500, 1Gb)
Check /ws/output/en/ValueSet-mii-vs-dokument-format-code.json                                        (00:00.015 / 02:39.515, 1Gb)
Check /ws/output/en/ValueSet-mii-vs-dokument-format-code.json.html                                   (00:00.000 / 02:39.516, 1Gb)
Check /ws/output/en/ValueSet-mii-vs-dokument-format-code.md                                          (00:00.009 / 02:39.525, 1Gb)
Check /ws/output/en/ValueSet-mii-vs-dokument-format-code.xml                                         (00:00.000 / 02:39.526, 1Gb)
Check /ws/output/en/ValueSet-mii-vs-dokument-format-code.xml.html                                    (00:00.000 / 02:39.526, 1Gb)
Check /ws/output/en/ValueSet-mii-vs-dokument-nlp-processing-status-testing.html                      (00:00.007 / 02:39.533, 1Gb)
Check /ws/output/en/ValueSet-mii-vs-dokument-nlp-processing-status.change.history.html               (00:00.004 / 02:39.538, 1Gb)
Check /ws/output/en/ValueSet-mii-vs-dokument-nlp-processing-status.html                              (00:00.004 / 02:39.542, 1Gb)
Check /ws/output/en/ValueSet-mii-vs-dokument-nlp-processing-status.json                              (00:00.010 / 02:39.553, 1Gb)
Check /ws/output/en/ValueSet-mii-vs-dokument-nlp-processing-status.json.html                         (00:00.000 / 02:39.554, 1Gb)
Check /ws/output/en/ValueSet-mii-vs-dokument-nlp-processing-status.md                                (00:00.014 / 02:39.568, 1Gb)
Check /ws/output/en/ValueSet-mii-vs-dokument-nlp-processing-status.xml                               (00:00.000 / 02:39.569, 1Gb)
Check /ws/output/en/ValueSet-mii-vs-dokument-nlp-processing-status.xml.html                          (00:00.000 / 02:39.569, 1Gb)
Check /ws/output/en/ValueSet-mii-vs-dokument-sct-dokument-kategorie-testing.html                     (00:00.014 / 02:39.583, 1Gb)
Check /ws/output/en/ValueSet-mii-vs-dokument-sct-dokument-kategorie.change.history.html              (00:00.013 / 02:39.597, 1Gb)
Check /ws/output/en/ValueSet-mii-vs-dokument-sct-dokument-kategorie.html                             (00:00.008 / 02:39.605, 1Gb)
Check /ws/output/en/ValueSet-mii-vs-dokument-sct-dokument-kategorie.json                             (00:00.010 / 02:39.615, 1Gb)
Check /ws/output/en/ValueSet-mii-vs-dokument-sct-dokument-kategorie.json.html                        (00:00.000 / 02:39.616, 1Gb)
Check /ws/output/en/ValueSet-mii-vs-dokument-sct-dokument-kategorie.md                               (00:00.009 / 02:39.626, 1Gb)
Check /ws/output/en/ValueSet-mii-vs-dokument-sct-dokument-kategorie.xml                              (00:00.000 / 02:39.626, 1Gb)
Check /ws/output/en/ValueSet-mii-vs-dokument-sct-dokument-kategorie.xml.html                         (00:00.000 / 02:39.627, 1Gb)
Check /ws/output/en/ValueSet-mii-vs-dokument-sct-dokument-typ-testing.html                           (00:00.017 / 02:39.644, 1Gb)
Check /ws/output/en/ValueSet-mii-vs-dokument-sct-dokument-typ.change.history.html                    (00:00.010 / 02:39.654, 1Gb)
Check /ws/output/en/ValueSet-mii-vs-dokument-sct-dokument-typ.html                                   (00:00.010 / 02:39.665, 1Gb)
Check /ws/output/en/ValueSet-mii-vs-dokument-sct-dokument-typ.json                                   (00:00.006 / 02:39.672, 1Gb)
Check /ws/output/en/ValueSet-mii-vs-dokument-sct-dokument-typ.json.html                              (00:00.000 / 02:39.673, 1Gb)
Check /ws/output/en/ValueSet-mii-vs-dokument-sct-dokument-typ.md                                     (00:00.012 / 02:39.685, 1Gb)
Check /ws/output/en/ValueSet-mii-vs-dokument-sct-dokument-typ.xml                                    (00:00.000 / 02:39.685, 1Gb)
Check /ws/output/en/ValueSet-mii-vs-dokument-sct-dokument-typ.xml.html                               (00:00.000 / 02:39.686, 1Gb)
Check /ws/output/en/ai.zip                                                                           (00:00.005 / 02:39.691, 1Gb)
Check /ws/output/en/alert.jpg                                                                        (00:00.001 / 02:39.693, 1Gb)
Check /ws/output/en/artifacts.html                                                                   (00:00.000 / 02:39.693, 1Gb)
Check /ws/output/en/artifacts.md                                                                     (00:00.023 / 02:39.717, 1Gb)
Check /ws/output/en/assets/css/bootstrap-fhir.css                                                    (00:00.001 / 02:39.718, 1Gb)
Check /ws/output/en/assets/css/bootstrap-glyphicons.css                                              (00:00.002 / 02:39.720, 1Gb)
Check /ws/output/en/assets/css/cqf.css                                                               (00:00.000 / 02:39.721, 1Gb)
Check /ws/output/en/assets/css/hl7.css                                                               (00:00.000 / 02:39.722, 1Gb)
Check /ws/output/en/assets/css/jquery-ui.css                                                         (00:00.000 / 02:39.722, 1Gb)
Check /ws/output/en/assets/css/jquery-ui.structure.min.css                                           (00:00.000 / 02:39.723, 1Gb)
Check /ws/output/en/assets/css/jquery-ui.theme.min.css                                               (00:00.000 / 02:39.724, 1Gb)
Check /ws/output/en/assets/css/mii.css                                                               (00:00.000 / 02:39.725, 1Gb)
Check /ws/output/en/assets/css/prism-fhirpath.css                                                    (00:00.001 / 02:39.726, 1Gb)
.Check /ws/output/en/assets/css/prism.css                                                             (00:00.001 / 02:39.727, 1Gb)
Check /ws/output/en/assets/css/project.css                                                           (00:00.002 / 02:39.729, 1Gb)
Check /ws/output/en/assets/css/pygments-manni.css                                                    (00:00.001 / 02:39.731, 1Gb)
Check /ws/output/en/assets/css/xml.css                                                               (00:00.001 / 02:39.732, 1Gb)
Check /ws/output/en/assets/fonts/OpenSans-CondBold-webfont.eot                                       (00:00.000 / 02:39.733, 1Gb)
Check /ws/output/en/assets/fonts/OpenSans-CondBold-webfont.svg                                       (00:00.000 / 02:39.734, 1Gb)
Check /ws/output/en/assets/fonts/OpenSans-CondBold-webfont.ttf                                       (00:00.013 / 02:39.748, 1Gb)
Check /ws/output/en/assets/fonts/OpenSans-CondBold-webfont.woff                                      (00:00.002 / 02:39.750, 1Gb)
Check /ws/output/en/assets/fonts/OpenSans-CondLight-webfont.eot                                      (00:00.001 / 02:39.751, 1Gb)
Check /ws/output/en/assets/fonts/OpenSans-CondLight-webfont.svg                                      (00:00.001 / 02:39.752, 1Gb)
Check /ws/output/en/assets/fonts/OpenSans-CondLight-webfont.ttf                                      (00:00.030 / 02:39.782, 1Gb)
Check /ws/output/en/assets/fonts/OpenSans-CondLight-webfont.woff                                     (00:00.001 / 02:39.784, 1Gb)
Check /ws/output/en/assets/fonts/glyphiconshalflings-regular.eot                                     (00:00.009 / 02:39.793, 1Gb)
Check /ws/output/en/assets/fonts/glyphiconshalflings-regular.otf                                     (00:00.001 / 02:39.795, 1Gb)
Check /ws/output/en/assets/fonts/glyphiconshalflings-regular.svg                                     (00:00.000 / 02:39.796, 1Gb)
Check /ws/output/en/assets/fonts/glyphiconshalflings-regular.ttf                                     (00:00.006 / 02:39.802, 1Gb)
Check /ws/output/en/assets/fonts/glyphiconshalflings-regular.woff                                    (00:00.002 / 02:39.804, 1Gb)
Check /ws/output/en/assets/ico/favicon.png                                                           (00:00.002 / 02:39.806, 1Gb)
Check /ws/output/en/assets/ico/icon-fhir-114.png                                                     (00:00.001 / 02:39.807, 1Gb)
Check /ws/output/en/assets/ico/icon-fhir-144.png                                                     (00:00.004 / 02:39.812, 1Gb)
Check /ws/output/en/assets/ico/icon-fhir-57.png                                                      (00:00.002 / 02:39.815, 1Gb)
Check /ws/output/en/assets/ico/icon-fhir-72.png                                                      (00:00.000 / 02:39.816, 1Gb)
Check /ws/output/en/assets/ico/noun_copy to clipboard_1669410.png                                    (00:00.000 / 02:39.817, 1Gb)
Check /ws/output/en/assets/images/001.svg                                                            (00:00.000 / 02:39.817, 1Gb)
Check /ws/output/en/assets/images/deu.svg                                                            (00:00.001 / 02:39.819, 1Gb)
Check /ws/output/en/assets/images/download.png                                                       (00:00.000 / 02:39.819, 1Gb)
Check /ws/output/en/assets/images/dragon.png                                                         (00:00.000 / 02:39.819, 1Gb)
Check /ws/output/en/assets/images/external.png                                                       (00:00.001 / 02:39.821, 1Gb)
Check /ws/output/en/assets/images/fcp-logo.png                                                       (00:00.000 / 02:39.822, 1Gb)
Check /ws/output/en/assets/images/fhir-logo-www.png                                                  (00:00.001 / 02:39.823, 1Gb)
Check /ws/output/en/assets/images/hl7-logo-header.png                                                (00:00.000 / 02:39.823, 1Gb)
Check /ws/output/en/assets/images/icon_arrow_down.png                                                (00:00.000 / 02:39.824, 1Gb)
Check /ws/output/en/assets/images/icon_arrow_up.png                                                  (00:00.000 / 02:39.824, 1Gb)
Check /ws/output/en/assets/images/lang-ar.png                                                        (00:00.000 / 02:39.825, 1Gb)
Check /ws/output/en/assets/images/lang-de.png                                                        (00:00.000 / 02:39.825, 1Gb)
Check /ws/output/en/assets/images/lang-en.png                                                        (00:00.000 / 02:39.825, 1Gb)
Check /ws/output/en/assets/images/lang-es.png                                                        (00:00.000 / 02:39.826, 1Gb)
Check /ws/output/en/assets/images/lang-fr.png                                                        (00:00.000 / 02:39.826, 1Gb)
Check /ws/output/en/assets/images/lang-ja.png                                                        (00:00.000 / 02:39.826, 1Gb)
Check /ws/output/en/assets/images/lang-kr.png                                                        (00:00.000 / 02:39.826, 1Gb)
Check /ws/output/en/assets/images/lang-nl.png                                                        (00:00.000 / 02:39.827, 1Gb)
Check /ws/output/en/assets/images/lang-pt.png                                                        (00:00.000 / 02:39.827, 1Gb)
Check /ws/output/en/assets/images/lang-pt_BR.png                                                     (00:00.000 / 02:39.827, 1Gb)
Check /ws/output/en/assets/images/lang-ru.png                                                        (00:00.000 / 02:39.827, 1Gb)
Check /ws/output/en/assets/images/lang-zh-TW.png                                                     (00:00.000 / 02:39.828, 1Gb)
Check /ws/output/en/assets/images/lang-zh.png                                                        (00:00.000 / 02:39.828, 1Gb)
Check /ws/output/en/assets/images/link.svg                                                           (00:00.000 / 02:39.828, 1Gb)
Check /ws/output/en/assets/images/logo-de.svg                                                        (00:00.000 / 02:39.829, 1Gb)
Check /ws/output/en/assets/images/logo-en.svg                                                        (00:00.004 / 02:39.833, 1Gb)
Check /ws/output/en/assets/images/logo_ansinew.jpg                                                   (00:00.006 / 02:39.840, 1Gb)
Check /ws/output/en/assets/images/search.png                                                         (00:00.000 / 02:39.840, 1Gb)
Check /ws/output/en/assets/images/stripe.png                                                         (00:00.000 / 02:39.841, 1Gb)
Check /ws/output/en/assets/images/target.png                                                         (00:00.000 / 02:39.841, 1Gb)
Check /ws/output/en/assets/js/anchor-hover.js                                                        (00:00.000 / 02:39.842, 1Gb)
Check /ws/output/en/assets/js/anchor.min.js                                                          (00:00.000 / 02:39.842, 1Gb)
Check /ws/output/en/assets/js/bootstrap.min.js                                                       (00:00.000 / 02:39.842, 1Gb)
.Check /ws/output/en/assets/js/clipboard-btn.js                                                       (00:00.000 / 02:39.843, 1Gb)
Check /ws/output/en/assets/js/clipboard.min.js                                                       (00:00.000 / 02:39.843, 1Gb)
Check /ws/output/en/assets/js/direction-management.js                                                (00:00.000 / 02:39.843, 1Gb)
Check /ws/output/en/assets/js/fhir-table-scripts.js                                                  (00:00.000 / 02:39.844, 1Gb)
Check /ws/output/en/assets/js/fhir.js                                                                (00:00.000 / 02:39.844, 1Gb)
Check /ws/output/en/assets/js/flags.js                                                               (00:00.000 / 02:39.844, 1Gb)
Check /ws/output/en/assets/js/html5shiv.js                                                           (00:00.000 / 02:39.844, 1Gb)
Check /ws/output/en/assets/js/jquery-3.7.0.min.map                                                   (00:00.000 / 02:39.845, 1Gb)
Check /ws/output/en/assets/js/jquery-ui.min.js                                                       (00:00.000 / 02:39.845, 1Gb)
Check /ws/output/en/assets/js/jquery.js                                                              (00:00.000 / 02:39.846, 1Gb)
Check /ws/output/en/assets/js/lang-redirects.js                                                      (00:00.000 / 02:39.846, 1Gb)
Check /ws/output/en/assets/js/mermaid-init.js                                                        (00:00.000 / 02:39.847, 1Gb)
Check /ws/output/en/assets/js/mermaid.js                                                             (00:00.000 / 02:39.847, 1Gb)
Check /ws/output/en/assets/js/prism-fhirpath.js                                                      (00:00.018 / 02:39.865, 1Gb)
Check /ws/output/en/assets/js/prism.js                                                               (00:00.000 / 02:39.866, 1Gb)
Check /ws/output/en/assets/js/readme.txt                                                             (00:00.003 / 02:39.869, 1Gb)
Check /ws/output/en/assets/js/respond.min.js                                                         (00:00.000 / 02:39.869, 1Gb)
Check /ws/output/en/assets/js/tabs.js                                                                (00:00.000 / 02:39.869, 1Gb)
Check /ws/output/en/assets/js/topofpage.js                                                           (00:00.000 / 02:39.870, 1Gb)
Check /ws/output/en/assets/js/window-hash.js                                                         (00:00.000 / 02:39.870, 1Gb)
Check /ws/output/en/assets/js/xml.js                                                                 (00:00.000 / 02:39.870, 1Gb)
Check /ws/output/en/capability-statements.html                                                       (00:00.000 / 02:39.870, 1Gb)
Check /ws/output/en/capability-statements.md                                                         (00:00.003 / 02:39.874, 1Gb)
Check /ws/output/en/cc0.png                                                                          (00:00.000 / 02:39.875, 1Gb)
Check /ws/output/en/changes.html                                                                     (00:00.000 / 02:39.875, 1Gb)
Check /ws/output/en/changes.md                                                                       (00:00.003 / 02:39.878, 1Gb)
Check /ws/output/en/conformance.html                                                                 (00:00.000 / 02:39.879, 1Gb)
Check /ws/output/en/conformance.md                                                                   (00:00.004 / 02:39.883, 1Gb)
Check /ws/output/en/datasets-and-descriptions.html                                                   (00:00.000 / 02:39.883, 1Gb)
Check /ws/output/en/datasets-and-descriptions.md                                                     (00:00.006 / 02:39.890, 1Gb)
Check /ws/output/en/downloads.html                                                                   (00:00.000 / 02:39.890, 1Gb)
Check /ws/output/en/downloads.md                                                                     (00:00.004 / 02:39.895, 1Gb)
Check /ws/output/en/examples.html                                                                    (00:00.000 / 02:39.895, 1Gb)
Check /ws/output/en/examples.md                                                                      (00:00.012 / 02:39.908, 1Gb)
Check /ws/output/en/external.png                                                                     (00:00.000 / 02:39.908, 1Gb)
Check /ws/output/en/fhir-table-scripts.js                                                            (00:00.000 / 02:39.908, 1Gb)
Check /ws/output/en/fhir.css                                                                         (00:00.000 / 02:39.909, 1Gb)
Check /ws/output/en/general-requirements.html                                                        (00:00.000 / 02:39.909, 1Gb)
Check /ws/output/en/general-requirements.md                                                          (00:00.004 / 02:39.914, 1Gb)
Check /ws/output/en/guidance.html                                                                    (00:00.000 / 02:39.915, 1Gb)
Check /ws/output/en/guidance.md                                                                      (00:00.003 / 02:39.919, 1Gb)
Check /ws/output/en/icon-administration.png                                                          (00:00.000 / 02:39.919, 1Gb)
Check /ws/output/en/icon-change-add.png                                                              (00:00.000 / 02:39.920, 1Gb)
Check /ws/output/en/icon-change-edit.png                                                             (00:00.000 / 02:39.920, 1Gb)
Check /ws/output/en/icon-change-remove.png                                                           (00:00.000 / 02:39.921, 1Gb)
Check /ws/output/en/icon-clinical.png                                                                (00:00.000 / 02:39.921, 1Gb)
Check /ws/output/en/icon-dictionary.png                                                              (00:00.000 / 02:39.922, 1Gb)
Check /ws/output/en/icon-directory.gif                                                               (00:00.000 / 02:39.922, 1Gb)
Check /ws/output/en/icon-documentation.png                                                           (00:00.000 / 02:39.922, 1Gb)
Check /ws/output/en/icon-error.gif                                                                   (00:00.000 / 02:39.923, 1Gb)
Check /ws/output/en/icon-example.png                                                                 (00:00.000 / 02:39.923, 1Gb)
Check /ws/output/en/icon-fhir-1024.png                                                               (00:00.000 / 02:39.923, 1Gb)
Check /ws/output/en/icon-fhir-128.png                                                                (00:00.001 / 02:39.925, 1Gb)
Check /ws/output/en/icon-fhir-16-grey.png                                                            (00:00.000 / 02:39.925, 1Gb)
Check /ws/output/en/icon-fhir-16.png                                                                 (00:00.000 / 02:39.926, 1Gb)
Check /ws/output/en/icon-fhir-24.png                                                                 (00:00.000 / 02:39.926, 1Gb)
.Check /ws/output/en/icon-fhir-32.png                                                                 (00:00.001 / 02:39.928, 1Gb)
Check /ws/output/en/icon-fhir-48.png                                                                 (00:00.000 / 02:39.928, 1Gb)
Check /ws/output/en/icon-fhir-64.png                                                                 (00:00.000 / 02:39.929, 1Gb)
Check /ws/output/en/icon-fhir-720.png                                                                (00:00.000 / 02:39.929, 1Gb)
Check /ws/output/en/icon-implementation.png                                                          (00:00.000 / 02:39.930, 1Gb)
Check /ws/output/en/icon-include.png                                                                 (00:00.000 / 02:39.931, 1Gb)
Check /ws/output/en/icon-infrastructure.png                                                          (00:00.000 / 02:39.931, 1Gb)
Check /ws/output/en/icon-key.png                                                                     (00:00.000 / 02:39.932, 1Gb)
Check /ws/output/en/icon-list.gif                                                                    (00:00.000 / 02:39.932, 1Gb)
Check /ws/output/en/icon-not-selected.png                                                            (00:00.000 / 02:39.933, 1Gb)
Check /ws/output/en/icon-object-box.png                                                              (00:00.000 / 02:39.933, 1Gb)
Check /ws/output/en/icon-page.png                                                                    (00:00.000 / 02:39.933, 1Gb)
Check /ws/output/en/icon-q-attachment.png                                                            (00:00.000 / 02:39.933, 1Gb)
Check /ws/output/en/icon-q-boolean.png                                                               (00:00.000 / 02:39.934, 1Gb)
Check /ws/output/en/icon-q-choice.png                                                                (00:00.000 / 02:39.934, 1Gb)
Check /ws/output/en/icon-q-coding.png                                                                (00:00.000 / 02:39.934, 1Gb)
Check /ws/output/en/icon-q-date.png                                                                  (00:00.000 / 02:39.935, 1Gb)
Check /ws/output/en/icon-q-datetime.png                                                              (00:00.000 / 02:39.935, 1Gb)
Check /ws/output/en/icon-q-decimal.png                                                               (00:00.000 / 02:39.935, 1Gb)
Check /ws/output/en/icon-q-display.png                                                               (00:00.000 / 02:39.936, 1Gb)
Check /ws/output/en/icon-q-group.png                                                                 (00:00.000 / 02:39.936, 1Gb)
Check /ws/output/en/icon-q-integer.png                                                               (00:00.000 / 02:39.936, 1Gb)
Check /ws/output/en/icon-q-item.png                                                                  (00:00.000 / 02:39.936, 1Gb)
Check /ws/output/en/icon-q-open-choice.png                                                           (00:00.000 / 02:39.937, 1Gb)
Check /ws/output/en/icon-q-quantity.png                                                              (00:00.000 / 02:39.937, 1Gb)
Check /ws/output/en/icon-q-reference.png                                                             (00:00.000 / 02:39.937, 1Gb)
Check /ws/output/en/icon-q-string.png                                                                (00:00.000 / 02:39.937, 1Gb)
Check /ws/output/en/icon-q-text.png                                                                  (00:00.000 / 02:39.938, 1Gb)
Check /ws/output/en/icon-q-time.png                                                                  (00:00.000 / 02:39.938, 1Gb)
Check /ws/output/en/icon-q-url.png                                                                   (00:00.000 / 02:39.938, 1Gb)
Check /ws/output/en/icon-qi-help.png                                                                 (00:00.000 / 02:39.938, 1Gb)
Check /ws/output/en/icon-qi-hidden.png                                                               (00:00.000 / 02:39.939, 1Gb)
Check /ws/output/en/icon-qi-horizontal.png                                                           (00:00.000 / 02:39.939, 1Gb)
Check /ws/output/en/icon-qi-instructions.png                                                         (00:00.000 / 02:39.939, 1Gb)
Check /ws/output/en/icon-qi-observation.png                                                          (00:00.000 / 02:39.940, 1Gb)
Check /ws/output/en/icon-qi-optional.png                                                             (00:00.000 / 02:39.940, 1Gb)
Check /ws/output/en/icon-qi-readonly.png                                                             (00:00.000 / 02:39.940, 1Gb)
Check /ws/output/en/icon-qi-security.bmp                                                             (00:00.000 / 02:39.940, 1Gb)
Check /ws/output/en/icon-qi-security.png                                                             (00:00.000 / 02:39.941, 1Gb)
Check /ws/output/en/icon-qi-subject.png                                                              (00:00.000 / 02:39.941, 1Gb)
Check /ws/output/en/icon-qi-vertical.png                                                             (00:00.000 / 02:39.941, 1Gb)
Check /ws/output/en/icon-resource.png                                                                (00:00.000 / 02:39.941, 1Gb)
Check /ws/output/en/icon-selected.png                                                                (00:00.000 / 02:39.942, 1Gb)
Check /ws/output/en/icon-toc.png                                                                     (00:00.000 / 02:39.942, 1Gb)
Check /ws/output/en/icon-type-operation.png                                                          (00:00.000 / 02:39.942, 1Gb)
Check /ws/output/en/icon-warning.png                                                                 (00:00.000 / 02:39.942, 1Gb)
Check /ws/output/en/icon_bundle.png                                                                  (00:00.000 / 02:39.943, 1Gb)
Check /ws/output/en/icon_choice.gif                                                                  (00:00.000 / 02:39.943, 1Gb)
Check /ws/output/en/icon_datatype.gif                                                                (00:00.000 / 02:39.943, 1Gb)
Check /ws/output/en/icon_element.gif                                                                 (00:00.000 / 02:39.944, 1Gb)
Check /ws/output/en/icon_entry_blue.png                                                              (00:00.000 / 02:39.944, 1Gb)
Check /ws/output/en/icon_extension.png                                                               (00:00.000 / 02:39.944, 1Gb)
Check /ws/output/en/icon_extension_complex.png                                                       (00:00.000 / 02:39.945, 1Gb)
Check /ws/output/en/icon_extension_simple.png                                                        (00:00.000 / 02:39.945, 1Gb)
Check /ws/output/en/icon_fixed.gif                                                                   (00:00.000 / 02:39.945, 1Gb)
Check /ws/output/en/icon_group.png                                                                   (00:00.000 / 02:39.945, 1Gb)
.Check /ws/output/en/icon_latest.png                                                                  (00:00.000 / 02:39.946, 1Gb)
Check /ws/output/en/icon_modifier_extension_complex.png                                              (00:00.000 / 02:39.946, 1Gb)
Check /ws/output/en/icon_modifier_extension_simple.png                                               (00:00.000 / 02:39.946, 1Gb)
Check /ws/output/en/icon_page-child.gif                                                              (00:00.000 / 02:39.946, 1Gb)
Check /ws/output/en/icon_page.gif                                                                    (00:00.000 / 02:39.947, 1Gb)
Check /ws/output/en/icon_page_n.gif                                                                  (00:00.000 / 02:39.947, 1Gb)
Check /ws/output/en/icon_page_n_c.gif                                                                (00:00.000 / 02:39.947, 1Gb)
Check /ws/output/en/icon_page_n_i.gif                                                                (00:00.000 / 02:39.947, 1Gb)
Check /ws/output/en/icon_page_n_o.gif                                                                (00:00.000 / 02:39.948, 1Gb)
Check /ws/output/en/icon_page_n_p.gif                                                                (00:00.000 / 02:39.948, 1Gb)
Check /ws/output/en/icon_primitive.png                                                               (00:00.000 / 02:39.948, 1Gb)
Check /ws/output/en/icon_profile.png                                                                 (00:00.000 / 02:39.948, 1Gb)
Check /ws/output/en/icon_q_item.png                                                                  (00:00.000 / 02:39.949, 1Gb)
Check /ws/output/en/icon_q_root.gif                                                                  (00:00.000 / 02:39.949, 1Gb)
Check /ws/output/en/icon_reference.png                                                               (00:00.000 / 02:39.949, 1Gb)
Check /ws/output/en/icon_resource.png                                                                (00:00.000 / 02:39.949, 1Gb)
Check /ws/output/en/icon_reuse.png                                                                   (00:00.000 / 02:39.950, 1Gb)
Check /ws/output/en/icon_slice.png                                                                   (00:00.000 / 02:39.950, 1Gb)
Check /ws/output/en/icon_slice_item.png                                                              (00:00.000 / 02:39.950, 1Gb)
Check /ws/output/en/icon_text.png                                                                    (00:00.000 / 02:39.951, 1Gb)
Check /ws/output/en/icon_vd_col.png                                                                  (00:00.000 / 02:39.951, 1Gb)
Check /ws/output/en/icon_vd_foreach.png                                                              (00:00.000 / 02:39.951, 1Gb)
Check /ws/output/en/icon_vd_select.png                                                               (00:00.000 / 02:39.951, 1Gb)
Check /ws/output/en/icon_vd_union.png                                                                (00:00.000 / 02:39.952, 1Gb)
Check /ws/output/en/icon_vd_view.png                                                                 (00:00.000 / 02:39.952, 1Gb)
Check /ws/output/en/implementer-guidance.html                                                        (00:00.000 / 02:39.952, 1Gb)
Check /ws/output/en/implementer-guidance.md                                                          (00:00.024 / 02:39.977, 1Gb)
Check /ws/output/en/index.html                                                                       (00:00.000 / 02:39.977, 1Gb)
Check /ws/output/en/index.md                                                                         (00:00.005 / 02:39.983, 1Gb)
Check /ws/output/en/information.png                                                                  (00:00.000 / 02:39.983, 1Gb)
Check /ws/output/en/link.svg                                                                         (00:00.000 / 02:39.984, 1Gb)
Check /ws/output/en/llms.txt                                                                         (00:00.000 / 02:39.984, 1Gb)
Check /ws/output/en/lock.png                                                                         (00:00.000 / 02:39.984, 1Gb)
Check /ws/output/en/logical-models.html                                                              (00:00.000 / 02:39.985, 1Gb)
Check /ws/output/en/logical-models.md                                                                (00:00.022 / 02:40.007, 1Gb)
Check /ws/output/en/metadata.html                                                                    (00:00.000 / 02:40.008, 1Gb)
Check /ws/output/en/metadata.md                                                                      (00:00.025 / 02:40.033, 1Gb)
Check /ws/output/en/missing-data.html                                                                (00:00.000 / 02:40.034, 1Gb)
Check /ws/output/en/missing-data.md                                                                  (00:00.004 / 02:40.038, 1Gb)
Check /ws/output/en/modifier.png                                                                     (00:00.000 / 02:40.039, 1Gb)
Check /ws/output/en/must-support.html                                                                (00:00.000 / 02:40.039, 1Gb)
Check /ws/output/en/must-support.md                                                                  (00:00.005 / 02:40.045, 1Gb)
Check /ws/output/en/mustsupport.png                                                                  (00:00.000 / 02:40.045, 1Gb)
Check /ws/output/en/new.png                                                                          (00:00.000 / 02:40.046, 1Gb)
Check /ws/output/en/prism.css                                                                        (00:00.000 / 02:40.046, 1Gb)
Check /ws/output/en/prism.js                                                                         (00:00.000 / 02:40.046, 1Gb)
Check /ws/output/en/profiles-and-extensions.html                                                     (00:00.003 / 02:40.050, 1Gb)
Check /ws/output/en/profiles-and-extensions.md                                                       (00:01.623 / 02:41.673, 1Gb)
Check /ws/output/en/researcher-guidance.html                                                         (00:00.003 / 02:41.677, 1Gb)
Check /ws/output/en/researcher-guidance.md                                                           (00:00.011 / 02:41.689, 1Gb)
Check /ws/output/en/search-parameters-and-operations.html                                            (00:00.001 / 02:41.690, 1Gb)
Check /ws/output/en/search-parameters-and-operations.md                                              (00:00.004 / 02:41.694, 1Gb)
Check /ws/output/en/searchform.html                                                                  (00:00.001 / 02:41.696, 1Gb)
Check /ws/output/en/security-and-privacy.html                                                        (00:00.003 / 02:41.699, 1Gb)
Check /ws/output/en/security-and-privacy.md                                                          (00:00.005 / 02:41.705, 1Gb)
Check /ws/output/en/summary.png                                                                      (00:00.000 / 02:41.706, 1Gb)
.Check /ws/output/en/target.png                                                                       (00:00.000 / 02:41.706, 1Gb)
Check /ws/output/en/tbl-closed.png                                                                   (00:00.000 / 02:41.707, 1Gb)
Check /ws/output/en/tbl-open.png                                                                     (00:00.000 / 02:41.707, 1Gb)
Check /ws/output/en/tbl_bck0.png                                                                     (00:00.000 / 02:41.708, 1Gb)
Check /ws/output/en/tbl_bck00.png                                                                    (00:00.000 / 02:41.709, 1Gb)
Check /ws/output/en/tbl_bck000.png                                                                   (00:00.001 / 02:41.711, 1Gb)
Check /ws/output/en/tbl_bck0000.png                                                                  (00:00.000 / 02:41.711, 1Gb)
Check /ws/output/en/tbl_bck00000.png                                                                 (00:00.000 / 02:41.712, 1Gb)
Check /ws/output/en/tbl_bck000000.png                                                                (00:00.000 / 02:41.712, 1Gb)
Check /ws/output/en/tbl_bck0000000.png                                                               (00:00.000 / 02:41.713, 1Gb)
Check /ws/output/en/tbl_bck000001.png                                                                (00:00.000 / 02:41.713, 1Gb)
Check /ws/output/en/tbl_bck0000010.png                                                               (00:00.000 / 02:41.713, 1Gb)
Check /ws/output/en/tbl_bck00001.png                                                                 (00:00.000 / 02:41.714, 1Gb)
Check /ws/output/en/tbl_bck000010.png                                                                (00:00.000 / 02:41.714, 1Gb)
Check /ws/output/en/tbl_bck0000100.png                                                               (00:00.000 / 02:41.715, 1Gb)
Check /ws/output/en/tbl_bck000010000.png                                                             (00:00.000 / 02:41.715, 1Gb)
Check /ws/output/en/tbl_bck00001001.png                                                              (00:00.000 / 02:41.716, 1Gb)
Check /ws/output/en/tbl_bck000010010.png                                                             (00:00.000 / 02:41.716, 1Gb)
Check /ws/output/en/tbl_bck0000101.png                                                               (00:00.000 / 02:41.717, 1Gb)
Check /ws/output/en/tbl_bck00001010.png                                                              (00:00.000 / 02:41.717, 1Gb)
Check /ws/output/en/tbl_bck000011.png                                                                (00:00.000 / 02:41.718, 1Gb)
Check /ws/output/en/tbl_bck0000110.png                                                               (00:00.003 / 02:41.721, 1Gb)
Check /ws/output/en/tbl_bck00001100.png                                                              (00:00.000 / 02:41.721, 1Gb)
Check /ws/output/en/tbl_bck0000111.png                                                               (00:00.000 / 02:41.722, 1Gb)
Check /ws/output/en/tbl_bck00001110.png                                                              (00:00.000 / 02:41.722, 1Gb)
Check /ws/output/en/tbl_bck000011100.png                                                             (00:00.000 / 02:41.722, 1Gb)
Check /ws/output/en/tbl_bck0000111000.png                                                            (00:00.000 / 02:41.723, 1Gb)
Check /ws/output/en/tbl_bck00001110000.png                                                           (00:00.000 / 02:41.723, 1Gb)
Check /ws/output/en/tbl_bck0000111001.png                                                            (00:00.000 / 02:41.723, 1Gb)
Check /ws/output/en/tbl_bck00001110010.png                                                           (00:00.000 / 02:41.724, 1Gb)
Check /ws/output/en/tbl_bck000011101.png                                                             (00:00.000 / 02:41.724, 1Gb)
Check /ws/output/en/tbl_bck0000111010.png                                                            (00:00.000 / 02:41.724, 1Gb)
Check /ws/output/en/tbl_bck00001110100.png                                                           (00:00.000 / 02:41.725, 1Gb)
Check /ws/output/en/tbl_bck0000111011.png                                                            (00:00.000 / 02:41.725, 1Gb)
Check /ws/output/en/tbl_bck00001110110.png                                                           (00:00.000 / 02:41.725, 1Gb)
Check /ws/output/en/tbl_bck00001111.png                                                              (00:00.000 / 02:41.726, 1Gb)
Check /ws/output/en/tbl_bck000011110.png                                                             (00:00.000 / 02:41.726, 1Gb)
Check /ws/output/en/tbl_bck0000111100.png                                                            (00:00.000 / 02:41.727, 1Gb)
Check /ws/output/en/tbl_bck000011110000.png                                                          (00:00.001 / 02:41.728, 1Gb)
Check /ws/output/en/tbl_bck00001111001.png                                                           (00:00.000 / 02:41.729, 1Gb)
Check /ws/output/en/tbl_bck000011110010.png                                                          (00:00.000 / 02:41.729, 1Gb)
Check /ws/output/en/tbl_bck0000111101.png                                                            (00:00.000 / 02:41.730, 1Gb)
Check /ws/output/en/tbl_bck00001111010.png                                                           (00:00.000 / 02:41.730, 1Gb)
Check /ws/output/en/tbl_bck000011111.png                                                             (00:00.000 / 02:41.731, 1Gb)
Check /ws/output/en/tbl_bck0000111110.png                                                            (00:00.000 / 02:41.731, 1Gb)
Check /ws/output/en/tbl_bck00001111100.png                                                           (00:00.000 / 02:41.731, 1Gb)
Check /ws/output/en/tbl_bck000011111000.png                                                          (00:00.000 / 02:41.732, 1Gb)
Check /ws/output/en/tbl_bck00001111101.png                                                           (00:00.000 / 02:41.732, 1Gb)
Check /ws/output/en/tbl_bck000011111010.png                                                          (00:00.000 / 02:41.733, 1Gb)
Check /ws/output/en/tbl_bck0000111110100.png                                                         (00:00.000 / 02:41.733, 1Gb)
Check /ws/output/en/tbl_bck000011111011.png                                                          (00:00.000 / 02:41.734, 1Gb)
Check /ws/output/en/tbl_bck0000111110110.png                                                         (00:00.000 / 02:41.734, 1Gb)
Check /ws/output/en/tbl_bck0000111111.png                                                            (00:00.000 / 02:41.735, 1Gb)
Check /ws/output/en/tbl_bck00001111110.png                                                           (00:00.000 / 02:41.735, 1Gb)
Check /ws/output/en/tbl_bck000011111100.png                                                          (00:00.000 / 02:41.736, 1Gb)
Check /ws/output/en/tbl_bck00001111111.png                                                           (00:00.000 / 02:41.736, 1Gb)
.Check /ws/output/en/tbl_bck000011111110.png                                                          (00:00.000 / 02:41.736, 1Gb)
Check /ws/output/en/tbl_bck0001.png                                                                  (00:00.000 / 02:41.737, 1Gb)
Check /ws/output/en/tbl_bck00010.png                                                                 (00:00.000 / 02:41.737, 1Gb)
Check /ws/output/en/tbl_bck000100.png                                                                (00:00.000 / 02:41.737, 1Gb)
Check /ws/output/en/tbl_bck00011.png                                                                 (00:00.000 / 02:41.737, 1Gb)
Check /ws/output/en/tbl_bck000110.png                                                                (00:00.000 / 02:41.738, 1Gb)
Check /ws/output/en/tbl_bck001.png                                                                   (00:00.000 / 02:41.738, 1Gb)
Check /ws/output/en/tbl_bck0010.png                                                                  (00:00.000 / 02:41.738, 1Gb)
Check /ws/output/en/tbl_bck00100.png                                                                 (00:00.000 / 02:41.739, 1Gb)
Check /ws/output/en/tbl_bck001000.png                                                                (00:00.000 / 02:41.739, 1Gb)
Check /ws/output/en/tbl_bck0010000.png                                                               (00:00.000 / 02:41.739, 1Gb)
Check /ws/output/en/tbl_bck001001.png                                                                (00:00.000 / 02:41.739, 1Gb)
Check /ws/output/en/tbl_bck0010010.png                                                               (00:00.000 / 02:41.740, 1Gb)
Check /ws/output/en/tbl_bck00101.png                                                                 (00:00.000 / 02:41.740, 1Gb)
Check /ws/output/en/tbl_bck001010.png                                                                (00:00.000 / 02:41.740, 1Gb)
Check /ws/output/en/tbl_bck0011.png                                                                  (00:00.000 / 02:41.741, 1Gb)
Check /ws/output/en/tbl_bck00110.png                                                                 (00:00.000 / 02:41.741, 1Gb)
Check /ws/output/en/tbl_bck01.png                                                                    (00:00.000 / 02:41.741, 1Gb)
Check /ws/output/en/tbl_bck010.png                                                                   (00:00.000 / 02:41.741, 1Gb)
Check /ws/output/en/tbl_bck0100.png                                                                  (00:00.000 / 02:41.741, 1Gb)
Check /ws/output/en/tbl_bck01000.png                                                                 (00:00.000 / 02:41.742, 1Gb)
Check /ws/output/en/tbl_bck0101.png                                                                  (00:00.000 / 02:41.742, 1Gb)
Check /ws/output/en/tbl_bck01010.png                                                                 (00:00.000 / 02:41.742, 1Gb)
Check /ws/output/en/tbl_bck010100.png                                                                (00:00.000 / 02:41.742, 1Gb)
Check /ws/output/en/tbl_bck01011.png                                                                 (00:00.000 / 02:41.743, 1Gb)
Check /ws/output/en/tbl_bck010110.png                                                                (00:00.000 / 02:41.743, 1Gb)
Check /ws/output/en/tbl_bck011.png                                                                   (00:00.000 / 02:41.743, 1Gb)
Check /ws/output/en/tbl_bck0110.png                                                                  (00:00.000 / 02:41.744, 1Gb)
Check /ws/output/en/tbl_bck01100.png                                                                 (00:00.000 / 02:41.744, 1Gb)
Check /ws/output/en/tbl_bck011000.png                                                                (00:00.000 / 02:41.744, 1Gb)
Check /ws/output/en/tbl_bck0110000.png                                                               (00:00.000 / 02:41.744, 1Gb)
Check /ws/output/en/tbl_bck011001.png                                                                (00:00.000 / 02:41.745, 1Gb)
Check /ws/output/en/tbl_bck0110010.png                                                               (00:00.000 / 02:41.745, 1Gb)
Check /ws/output/en/tbl_bck01101.png                                                                 (00:00.000 / 02:41.745, 1Gb)
Check /ws/output/en/tbl_bck011010.png                                                                (00:00.000 / 02:41.745, 1Gb)
Check /ws/output/en/tbl_bck0110100.png                                                               (00:00.000 / 02:41.745, 1Gb)
Check /ws/output/en/tbl_bck011011.png                                                                (00:00.000 / 02:41.746, 1Gb)
Check /ws/output/en/tbl_bck0110110.png                                                               (00:00.000 / 02:41.746, 1Gb)
Check /ws/output/en/tbl_bck01101100.png                                                              (00:00.000 / 02:41.746, 1Gb)
Check /ws/output/en/tbl_bck0110111.png                                                               (00:00.000 / 02:41.746, 1Gb)
Check /ws/output/en/tbl_bck01101110.png                                                              (00:00.000 / 02:41.747, 1Gb)
Check /ws/output/en/tbl_bck0111.png                                                                  (00:00.000 / 02:41.747, 1Gb)
Check /ws/output/en/tbl_bck01110.png                                                                 (00:00.000 / 02:41.747, 1Gb)
Check /ws/output/en/tbl_bck011100.png                                                                (00:00.002 / 02:41.749, 1Gb)
Check /ws/output/en/tbl_bck01111.png                                                                 (00:00.000 / 02:41.750, 1Gb)
Check /ws/output/en/tbl_bck011110.png                                                                (00:00.000 / 02:41.750, 1Gb)
Check /ws/output/en/tbl_bck0111100.png                                                               (00:00.000 / 02:41.751, 1Gb)
Check /ws/output/en/tbl_bck011110000.png                                                             (00:00.000 / 02:41.751, 1Gb)
Check /ws/output/en/tbl_bck01111001.png                                                              (00:00.000 / 02:41.751, 1Gb)
Check /ws/output/en/tbl_bck011110010.png                                                             (00:00.000 / 02:41.751, 1Gb)
Check /ws/output/en/tbl_bck0111101.png                                                               (00:00.000 / 02:41.752, 1Gb)
Check /ws/output/en/tbl_bck01111010.png                                                              (00:00.000 / 02:41.752, 1Gb)
Check /ws/output/en/tbl_bck011111.png                                                                (00:00.000 / 02:41.752, 1Gb)
Check /ws/output/en/tbl_bck0111110.png                                                               (00:00.000 / 02:41.752, 1Gb)
Check /ws/output/en/tbl_bck012.png                                                                   (00:00.000 / 02:41.753, 1Gb)
Check /ws/output/en/tbl_bck0240.png                                                                  (00:00.000 / 02:41.753, 1Gb)
.Check /ws/output/en/tbl_bck02400.png                                                                 (00:00.000 / 02:41.753, 1Gb)
Check /ws/output/en/tbl_bck0241.png                                                                  (00:00.000 / 02:41.753, 1Gb)
Check /ws/output/en/tbl_bck02410.png                                                                 (00:00.000 / 02:41.754, 1Gb)
Check /ws/output/en/tbl_bck025.png                                                                   (00:00.000 / 02:41.754, 1Gb)
Check /ws/output/en/tbl_bck0250.png                                                                  (00:00.000 / 02:41.754, 1Gb)
Check /ws/output/en/tbl_bck02500.png                                                                 (00:00.000 / 02:41.754, 1Gb)
Check /ws/output/en/tbl_bck025000.png                                                                (00:00.000 / 02:41.755, 1Gb)
Check /ws/output/en/tbl_bck02501.png                                                                 (00:00.000 / 02:41.755, 1Gb)
Check /ws/output/en/tbl_bck025010.png                                                                (00:00.000 / 02:41.755, 1Gb)
Check /ws/output/en/tbl_bck0250240.png                                                               (00:00.000 / 02:41.755, 1Gb)
Check /ws/output/en/tbl_bck025025.png                                                                (00:00.000 / 02:41.756, 1Gb)
Check /ws/output/en/tbl_bck0250250.png                                                               (00:00.000 / 02:41.756, 1Gb)
Check /ws/output/en/tbl_bck02503.png                                                                 (00:00.000 / 02:41.756, 1Gb)
Check /ws/output/en/tbl_bck0251.png                                                                  (00:00.000 / 02:41.756, 1Gb)
Check /ws/output/en/tbl_bck02510.png                                                                 (00:00.000 / 02:41.756, 1Gb)
Check /ws/output/en/tbl_bck02512.png                                                                 (00:00.000 / 02:41.757, 1Gb)
Check /ws/output/en/tbl_bck0251240.png                                                               (00:00.000 / 02:41.757, 1Gb)
Check /ws/output/en/tbl_bck025125.png                                                                (00:00.000 / 02:41.757, 1Gb)
Check /ws/output/en/tbl_bck0251250.png                                                               (00:00.000 / 02:41.757, 1Gb)
Check /ws/output/en/tbl_bck0251252.png                                                               (00:00.000 / 02:41.758, 1Gb)
Check /ws/output/en/tbl_bck02513.png                                                                 (00:00.000 / 02:41.758, 1Gb)
Check /ws/output/en/tbl_bck03.png                                                                    (00:00.000 / 02:41.758, 1Gb)
Check /ws/output/en/tbl_bck0320.png                                                                  (00:00.000 / 02:41.758, 1Gb)
Check /ws/output/en/tbl_bck033.png                                                                   (00:00.000 / 02:41.758, 1Gb)
Check /ws/output/en/tbl_bck0330.png                                                                  (00:00.000 / 02:41.759, 1Gb)
Check /ws/output/en/tbl_bck03300.png                                                                 (00:00.000 / 02:41.759, 1Gb)
Check /ws/output/en/tbl_bck0331.png                                                                  (00:00.000 / 02:41.759, 1Gb)
Check /ws/output/en/tbl_bck03310.png                                                                 (00:00.000 / 02:41.759, 1Gb)
Check /ws/output/en/tbl_bck0340.png                                                                  (00:00.000 / 02:41.760, 1Gb)
Check /ws/output/en/tbl_bck03400.png                                                                 (00:00.000 / 02:41.760, 1Gb)
Check /ws/output/en/tbl_bck0341.png                                                                  (00:00.000 / 02:41.760, 1Gb)
Check /ws/output/en/tbl_bck03410.png                                                                 (00:00.000 / 02:41.760, 1Gb)
Check /ws/output/en/tbl_bck035.png                                                                   (00:00.000 / 02:41.761, 1Gb)
Check /ws/output/en/tbl_bck0350.png                                                                  (00:00.000 / 02:41.761, 1Gb)
Check /ws/output/en/tbl_bck03500.png                                                                 (00:00.000 / 02:41.761, 1Gb)
Check /ws/output/en/tbl_bck0350240.png                                                               (00:00.000 / 02:41.761, 1Gb)
Check /ws/output/en/tbl_bck035025.png                                                                (00:00.000 / 02:41.762, 1Gb)
Check /ws/output/en/tbl_bck0350250.png                                                               (00:00.000 / 02:41.762, 1Gb)
Check /ws/output/en/tbl_bck03503.png                                                                 (00:00.000 / 02:41.762, 1Gb)
Check /ws/output/en/tbl_bck0351.png                                                                  (00:00.000 / 02:41.762, 1Gb)
Check /ws/output/en/tbl_bck03510.png                                                                 (00:00.000 / 02:41.762, 1Gb)
Check /ws/output/en/tbl_bck03512.png                                                                 (00:00.000 / 02:41.763, 1Gb)
Check /ws/output/en/tbl_bck0351240.png                                                               (00:00.000 / 02:41.763, 1Gb)
Check /ws/output/en/tbl_bck035125.png                                                                (00:00.000 / 02:41.763, 1Gb)
Check /ws/output/en/tbl_bck0351250.png                                                               (00:00.000 / 02:41.763, 1Gb)
Check /ws/output/en/tbl_bck0351252.png                                                               (00:00.000 / 02:41.764, 1Gb)
Check /ws/output/en/tbl_bck03513.png                                                                 (00:00.000 / 02:41.764, 1Gb)
Check /ws/output/en/tbl_bck04.png                                                                    (00:00.000 / 02:41.764, 1Gb)
Check /ws/output/en/tbl_bck040.png                                                                   (00:00.000 / 02:41.764, 1Gb)
Check /ws/output/en/tbl_bck0400.png                                                                  (00:00.000 / 02:41.764, 1Gb)
Check /ws/output/en/tbl_bck041.png                                                                   (00:00.000 / 02:41.765, 1Gb)
Check /ws/output/en/tbl_bck0410.png                                                                  (00:00.000 / 02:41.765, 1Gb)
Check /ws/output/en/tbl_bck05.png                                                                    (00:00.000 / 02:41.765, 1Gb)
Check /ws/output/en/tbl_bck050.png                                                                   (00:00.000 / 02:41.765, 1Gb)
Check /ws/output/en/tbl_bck0500.png                                                                  (00:00.000 / 02:41.765, 1Gb)
Check /ws/output/en/tbl_bck05040.png                                                                 (00:00.000 / 02:41.766, 1Gb)
.Check /ws/output/en/tbl_bck0505.png                                                                  (00:00.000 / 02:41.766, 1Gb)
Check /ws/output/en/tbl_bck05050.png                                                                 (00:00.000 / 02:41.766, 1Gb)
Check /ws/output/en/tbl_bck051.png                                                                   (00:00.000 / 02:41.766, 1Gb)
Check /ws/output/en/tbl_bck0510.png                                                                  (00:00.000 / 02:41.767, 1Gb)
Check /ws/output/en/tbl_bck0512.png                                                                  (00:00.000 / 02:41.767, 1Gb)
Check /ws/output/en/tbl_bck05140.png                                                                 (00:00.000 / 02:41.768, 1Gb)
Check /ws/output/en/tbl_bck0515.png                                                                  (00:00.000 / 02:41.768, 1Gb)
Check /ws/output/en/tbl_bck05150.png                                                                 (00:00.000 / 02:41.768, 1Gb)
Check /ws/output/en/tbl_bck05152.png                                                                 (00:00.000 / 02:41.768, 1Gb)
Check /ws/output/en/tbl_bck1.png                                                                     (00:00.000 / 02:41.768, 1Gb)
Check /ws/output/en/tbl_bck10.png                                                                    (00:00.000 / 02:41.769, 1Gb)
Check /ws/output/en/tbl_bck100.png                                                                   (00:00.000 / 02:41.769, 1Gb)
Check /ws/output/en/tbl_bck1000.png                                                                  (00:00.000 / 02:41.769, 1Gb)
Check /ws/output/en/tbl_bck10000.png                                                                 (00:00.000 / 02:41.769, 1Gb)
Check /ws/output/en/tbl_bck100000.png                                                                (00:00.000 / 02:41.770, 1Gb)
Check /ws/output/en/tbl_bck10001.png                                                                 (00:00.000 / 02:41.770, 1Gb)
Check /ws/output/en/tbl_bck100010.png                                                                (00:00.000 / 02:41.770, 1Gb)
Check /ws/output/en/tbl_bck1001.png                                                                  (00:00.000 / 02:41.770, 1Gb)
Check /ws/output/en/tbl_bck10010.png                                                                 (00:00.000 / 02:41.770, 1Gb)
Check /ws/output/en/tbl_bck100100.png                                                                (00:00.000 / 02:41.771, 1Gb)
Check /ws/output/en/tbl_bck1001000.png                                                               (00:00.000 / 02:41.771, 1Gb)
Check /ws/output/en/tbl_bck10010000.png                                                              (00:00.000 / 02:41.771, 1Gb)
Check /ws/output/en/tbl_bck1001001.png                                                               (00:00.000 / 02:41.771, 1Gb)
Check /ws/output/en/tbl_bck10010010.png                                                              (00:00.000 / 02:41.772, 1Gb)
Check /ws/output/en/tbl_bck100101.png                                                                (00:00.000 / 02:41.772, 1Gb)
Check /ws/output/en/tbl_bck1001010.png                                                               (00:00.000 / 02:41.772, 1Gb)
Check /ws/output/en/tbl_bck10011.png                                                                 (00:00.000 / 02:41.772, 1Gb)
Check /ws/output/en/tbl_bck100110.png                                                                (00:00.000 / 02:41.773, 1Gb)
Check /ws/output/en/tbl_bck101.png                                                                   (00:00.000 / 02:41.773, 1Gb)
Check /ws/output/en/tbl_bck1010.png                                                                  (00:00.000 / 02:41.773, 1Gb)
Check /ws/output/en/tbl_bck10100.png                                                                 (00:00.000 / 02:41.773, 1Gb)
Check /ws/output/en/tbl_bck101000.png                                                                (00:00.000 / 02:41.773, 1Gb)
Check /ws/output/en/tbl_bck10101.png                                                                 (00:00.000 / 02:41.774, 1Gb)
Check /ws/output/en/tbl_bck101010.png                                                                (00:00.000 / 02:41.774, 1Gb)
Check /ws/output/en/tbl_bck1011.png                                                                  (00:00.000 / 02:41.774, 1Gb)
Check /ws/output/en/tbl_bck10110.png                                                                 (00:00.000 / 02:41.774, 1Gb)
Check /ws/output/en/tbl_bck101100.png                                                                (00:00.000 / 02:41.774, 1Gb)
Check /ws/output/en/tbl_bck1011000.png                                                               (00:00.000 / 02:41.775, 1Gb)
Check /ws/output/en/tbl_bck10110000.png                                                              (00:00.000 / 02:41.775, 1Gb)
Check /ws/output/en/tbl_bck1011001.png                                                               (00:00.000 / 02:41.775, 1Gb)
Check /ws/output/en/tbl_bck10110010.png                                                              (00:00.000 / 02:41.775, 1Gb)
Check /ws/output/en/tbl_bck101101.png                                                                (00:00.000 / 02:41.776, 1Gb)
Check /ws/output/en/tbl_bck1011010.png                                                               (00:00.000 / 02:41.776, 1Gb)
Check /ws/output/en/tbl_bck10111.png                                                                 (00:00.000 / 02:41.776, 1Gb)
Check /ws/output/en/tbl_bck101110.png                                                                (00:00.000 / 02:41.777, 1Gb)
Check /ws/output/en/tbl_bck1011100.png                                                               (00:00.000 / 02:41.777, 1Gb)
Check /ws/output/en/tbl_bck101111.png                                                                (00:00.000 / 02:41.777, 1Gb)
Check /ws/output/en/tbl_bck1011110.png                                                               (00:00.000 / 02:41.777, 1Gb)
Check /ws/output/en/tbl_bck10240.png                                                                 (00:00.000 / 02:41.777, 1Gb)
Check /ws/output/en/tbl_bck1025.png                                                                  (00:00.000 / 02:41.778, 1Gb)
Check /ws/output/en/tbl_bck10250.png                                                                 (00:00.000 / 02:41.778, 1Gb)
Check /ws/output/en/tbl_bck103.png                                                                   (00:00.000 / 02:41.778, 1Gb)
Check /ws/output/en/tbl_bck1040.png                                                                  (00:00.000 / 02:41.778, 1Gb)
Check /ws/output/en/tbl_bck105.png                                                                   (00:00.000 / 02:41.778, 1Gb)
Check /ws/output/en/tbl_bck1050.png                                                                  (00:00.000 / 02:41.779, 1Gb)
Check /ws/output/en/tbl_bck11.png                                                                    (00:00.000 / 02:41.779, 1Gb)
.Check /ws/output/en/tbl_bck110.png                                                                   (00:00.000 / 02:41.779, 1Gb)
Check /ws/output/en/tbl_bck1100.png                                                                  (00:00.000 / 02:41.779, 1Gb)
Check /ws/output/en/tbl_bck11000.png                                                                 (00:00.000 / 02:41.780, 1Gb)
Check /ws/output/en/tbl_bck110000.png                                                                (00:00.000 / 02:41.780, 1Gb)
Check /ws/output/en/tbl_bck11001.png                                                                 (00:00.000 / 02:41.780, 1Gb)
Check /ws/output/en/tbl_bck110010.png                                                                (00:00.000 / 02:41.780, 1Gb)
Check /ws/output/en/tbl_bck1101.png                                                                  (00:00.000 / 02:41.780, 1Gb)
Check /ws/output/en/tbl_bck11010.png                                                                 (00:00.000 / 02:41.781, 1Gb)
Check /ws/output/en/tbl_bck110100.png                                                                (00:00.000 / 02:41.781, 1Gb)
Check /ws/output/en/tbl_bck11011.png                                                                 (00:00.000 / 02:41.781, 1Gb)
Check /ws/output/en/tbl_bck110110.png                                                                (00:00.000 / 02:41.781, 1Gb)
Check /ws/output/en/tbl_bck111.png                                                                   (00:00.000 / 02:41.781, 1Gb)
Check /ws/output/en/tbl_bck1110.png                                                                  (00:00.000 / 02:41.782, 1Gb)
Check /ws/output/en/tbl_bck11100.png                                                                 (00:00.000 / 02:41.782, 1Gb)
Check /ws/output/en/tbl_bck111000.png                                                                (00:00.000 / 02:41.782, 1Gb)
Check /ws/output/en/tbl_bck11101.png                                                                 (00:00.000 / 02:41.782, 1Gb)
Check /ws/output/en/tbl_bck111010.png                                                                (00:00.000 / 02:41.782, 1Gb)
Check /ws/output/en/tbl_bck1111.png                                                                  (00:00.000 / 02:41.783, 1Gb)
Check /ws/output/en/tbl_bck11110.png                                                                 (00:00.000 / 02:41.783, 1Gb)
Check /ws/output/en/tbl_bck111100.png                                                                (00:00.000 / 02:41.783, 1Gb)
Check /ws/output/en/tbl_bck1111000.png                                                               (00:00.000 / 02:41.783, 1Gb)
Check /ws/output/en/tbl_bck111101.png                                                                (00:00.000 / 02:41.784, 1Gb)
Check /ws/output/en/tbl_bck1111010.png                                                               (00:00.000 / 02:41.784, 1Gb)
Check /ws/output/en/tbl_bck11111.png                                                                 (00:00.000 / 02:41.784, 1Gb)
Check /ws/output/en/tbl_bck111110.png                                                                (00:00.000 / 02:41.784, 1Gb)
Check /ws/output/en/tbl_bck112.png                                                                   (00:00.000 / 02:41.784, 1Gb)
Check /ws/output/en/tbl_bck11240.png                                                                 (00:00.000 / 02:41.785, 1Gb)
Check /ws/output/en/tbl_bck1125.png                                                                  (00:00.000 / 02:41.785, 1Gb)
Check /ws/output/en/tbl_bck11250.png                                                                 (00:00.000 / 02:41.785, 1Gb)
Check /ws/output/en/tbl_bck11252.png                                                                 (00:00.000 / 02:41.785, 1Gb)
Check /ws/output/en/tbl_bck113.png                                                                   (00:00.000 / 02:41.786, 1Gb)
Check /ws/output/en/tbl_bck1140.png                                                                  (00:00.000 / 02:41.786, 1Gb)
Check /ws/output/en/tbl_bck115.png                                                                   (00:00.000 / 02:41.786, 1Gb)
Check /ws/output/en/tbl_bck1150.png                                                                  (00:00.000 / 02:41.786, 1Gb)
Check /ws/output/en/tbl_bck1152.png                                                                  (00:00.000 / 02:41.786, 1Gb)
Check /ws/output/en/tbl_bck12.png                                                                    (00:00.000 / 02:41.787, 1Gb)
Check /ws/output/en/tbl_bck120.png                                                                   (00:00.000 / 02:41.787, 1Gb)
Check /ws/output/en/tbl_bck124.png                                                                   (00:00.000 / 02:41.787, 1Gb)
Check /ws/output/en/tbl_bck1240.png                                                                  (00:00.000 / 02:41.787, 1Gb)
Check /ws/output/en/tbl_bck12400.png                                                                 (00:00.000 / 02:41.788, 1Gb)
Check /ws/output/en/tbl_bck1241.png                                                                  (00:00.000 / 02:41.788, 1Gb)
Check /ws/output/en/tbl_bck12410.png                                                                 (00:00.000 / 02:41.788, 1Gb)
Check /ws/output/en/tbl_bck125.png                                                                   (00:00.000 / 02:41.789, 1Gb)
Check /ws/output/en/tbl_bck1250.png                                                                  (00:00.000 / 02:41.789, 1Gb)
Check /ws/output/en/tbl_bck12500.png                                                                 (00:00.000 / 02:41.789, 1Gb)
Check /ws/output/en/tbl_bck1251.png                                                                  (00:00.000 / 02:41.789, 1Gb)
Check /ws/output/en/tbl_bck12510.png                                                                 (00:00.000 / 02:41.789, 1Gb)
Check /ws/output/en/tbl_bck125100.png                                                                (00:00.000 / 02:41.790, 1Gb)
Check /ws/output/en/tbl_bck12511.png                                                                 (00:00.000 / 02:41.790, 1Gb)
Check /ws/output/en/tbl_bck125110.png                                                                (00:00.000 / 02:41.790, 1Gb)
Check /ws/output/en/tbl_bck12512.png                                                                 (00:00.000 / 02:41.790, 1Gb)
Check /ws/output/en/tbl_bck1252.png                                                                  (00:00.000 / 02:41.791, 1Gb)
Check /ws/output/en/tbl_bck13.png                                                                    (00:00.001 / 02:41.793, 1Gb)
Check /ws/output/en/tbl_bck130.png                                                                   (00:00.000 / 02:41.793, 1Gb)
Check /ws/output/en/tbl_bck1320.png                                                                  (00:00.001 / 02:41.794, 1Gb)
Check /ws/output/en/tbl_bck133.png                                                                   (00:00.001 / 02:41.796, 1Gb)
.Check /ws/output/en/tbl_bck1330.png                                                                  (00:00.000 / 02:41.796, 1Gb)
Check /ws/output/en/tbl_bck134.png                                                                   (00:00.000 / 02:41.797, 1Gb)
Check /ws/output/en/tbl_bck14.png                                                                    (00:00.000 / 02:41.797, 1Gb)
Check /ws/output/en/tbl_bck140.png                                                                   (00:00.000 / 02:41.797, 1Gb)
Check /ws/output/en/tbl_bck1400.png                                                                  (00:00.000 / 02:41.798, 1Gb)
Check /ws/output/en/tbl_bck141.png                                                                   (00:00.000 / 02:41.798, 1Gb)
Check /ws/output/en/tbl_bck1410.png                                                                  (00:00.000 / 02:41.798, 1Gb)
Check /ws/output/en/tbl_bck1424.png                                                                  (00:00.000 / 02:41.798, 1Gb)
Check /ws/output/en/tbl_bck143.png                                                                   (00:00.000 / 02:41.798, 1Gb)
Check /ws/output/en/tbl_bck15.png                                                                    (00:00.000 / 02:41.799, 1Gb)
Check /ws/output/en/tbl_bck150.png                                                                   (00:00.000 / 02:41.799, 1Gb)
Check /ws/output/en/tbl_bck1500.png                                                                  (00:00.000 / 02:41.799, 1Gb)
Check /ws/output/en/tbl_bck15040.png                                                                 (00:00.000 / 02:41.799, 1Gb)
Check /ws/output/en/tbl_bck1505.png                                                                  (00:00.000 / 02:41.799, 1Gb)
Check /ws/output/en/tbl_bck15050.png                                                                 (00:00.000 / 02:41.800, 1Gb)
Check /ws/output/en/tbl_bck151.png                                                                   (00:00.000 / 02:41.800, 1Gb)
Check /ws/output/en/tbl_bck1510.png                                                                  (00:00.000 / 02:41.800, 1Gb)
Check /ws/output/en/tbl_bck1512.png                                                                  (00:00.000 / 02:41.800, 1Gb)
Check /ws/output/en/tbl_bck15140.png                                                                 (00:00.000 / 02:41.801, 1Gb)
Check /ws/output/en/tbl_bck1515.png                                                                  (00:00.000 / 02:41.801, 1Gb)
Check /ws/output/en/tbl_bck15150.png                                                                 (00:00.000 / 02:41.801, 1Gb)
Check /ws/output/en/tbl_bck15152.png                                                                 (00:00.000 / 02:41.801, 1Gb)
Check /ws/output/en/tbl_bck152.png                                                                   (00:00.000 / 02:41.801, 1Gb)
Check /ws/output/en/tbl_bck1540.png                                                                  (00:00.000 / 02:41.802, 1Gb)
Check /ws/output/en/tbl_bck15424.png                                                                 (00:00.000 / 02:41.802, 1Gb)
Check /ws/output/en/tbl_bck1543.png                                                                  (00:00.000 / 02:41.802, 1Gb)
Check /ws/output/en/tbl_bck155.png                                                                   (00:00.000 / 02:41.803, 1Gb)
Check /ws/output/en/tbl_bck1550.png                                                                  (00:00.000 / 02:41.803, 1Gb)
Check /ws/output/en/tbl_bck1552.png                                                                  (00:00.000 / 02:41.803, 1Gb)
Check /ws/output/en/tbl_blank.png                                                                    (00:00.000 / 02:41.803, 1Gb)
Check /ws/output/en/tbl_spacer.png                                                                   (00:00.000 / 02:41.804, 1Gb)
Check /ws/output/en/tbl_vjoin-closed.png                                                             (00:00.000 / 02:41.804, 1Gb)
Check /ws/output/en/tbl_vjoin-open.png                                                               (00:00.000 / 02:41.804, 1Gb)
Check /ws/output/en/tbl_vjoin.png                                                                    (00:00.000 / 02:41.804, 1Gb)
Check /ws/output/en/tbl_vjoin_end-closed.png                                                         (00:00.000 / 02:41.804, 1Gb)
Check /ws/output/en/tbl_vjoin_end-open.png                                                           (00:00.000 / 02:41.805, 1Gb)
Check /ws/output/en/tbl_vjoin_end.png                                                                (00:00.000 / 02:41.805, 1Gb)
Check /ws/output/en/tbl_vjoin_end_slice-closed.png                                                   (00:00.000 / 02:41.805, 1Gb)
Check /ws/output/en/tbl_vjoin_end_slice-open.png                                                     (00:00.000 / 02:41.805, 1Gb)
Check /ws/output/en/tbl_vjoin_end_slice.png                                                          (00:00.000 / 02:41.805, 1Gb)
Check /ws/output/en/tbl_vjoin_end_slicer-closed.png                                                  (00:00.000 / 02:41.806, 1Gb)
Check /ws/output/en/tbl_vjoin_end_slicer-open.png                                                    (00:00.000 / 02:41.806, 1Gb)
Check /ws/output/en/tbl_vjoin_end_slicer.png                                                         (00:00.000 / 02:41.806, 1Gb)
Check /ws/output/en/tbl_vjoin_slice-closed.png                                                       (00:00.000 / 02:41.807, 1Gb)
Check /ws/output/en/tbl_vjoin_slice-open.png                                                         (00:00.000 / 02:41.807, 1Gb)
Check /ws/output/en/tbl_vjoin_slice.png                                                              (00:00.000 / 02:41.807, 1Gb)
Check /ws/output/en/tbl_vjoin_slicer-closed.png                                                      (00:00.000 / 02:41.807, 1Gb)
Check /ws/output/en/tbl_vjoin_slicer-open.png                                                        (00:00.000 / 02:41.808, 1Gb)
Check /ws/output/en/tbl_vjoin_slicer.png                                                             (00:00.000 / 02:41.808, 1Gb)
Check /ws/output/en/tbl_vline.png                                                                    (00:00.000 / 02:41.808, 1Gb)
Check /ws/output/en/tbl_vline_slice.png                                                              (00:00.000 / 02:41.808, 1Gb)
Check /ws/output/en/tbl_vline_slicer.png                                                             (00:00.000 / 02:41.808, 1Gb)
Check /ws/output/en/terminology.html                                                                 (00:00.000 / 02:41.809, 1Gb)
Check /ws/output/en/terminology.md                                                                   (00:00.005 / 02:41.814, 1Gb)
Check /ws/output/en/toc.html                                                                         (00:00.000 / 02:41.814, 1Gb)
Check /ws/output/en/translationinfo.html                                                             (00:00.006 / 02:41.820, 1Gb)
.Check /ws/output/en/translationinfo.md                                                               (00:00.002 / 02:41.823, 1Gb)
Check /ws/output/en/tree-filter.png                                                                  (00:00.000 / 02:41.823, 1Gb)
Check /ws/output/en/uml-diagrams.html                                                                (00:00.000 / 02:41.823, 1Gb)
Check /ws/output/en/uml-diagrams.md                                                                  (00:00.002 / 02:41.826, 1Gb)
Check /ws/output/en/version-history.html                                                             (00:00.000 / 02:41.826, 1Gb)
Check /ws/output/en/version-history.md                                                               (00:00.003 / 02:41.829, 1Gb)
Check /ws/output/examples.html                                                                       (00:00.000 / 02:41.830, 1Gb)
Check /ws/output/examples.json.zip                                                                   (00:00.000 / 02:41.830, 1Gb)
Check /ws/output/examples.xml.zip                                                                    (00:00.000 / 02:41.831, 1Gb)
Check /ws/output/excels.zip                                                                          (00:00.000 / 02:41.832, 1Gb)
Check /ws/output/expansions.json                                                                     (00:00.003 / 02:41.836, 1Gb)
Check /ws/output/expansions.json.zip                                                                 (00:00.000 / 02:41.837, 1Gb)
Check /ws/output/expansions.xml                                                                      (00:00.000 / 02:41.837, 1Gb)
Check /ws/output/expansions.xml.zip                                                                  (00:00.001 / 02:41.839, 1Gb)
Check /ws/output/external.png                                                                        (00:00.000 / 02:41.840, 1Gb)
Check /ws/output/fhir-table-scripts.js                                                               (00:00.000 / 02:41.840, 1Gb)
Check /ws/output/fhir.css                                                                            (00:00.000 / 02:41.840, 1Gb)
Check /ws/output/general-requirements.html                                                           (00:00.000 / 02:41.841, 1Gb)
Check /ws/output/guidance.html                                                                       (00:00.000 / 02:41.841, 1Gb)
Check /ws/output/icon-administration.png                                                             (00:00.000 / 02:41.842, 1Gb)
Check /ws/output/icon-change-add.png                                                                 (00:00.000 / 02:41.842, 1Gb)
Check /ws/output/icon-change-edit.png                                                                (00:00.000 / 02:41.843, 1Gb)
Check /ws/output/icon-change-remove.png                                                              (00:00.000 / 02:41.843, 1Gb)
Check /ws/output/icon-clinical.png                                                                   (00:00.000 / 02:41.843, 1Gb)
Check /ws/output/icon-dictionary.png                                                                 (00:00.000 / 02:41.844, 1Gb)
Check /ws/output/icon-directory.gif                                                                  (00:00.000 / 02:41.844, 1Gb)
Check /ws/output/icon-documentation.png                                                              (00:00.000 / 02:41.844, 1Gb)
Check /ws/output/icon-error.gif                                                                      (00:00.000 / 02:41.845, 1Gb)
Check /ws/output/icon-example.png                                                                    (00:00.000 / 02:41.845, 1Gb)
Check /ws/output/icon-fhir-1024.png                                                                  (00:00.000 / 02:41.845, 1Gb)
Check /ws/output/icon-fhir-128.png                                                                   (00:00.001 / 02:41.847, 1Gb)
Check /ws/output/icon-fhir-16-grey.png                                                               (00:00.000 / 02:41.847, 1Gb)
Check /ws/output/icon-fhir-16.png                                                                    (00:00.000 / 02:41.847, 1Gb)
Check /ws/output/icon-fhir-24.png                                                                    (00:00.000 / 02:41.848, 1Gb)
Check /ws/output/icon-fhir-32.png                                                                    (00:00.000 / 02:41.848, 1Gb)
Check /ws/output/icon-fhir-48.png                                                                    (00:00.009 / 02:41.858, 1Gb)
Check /ws/output/icon-fhir-64.png                                                                    (00:00.001 / 02:41.859, 1Gb)
Check /ws/output/icon-fhir-720.png                                                                   (00:00.000 / 02:41.859, 1Gb)
Check /ws/output/icon-implementation.png                                                             (00:00.000 / 02:41.860, 1Gb)
Check /ws/output/icon-include.png                                                                    (00:00.001 / 02:41.861, 1Gb)
Check /ws/output/icon-infrastructure.png                                                             (00:00.000 / 02:41.862, 1Gb)
Check /ws/output/icon-key.png                                                                        (00:00.001 / 02:41.863, 1Gb)
Check /ws/output/icon-list.gif                                                                       (00:00.000 / 02:41.864, 1Gb)
Check /ws/output/icon-not-selected.png                                                               (00:00.000 / 02:41.865, 1Gb)
Check /ws/output/icon-object-box.png                                                                 (00:00.000 / 02:41.865, 1Gb)
Check /ws/output/icon-page.png                                                                       (00:00.000 / 02:41.866, 1Gb)
Check /ws/output/icon-q-attachment.png                                                               (00:00.000 / 02:41.866, 1Gb)
Check /ws/output/icon-q-boolean.png                                                                  (00:00.000 / 02:41.867, 1Gb)
Check /ws/output/icon-q-choice.png                                                                   (00:00.000 / 02:41.867, 1Gb)
Check /ws/output/icon-q-coding.png                                                                   (00:00.000 / 02:41.868, 1Gb)
Check /ws/output/icon-q-date.png                                                                     (00:00.000 / 02:41.868, 1Gb)
Check /ws/output/icon-q-datetime.png                                                                 (00:00.000 / 02:41.868, 1Gb)
Check /ws/output/icon-q-decimal.png                                                                  (00:00.000 / 02:41.869, 1Gb)
Check /ws/output/icon-q-display.png                                                                  (00:00.000 / 02:41.869, 1Gb)
Check /ws/output/icon-q-group.png                                                                    (00:00.000 / 02:41.869, 1Gb)
Check /ws/output/icon-q-integer.png                                                                  (00:00.000 / 02:41.870, 1Gb)
.Check /ws/output/icon-q-item.png                                                                     (00:00.000 / 02:41.870, 1Gb)
Check /ws/output/icon-q-open-choice.png                                                              (00:00.000 / 02:41.870, 1Gb)
Check /ws/output/icon-q-quantity.png                                                                 (00:00.000 / 02:41.871, 1Gb)
Check /ws/output/icon-q-reference.png                                                                (00:00.000 / 02:41.871, 1Gb)
Check /ws/output/icon-q-string.png                                                                   (00:00.000 / 02:41.872, 1Gb)
Check /ws/output/icon-q-text.png                                                                     (00:00.000 / 02:41.872, 1Gb)
Check /ws/output/icon-q-time.png                                                                     (00:00.000 / 02:41.872, 1Gb)
Check /ws/output/icon-q-url.png                                                                      (00:00.000 / 02:41.873, 1Gb)
Check /ws/output/icon-qi-help.png                                                                    (00:00.000 / 02:41.873, 1Gb)
Check /ws/output/icon-qi-hidden.png                                                                  (00:00.000 / 02:41.873, 1Gb)
Check /ws/output/icon-qi-horizontal.png                                                              (00:00.000 / 02:41.873, 1Gb)
Check /ws/output/icon-qi-instructions.png                                                            (00:00.000 / 02:41.874, 1Gb)
Check /ws/output/icon-qi-observation.png                                                             (00:00.000 / 02:41.875, 1Gb)
Check /ws/output/icon-qi-optional.png                                                                (00:00.000 / 02:41.875, 1Gb)
Check /ws/output/icon-qi-readonly.png                                                                (00:00.000 / 02:41.875, 1Gb)
Check /ws/output/icon-qi-security.bmp                                                                (00:00.000 / 02:41.876, 1Gb)
Check /ws/output/icon-qi-security.png                                                                (00:00.000 / 02:41.876, 1Gb)
Check /ws/output/icon-qi-subject.png                                                                 (00:00.000 / 02:41.876, 1Gb)
Check /ws/output/icon-qi-vertical.png                                                                (00:00.000 / 02:41.876, 1Gb)
Check /ws/output/icon-resource.png                                                                   (00:00.000 / 02:41.877, 1Gb)
Check /ws/output/icon-selected.png                                                                   (00:00.000 / 02:41.877, 1Gb)
Check /ws/output/icon-toc.png                                                                        (00:00.000 / 02:41.877, 1Gb)
Check /ws/output/icon-type-operation.png                                                             (00:00.000 / 02:41.878, 1Gb)
Check /ws/output/icon-warning.png                                                                    (00:00.000 / 02:41.878, 1Gb)
Check /ws/output/icon_bundle.png                                                                     (00:00.000 / 02:41.878, 1Gb)
Check /ws/output/icon_choice.gif                                                                     (00:00.000 / 02:41.879, 1Gb)
Check /ws/output/icon_datatype.gif                                                                   (00:00.000 / 02:41.879, 1Gb)
Check /ws/output/icon_element.gif                                                                    (00:00.000 / 02:41.879, 1Gb)
Check /ws/output/icon_entry_blue.png                                                                 (00:00.000 / 02:41.880, 1Gb)
Check /ws/output/icon_extension.png                                                                  (00:00.000 / 02:41.880, 1Gb)
Check /ws/output/icon_extension_complex.png                                                          (00:00.000 / 02:41.880, 1Gb)
Check /ws/output/icon_extension_simple.png                                                           (00:00.000 / 02:41.881, 1Gb)
Check /ws/output/icon_fixed.gif                                                                      (00:00.000 / 02:41.881, 1Gb)
Check /ws/output/icon_group.png                                                                      (00:00.000 / 02:41.881, 1Gb)
Check /ws/output/icon_latest.png                                                                     (00:00.000 / 02:41.882, 1Gb)
Check /ws/output/icon_modifier_extension_complex.png                                                 (00:00.000 / 02:41.882, 1Gb)
Check /ws/output/icon_modifier_extension_simple.png                                                  (00:00.000 / 02:41.883, 1Gb)
Check /ws/output/icon_page-child.gif                                                                 (00:00.000 / 02:41.883, 1Gb)
Check /ws/output/icon_page.gif                                                                       (00:00.000 / 02:41.883, 1Gb)
Check /ws/output/icon_page_n.gif                                                                     (00:00.000 / 02:41.883, 1Gb)
Check /ws/output/icon_page_n_c.gif                                                                   (00:00.000 / 02:41.884, 1Gb)
Check /ws/output/icon_page_n_i.gif                                                                   (00:00.000 / 02:41.884, 1Gb)
Check /ws/output/icon_page_n_o.gif                                                                   (00:00.000 / 02:41.884, 1Gb)
Check /ws/output/icon_page_n_p.gif                                                                   (00:00.000 / 02:41.884, 1Gb)
Check /ws/output/icon_primitive.png                                                                  (00:00.000 / 02:41.885, 1Gb)
Check /ws/output/icon_profile.png                                                                    (00:00.000 / 02:41.885, 1Gb)
Check /ws/output/icon_q_item.png                                                                     (00:00.000 / 02:41.885, 1Gb)
Check /ws/output/icon_q_root.gif                                                                     (00:00.000 / 02:41.886, 1Gb)
Check /ws/output/icon_reference.png                                                                  (00:00.000 / 02:41.886, 1Gb)
Check /ws/output/icon_resource.png                                                                   (00:00.000 / 02:41.886, 1Gb)
Check /ws/output/icon_reuse.png                                                                      (00:00.000 / 02:41.886, 1Gb)
Check /ws/output/icon_slice.png                                                                      (00:00.000 / 02:41.886, 1Gb)
Check /ws/output/icon_slice_item.png                                                                 (00:00.000 / 02:41.887, 1Gb)
Check /ws/output/icon_text.png                                                                       (00:00.000 / 02:41.887, 1Gb)
Check /ws/output/icon_vd_col.png                                                                     (00:00.000 / 02:41.887, 1Gb)
Check /ws/output/icon_vd_foreach.png                                                                 (00:00.000 / 02:41.887, 1Gb)
.Check /ws/output/icon_vd_select.png                                                                  (00:00.000 / 02:41.888, 1Gb)
Check /ws/output/icon_vd_union.png                                                                   (00:00.000 / 02:41.888, 1Gb)
Check /ws/output/icon_vd_view.png                                                                    (00:00.000 / 02:41.888, 1Gb)
Check /ws/output/implementer-guidance.html                                                           (00:00.000 / 02:41.889, 1Gb)
Check /ws/output/index.html                                                                          (00:00.000 / 02:41.889, 1Gb)
Check /ws/output/information.png                                                                     (00:00.000 / 02:41.890, 1Gb)
Check /ws/output/link.svg                                                                            (00:00.000 / 02:41.890, 1Gb)
Check /ws/output/llms.txt                                                                            (00:00.000 / 02:41.890, 1Gb)
Check /ws/output/lock.png                                                                            (00:00.000 / 02:41.890, 1Gb)
Check /ws/output/logical-models.html                                                                 (00:00.000 / 02:41.891, 1Gb)
Check /ws/output/metadata.html                                                                       (00:00.000 / 02:41.891, 1Gb)
Check /ws/output/mii-cps-dokument-capabilitystatement.openapi.json                                   (00:00.001 / 02:41.892, 1Gb)
Check /ws/output/missing-data.html                                                                   (00:00.000 / 02:41.893, 1Gb)
Check /ws/output/modifier.png                                                                        (00:00.000 / 02:41.894, 1Gb)
Check /ws/output/must-support.html                                                                   (00:00.000 / 02:41.894, 1Gb)
Check /ws/output/mustsupport.png                                                                     (00:00.000 / 02:41.895, 1Gb)
Check /ws/output/new.png                                                                             (00:00.000 / 02:41.895, 1Gb)
Check /ws/output/observations-summary.xlsx                                                           (00:00.000 / 02:41.895, 1Gb)
Check /ws/output/package.db                                                                          (00:00.000 / 02:41.895, 1Gb)
Check /ws/output/package.manifest.json                                                               (00:00.008 / 02:41.903, 1Gb)
Check /ws/output/package.r4.manifest.json                                                            (00:00.000 / 02:41.904, 1Gb)
Check /ws/output/package.r4.tgz                                                                      (00:00.001 / 02:41.905, 1Gb)
Check /ws/output/package.r4b.manifest.json                                                           (00:00.001 / 02:41.907, 1Gb)
Check /ws/output/package.r4b.tgz                                                                     (00:00.000 / 02:41.907, 1Gb)
Check /ws/output/package.tgz                                                                         (00:00.001 / 02:41.908, 1Gb)
Check /ws/output/prism.css                                                                           (00:00.001 / 02:41.909, 1Gb)
Check /ws/output/prism.js                                                                            (00:00.000 / 02:41.910, 1Gb)
Check /ws/output/profiles-and-extensions.html                                                        (00:00.001 / 02:41.912, 1Gb)
Check /ws/output/researcher-guidance.html                                                            (00:00.000 / 02:41.912, 1Gb)
Check /ws/output/schematrons.zip                                                                     (00:00.000 / 02:41.912, 1Gb)
Check /ws/output/search-parameters-and-operations.html                                               (00:00.000 / 02:41.913, 1Gb)
Check /ws/output/searchform.html                                                                     (00:00.000 / 02:41.913, 1Gb)
Check /ws/output/security-and-privacy.html                                                           (00:00.000 / 02:41.914, 1Gb)
Check /ws/output/sub-package-list.json                                                               (00:00.000 / 02:41.914, 1Gb)
Check /ws/output/summary.png                                                                         (00:00.000 / 02:41.915, 1Gb)
Check /ws/output/target.png                                                                          (00:00.000 / 02:41.915, 1Gb)
Check /ws/output/tbl-closed.png                                                                      (00:00.000 / 02:41.915, 1Gb)
Check /ws/output/tbl-open.png                                                                        (00:00.000 / 02:41.915, 1Gb)
Check /ws/output/tbl_bck0.png                                                                        (00:00.000 / 02:41.916, 1Gb)
Check /ws/output/tbl_bck00.png                                                                       (00:00.000 / 02:41.916, 1Gb)
Check /ws/output/tbl_bck000.png                                                                      (00:00.000 / 02:41.916, 1Gb)
Check /ws/output/tbl_bck0000.png                                                                     (00:00.000 / 02:41.917, 1Gb)
Check /ws/output/tbl_bck00000.png                                                                    (00:00.000 / 02:41.917, 1Gb)
Check /ws/output/tbl_bck000000.png                                                                   (00:00.000 / 02:41.917, 1Gb)
Check /ws/output/tbl_bck0000000.png                                                                  (00:00.000 / 02:41.917, 1Gb)
Check /ws/output/tbl_bck000001.png                                                                   (00:00.000 / 02:41.917, 1Gb)
Check /ws/output/tbl_bck0000010.png                                                                  (00:00.000 / 02:41.918, 1Gb)
Check /ws/output/tbl_bck00001.png                                                                    (00:00.000 / 02:41.918, 1Gb)
Check /ws/output/tbl_bck000010.png                                                                   (00:00.000 / 02:41.918, 1Gb)
Check /ws/output/tbl_bck0000100.png                                                                  (00:00.000 / 02:41.918, 1Gb)
Check /ws/output/tbl_bck000010000.png                                                                (00:00.000 / 02:41.918, 1Gb)
Check /ws/output/tbl_bck00001001.png                                                                 (00:00.000 / 02:41.919, 1Gb)
Check /ws/output/tbl_bck000010010.png                                                                (00:00.000 / 02:41.919, 1Gb)
Check /ws/output/tbl_bck0000101.png                                                                  (00:00.000 / 02:41.919, 1Gb)
Check /ws/output/tbl_bck00001010.png                                                                 (00:00.000 / 02:41.919, 1Gb)
Check /ws/output/tbl_bck000011.png                                                                   (00:00.000 / 02:41.920, 1Gb)
.Check /ws/output/tbl_bck0000110.png                                                                  (00:00.000 / 02:41.920, 1Gb)
Check /ws/output/tbl_bck00001100.png                                                                 (00:00.000 / 02:41.920, 1Gb)
Check /ws/output/tbl_bck0000111.png                                                                  (00:00.000 / 02:41.920, 1Gb)
Check /ws/output/tbl_bck00001110.png                                                                 (00:00.000 / 02:41.920, 1Gb)
Check /ws/output/tbl_bck000011100.png                                                                (00:00.000 / 02:41.921, 1Gb)
Check /ws/output/tbl_bck0000111000.png                                                               (00:00.000 / 02:41.921, 1Gb)
Check /ws/output/tbl_bck00001110000.png                                                              (00:00.000 / 02:41.921, 1Gb)
Check /ws/output/tbl_bck0000111001.png                                                               (00:00.000 / 02:41.921, 1Gb)
Check /ws/output/tbl_bck00001110010.png                                                              (00:00.000 / 02:41.922, 1Gb)
Check /ws/output/tbl_bck000011101.png                                                                (00:00.000 / 02:41.922, 1Gb)
Check /ws/output/tbl_bck0000111010.png                                                               (00:00.000 / 02:41.922, 1Gb)
Check /ws/output/tbl_bck00001110100.png                                                              (00:00.000 / 02:41.922, 1Gb)
Check /ws/output/tbl_bck0000111011.png                                                               (00:00.000 / 02:41.922, 1Gb)
Check /ws/output/tbl_bck00001110110.png                                                              (00:00.000 / 02:41.923, 1Gb)
Check /ws/output/tbl_bck00001111.png                                                                 (00:00.000 / 02:41.923, 1Gb)
Check /ws/output/tbl_bck000011110.png                                                                (00:00.000 / 02:41.923, 1Gb)
Check /ws/output/tbl_bck0000111100.png                                                               (00:00.000 / 02:41.923, 1Gb)
Check /ws/output/tbl_bck000011110000.png                                                             (00:00.000 / 02:41.924, 1Gb)
Check /ws/output/tbl_bck00001111001.png                                                              (00:00.000 / 02:41.924, 1Gb)
Check /ws/output/tbl_bck000011110010.png                                                             (00:00.000 / 02:41.924, 1Gb)
Check /ws/output/tbl_bck0000111101.png                                                               (00:00.000 / 02:41.924, 1Gb)
Check /ws/output/tbl_bck00001111010.png                                                              (00:00.000 / 02:41.924, 1Gb)
Check /ws/output/tbl_bck000011111.png                                                                (00:00.001 / 02:41.926, 1Gb)
Check /ws/output/tbl_bck0000111110.png                                                               (00:00.000 / 02:41.926, 1Gb)
Check /ws/output/tbl_bck00001111100.png                                                              (00:00.000 / 02:41.926, 1Gb)
Check /ws/output/tbl_bck000011111000.png                                                             (00:00.000 / 02:41.926, 1Gb)
Check /ws/output/tbl_bck00001111101.png                                                              (00:00.000 / 02:41.927, 1Gb)
Check /ws/output/tbl_bck000011111010.png                                                             (00:00.000 / 02:41.927, 1Gb)
Check /ws/output/tbl_bck0000111110100.png                                                            (00:00.000 / 02:41.927, 1Gb)
Check /ws/output/tbl_bck000011111011.png                                                             (00:00.000 / 02:41.927, 1Gb)
Check /ws/output/tbl_bck0000111110110.png                                                            (00:00.000 / 02:41.928, 1Gb)
Check /ws/output/tbl_bck0000111111.png                                                               (00:00.000 / 02:41.928, 1Gb)
Check /ws/output/tbl_bck00001111110.png                                                              (00:00.000 / 02:41.928, 1Gb)
Check /ws/output/tbl_bck000011111100.png                                                             (00:00.000 / 02:41.928, 1Gb)
Check /ws/output/tbl_bck00001111111.png                                                              (00:00.000 / 02:41.929, 1Gb)
Check /ws/output/tbl_bck000011111110.png                                                             (00:00.000 / 02:41.929, 1Gb)
Check /ws/output/tbl_bck0001.png                                                                     (00:00.000 / 02:41.929, 1Gb)
Check /ws/output/tbl_bck00010.png                                                                    (00:00.000 / 02:41.929, 1Gb)
Check /ws/output/tbl_bck000100.png                                                                   (00:00.000 / 02:41.930, 1Gb)
Check /ws/output/tbl_bck00011.png                                                                    (00:00.000 / 02:41.930, 1Gb)
Check /ws/output/tbl_bck000110.png                                                                   (00:00.000 / 02:41.930, 1Gb)
Check /ws/output/tbl_bck001.png                                                                      (00:00.000 / 02:41.931, 1Gb)
Check /ws/output/tbl_bck0010.png                                                                     (00:00.000 / 02:41.931, 1Gb)
Check /ws/output/tbl_bck00100.png                                                                    (00:00.000 / 02:41.931, 1Gb)
Check /ws/output/tbl_bck001000.png                                                                   (00:00.000 / 02:41.931, 1Gb)
Check /ws/output/tbl_bck0010000.png                                                                  (00:00.000 / 02:41.932, 1Gb)
Check /ws/output/tbl_bck001001.png                                                                   (00:00.000 / 02:41.932, 1Gb)
Check /ws/output/tbl_bck0010010.png                                                                  (00:00.000 / 02:41.932, 1Gb)
Check /ws/output/tbl_bck00101.png                                                                    (00:00.000 / 02:41.933, 1Gb)
Check /ws/output/tbl_bck001010.png                                                                   (00:00.000 / 02:41.933, 1Gb)
Check /ws/output/tbl_bck0011.png                                                                     (00:00.000 / 02:41.933, 1Gb)
Check /ws/output/tbl_bck00110.png                                                                    (00:00.000 / 02:41.933, 1Gb)
Check /ws/output/tbl_bck0012.png                                                                     (00:00.000 / 02:41.934, 1Gb)
Check /ws/output/tbl_bck01.png                                                                       (00:00.000 / 02:41.934, 1Gb)
Check /ws/output/tbl_bck010.png                                                                      (00:00.000 / 02:41.934, 1Gb)
Check /ws/output/tbl_bck0100.png                                                                     (00:00.000 / 02:41.934, 1Gb)
.Check /ws/output/tbl_bck01000.png                                                                    (00:00.000 / 02:41.935, 1Gb)
Check /ws/output/tbl_bck0101.png                                                                     (00:00.000 / 02:41.935, 1Gb)
Check /ws/output/tbl_bck01010.png                                                                    (00:00.000 / 02:41.935, 1Gb)
Check /ws/output/tbl_bck010100.png                                                                   (00:00.000 / 02:41.935, 1Gb)
Check /ws/output/tbl_bck01011.png                                                                    (00:00.000 / 02:41.936, 1Gb)
Check /ws/output/tbl_bck010110.png                                                                   (00:00.000 / 02:41.936, 1Gb)
Check /ws/output/tbl_bck011.png                                                                      (00:00.000 / 02:41.937, 1Gb)
Check /ws/output/tbl_bck0110.png                                                                     (00:00.000 / 02:41.937, 1Gb)
Check /ws/output/tbl_bck01100.png                                                                    (00:00.000 / 02:41.938, 1Gb)
Check /ws/output/tbl_bck011000.png                                                                   (00:00.000 / 02:41.938, 1Gb)
Check /ws/output/tbl_bck0110000.png                                                                  (00:00.000 / 02:41.938, 1Gb)
Check /ws/output/tbl_bck011001.png                                                                   (00:00.000 / 02:41.939, 1Gb)
Check /ws/output/tbl_bck0110010.png                                                                  (00:00.000 / 02:41.939, 1Gb)
Check /ws/output/tbl_bck01101.png                                                                    (00:00.000 / 02:41.940, 1Gb)
Check /ws/output/tbl_bck011010.png                                                                   (00:00.000 / 02:41.940, 1Gb)
Check /ws/output/tbl_bck0110100.png                                                                  (00:00.000 / 02:41.940, 1Gb)
Check /ws/output/tbl_bck011011.png                                                                   (00:00.000 / 02:41.941, 1Gb)
Check /ws/output/tbl_bck0110110.png                                                                  (00:00.000 / 02:41.942, 1Gb)
Check /ws/output/tbl_bck01101100.png                                                                 (00:00.000 / 02:41.942, 1Gb)
Check /ws/output/tbl_bck0110111.png                                                                  (00:00.002 / 02:41.944, 1Gb)
Check /ws/output/tbl_bck01101110.png                                                                 (00:00.000 / 02:41.944, 1Gb)
Check /ws/output/tbl_bck0111.png                                                                     (00:00.000 / 02:41.945, 1Gb)
Check /ws/output/tbl_bck01110.png                                                                    (00:00.000 / 02:41.946, 1Gb)
Check /ws/output/tbl_bck011100.png                                                                   (00:00.000 / 02:41.946, 1Gb)
Check /ws/output/tbl_bck01111.png                                                                    (00:00.000 / 02:41.947, 1Gb)
Check /ws/output/tbl_bck011110.png                                                                   (00:00.000 / 02:41.947, 1Gb)
Check /ws/output/tbl_bck0111100.png                                                                  (00:00.000 / 02:41.947, 1Gb)
Check /ws/output/tbl_bck011110000.png                                                                (00:00.000 / 02:41.947, 1Gb)
Check /ws/output/tbl_bck01111001.png                                                                 (00:00.000 / 02:41.948, 1Gb)
Check /ws/output/tbl_bck011110010.png                                                                (00:00.000 / 02:41.948, 1Gb)
Check /ws/output/tbl_bck0111101.png                                                                  (00:00.000 / 02:41.948, 1Gb)
Check /ws/output/tbl_bck01111010.png                                                                 (00:00.000 / 02:41.948, 1Gb)
Check /ws/output/tbl_bck011111.png                                                                   (00:00.000 / 02:41.949, 1Gb)
Check /ws/output/tbl_bck0111110.png                                                                  (00:00.000 / 02:41.949, 1Gb)
Check /ws/output/tbl_bck01112.png                                                                    (00:00.000 / 02:41.949, 1Gb)
Check /ws/output/tbl_bck0112.png                                                                     (00:00.000 / 02:41.949, 1Gb)
Check /ws/output/tbl_bck012.png                                                                      (00:00.000 / 02:41.950, 1Gb)
Check /ws/output/tbl_bck0240.png                                                                     (00:00.000 / 02:41.950, 1Gb)
Check /ws/output/tbl_bck02400.png                                                                    (00:00.000 / 02:41.950, 1Gb)
Check /ws/output/tbl_bck0241.png                                                                     (00:00.000 / 02:41.951, 1Gb)
Check /ws/output/tbl_bck02410.png                                                                    (00:00.000 / 02:41.951, 1Gb)
Check /ws/output/tbl_bck025.png                                                                      (00:00.000 / 02:41.951, 1Gb)
Check /ws/output/tbl_bck0250.png                                                                     (00:00.000 / 02:41.951, 1Gb)
Check /ws/output/tbl_bck02500.png                                                                    (00:00.000 / 02:41.952, 1Gb)
Check /ws/output/tbl_bck025000.png                                                                   (00:00.000 / 02:41.952, 1Gb)
Check /ws/output/tbl_bck02501.png                                                                    (00:00.000 / 02:41.952, 1Gb)
Check /ws/output/tbl_bck025010.png                                                                   (00:00.000 / 02:41.952, 1Gb)
Check /ws/output/tbl_bck0250240.png                                                                  (00:00.000 / 02:41.952, 1Gb)
Check /ws/output/tbl_bck025025.png                                                                   (00:00.000 / 02:41.953, 1Gb)
Check /ws/output/tbl_bck0250250.png                                                                  (00:00.000 / 02:41.953, 1Gb)
Check /ws/output/tbl_bck02503.png                                                                    (00:00.000 / 02:41.953, 1Gb)
Check /ws/output/tbl_bck0251.png                                                                     (00:00.000 / 02:41.954, 1Gb)
Check /ws/output/tbl_bck02510.png                                                                    (00:00.000 / 02:41.954, 1Gb)
Check /ws/output/tbl_bck02512.png                                                                    (00:00.000 / 02:41.954, 1Gb)
Check /ws/output/tbl_bck0251240.png                                                                  (00:00.000 / 02:41.954, 1Gb)
Check /ws/output/tbl_bck025125.png                                                                   (00:00.000 / 02:41.954, 1Gb)
.Check /ws/output/tbl_bck0251250.png                                                                  (00:00.000 / 02:41.955, 1Gb)
Check /ws/output/tbl_bck0251252.png                                                                  (00:00.000 / 02:41.955, 1Gb)
Check /ws/output/tbl_bck02513.png                                                                    (00:00.000 / 02:41.955, 1Gb)
Check /ws/output/tbl_bck03.png                                                                       (00:00.000 / 02:41.955, 1Gb)
Check /ws/output/tbl_bck0320.png                                                                     (00:00.000 / 02:41.956, 1Gb)
Check /ws/output/tbl_bck033.png                                                                      (00:00.000 / 02:41.956, 1Gb)
Check /ws/output/tbl_bck0330.png                                                                     (00:00.000 / 02:41.956, 1Gb)
Check /ws/output/tbl_bck03300.png                                                                    (00:00.000 / 02:41.956, 1Gb)
Check /ws/output/tbl_bck0331.png                                                                     (00:00.000 / 02:41.957, 1Gb)
Check /ws/output/tbl_bck03310.png                                                                    (00:00.000 / 02:41.957, 1Gb)
Check /ws/output/tbl_bck0340.png                                                                     (00:00.000 / 02:41.957, 1Gb)
Check /ws/output/tbl_bck03400.png                                                                    (00:00.000 / 02:41.957, 1Gb)
Check /ws/output/tbl_bck0341.png                                                                     (00:00.000 / 02:41.957, 1Gb)
Check /ws/output/tbl_bck03410.png                                                                    (00:00.000 / 02:41.958, 1Gb)
Check /ws/output/tbl_bck035.png                                                                      (00:00.005 / 02:41.963, 1Gb)
Check /ws/output/tbl_bck0350.png                                                                     (00:00.000 / 02:41.964, 1Gb)
Check /ws/output/tbl_bck03500.png                                                                    (00:00.001 / 02:41.965, 1Gb)
Check /ws/output/tbl_bck0350240.png                                                                  (00:00.000 / 02:41.965, 1Gb)
Check /ws/output/tbl_bck035025.png                                                                   (00:00.000 / 02:41.965, 1Gb)
Check /ws/output/tbl_bck0350250.png                                                                  (00:00.000 / 02:41.966, 1Gb)
Check /ws/output/tbl_bck03503.png                                                                    (00:00.000 / 02:41.966, 1Gb)
Check /ws/output/tbl_bck0351.png                                                                     (00:00.000 / 02:41.966, 1Gb)
Check /ws/output/tbl_bck03510.png                                                                    (00:00.000 / 02:41.966, 1Gb)
Check /ws/output/tbl_bck03512.png                                                                    (00:00.000 / 02:41.966, 1Gb)
Check /ws/output/tbl_bck0351240.png                                                                  (00:00.000 / 02:41.967, 1Gb)
Check /ws/output/tbl_bck035125.png                                                                   (00:00.000 / 02:41.967, 1Gb)
Check /ws/output/tbl_bck0351250.png                                                                  (00:00.000 / 02:41.967, 1Gb)
Check /ws/output/tbl_bck0351252.png                                                                  (00:00.000 / 02:41.967, 1Gb)
Check /ws/output/tbl_bck03513.png                                                                    (00:00.000 / 02:41.967, 1Gb)
Check /ws/output/tbl_bck04.png                                                                       (00:00.000 / 02:41.968, 1Gb)
Check /ws/output/tbl_bck040.png                                                                      (00:00.000 / 02:41.968, 1Gb)
Check /ws/output/tbl_bck0400.png                                                                     (00:00.000 / 02:41.968, 1Gb)
Check /ws/output/tbl_bck041.png                                                                      (00:00.000 / 02:41.969, 1Gb)
Check /ws/output/tbl_bck0410.png                                                                     (00:00.000 / 02:41.969, 1Gb)
Check /ws/output/tbl_bck05.png                                                                       (00:00.000 / 02:41.969, 1Gb)
Check /ws/output/tbl_bck050.png                                                                      (00:00.000 / 02:41.969, 1Gb)
Check /ws/output/tbl_bck0500.png                                                                     (00:00.000 / 02:41.970, 1Gb)
Check /ws/output/tbl_bck05040.png                                                                    (00:00.000 / 02:41.970, 1Gb)
Check /ws/output/tbl_bck0505.png                                                                     (00:00.000 / 02:41.970, 1Gb)
Check /ws/output/tbl_bck05050.png                                                                    (00:00.000 / 02:41.970, 1Gb)
Check /ws/output/tbl_bck051.png                                                                      (00:00.000 / 02:41.970, 1Gb)
Check /ws/output/tbl_bck0510.png                                                                     (00:00.000 / 02:41.971, 1Gb)
Check /ws/output/tbl_bck0512.png                                                                     (00:00.000 / 02:41.971, 1Gb)
Check /ws/output/tbl_bck05140.png                                                                    (00:00.000 / 02:41.971, 1Gb)
Check /ws/output/tbl_bck0515.png                                                                     (00:00.000 / 02:41.972, 1Gb)
Check /ws/output/tbl_bck05150.png                                                                    (00:00.000 / 02:41.972, 1Gb)
Check /ws/output/tbl_bck05152.png                                                                    (00:00.000 / 02:41.972, 1Gb)
Check /ws/output/tbl_bck1.png                                                                        (00:00.000 / 02:41.973, 1Gb)
Check /ws/output/tbl_bck10.png                                                                       (00:00.000 / 02:41.973, 1Gb)
Check /ws/output/tbl_bck100.png                                                                      (00:00.000 / 02:41.973, 1Gb)
Check /ws/output/tbl_bck1000.png                                                                     (00:00.000 / 02:41.973, 1Gb)
Check /ws/output/tbl_bck10000.png                                                                    (00:00.000 / 02:41.974, 1Gb)
Check /ws/output/tbl_bck100000.png                                                                   (00:00.000 / 02:41.974, 1Gb)
Check /ws/output/tbl_bck10001.png                                                                    (00:00.000 / 02:41.974, 1Gb)
Check /ws/output/tbl_bck100010.png                                                                   (00:00.000 / 02:41.974, 1Gb)
Check /ws/output/tbl_bck1001.png                                                                     (00:00.000 / 02:41.975, 1Gb)
.Check /ws/output/tbl_bck10010.png                                                                    (00:00.000 / 02:41.975, 1Gb)
Check /ws/output/tbl_bck100100.png                                                                   (00:00.000 / 02:41.975, 1Gb)
Check /ws/output/tbl_bck1001000.png                                                                  (00:00.000 / 02:41.975, 1Gb)
Check /ws/output/tbl_bck10010000.png                                                                 (00:00.000 / 02:41.975, 1Gb)
Check /ws/output/tbl_bck1001001.png                                                                  (00:00.000 / 02:41.976, 1Gb)
Check /ws/output/tbl_bck10010010.png                                                                 (00:00.000 / 02:41.976, 1Gb)
Check /ws/output/tbl_bck100101.png                                                                   (00:00.000 / 02:41.976, 1Gb)
Check /ws/output/tbl_bck1001010.png                                                                  (00:00.000 / 02:41.977, 1Gb)
Check /ws/output/tbl_bck10011.png                                                                    (00:00.000 / 02:41.977, 1Gb)
Check /ws/output/tbl_bck100110.png                                                                   (00:00.000 / 02:41.977, 1Gb)
Check /ws/output/tbl_bck101.png                                                                      (00:00.000 / 02:41.978, 1Gb)
Check /ws/output/tbl_bck1010.png                                                                     (00:00.000 / 02:41.978, 1Gb)
Check /ws/output/tbl_bck10100.png                                                                    (00:00.000 / 02:41.978, 1Gb)
Check /ws/output/tbl_bck101000.png                                                                   (00:00.000 / 02:41.978, 1Gb)
Check /ws/output/tbl_bck10101.png                                                                    (00:00.000 / 02:41.978, 1Gb)
Check /ws/output/tbl_bck101010.png                                                                   (00:00.000 / 02:41.979, 1Gb)
Check /ws/output/tbl_bck1011.png                                                                     (00:00.000 / 02:41.979, 1Gb)
Check /ws/output/tbl_bck10110.png                                                                    (00:00.000 / 02:41.979, 1Gb)
Check /ws/output/tbl_bck101100.png                                                                   (00:00.000 / 02:41.979, 1Gb)
Check /ws/output/tbl_bck1011000.png                                                                  (00:00.000 / 02:41.980, 1Gb)
Check /ws/output/tbl_bck10110000.png                                                                 (00:00.000 / 02:41.980, 1Gb)
Check /ws/output/tbl_bck1011001.png                                                                  (00:00.000 / 02:41.980, 1Gb)
Check /ws/output/tbl_bck10110010.png                                                                 (00:00.000 / 02:41.980, 1Gb)
Check /ws/output/tbl_bck101101.png                                                                   (00:00.000 / 02:41.981, 1Gb)
Check /ws/output/tbl_bck1011010.png                                                                  (00:00.000 / 02:41.981, 1Gb)
Check /ws/output/tbl_bck10111.png                                                                    (00:00.000 / 02:41.981, 1Gb)
Check /ws/output/tbl_bck101110.png                                                                   (00:00.000 / 02:41.981, 1Gb)
Check /ws/output/tbl_bck1011100.png                                                                  (00:00.000 / 02:41.981, 1Gb)
Check /ws/output/tbl_bck101111.png                                                                   (00:00.000 / 02:41.982, 1Gb)
Check /ws/output/tbl_bck1011110.png                                                                  (00:00.000 / 02:41.982, 1Gb)
Check /ws/output/tbl_bck10240.png                                                                    (00:00.000 / 02:41.982, 1Gb)
Check /ws/output/tbl_bck1025.png                                                                     (00:00.000 / 02:41.982, 1Gb)
Check /ws/output/tbl_bck10250.png                                                                    (00:00.000 / 02:41.983, 1Gb)
Check /ws/output/tbl_bck103.png                                                                      (00:00.000 / 02:41.983, 1Gb)
Check /ws/output/tbl_bck10320.png                                                                    (00:00.000 / 02:41.983, 1Gb)
Check /ws/output/tbl_bck1033.png                                                                     (00:00.000 / 02:41.983, 1Gb)
Check /ws/output/tbl_bck10330.png                                                                    (00:00.000 / 02:41.984, 1Gb)
Check /ws/output/tbl_bck10340.png                                                                    (00:00.000 / 02:41.984, 1Gb)
Check /ws/output/tbl_bck1035.png                                                                     (00:00.000 / 02:41.984, 1Gb)
Check /ws/output/tbl_bck10350.png                                                                    (00:00.000 / 02:41.984, 1Gb)
Check /ws/output/tbl_bck1040.png                                                                     (00:00.000 / 02:41.985, 1Gb)
Check /ws/output/tbl_bck105.png                                                                      (00:00.000 / 02:41.985, 1Gb)
Check /ws/output/tbl_bck1050.png                                                                     (00:00.000 / 02:41.985, 1Gb)
Check /ws/output/tbl_bck11.png                                                                       (00:00.000 / 02:41.985, 1Gb)
Check /ws/output/tbl_bck110.png                                                                      (00:00.000 / 02:41.986, 1Gb)
Check /ws/output/tbl_bck1100.png                                                                     (00:00.003 / 02:41.990, 1Gb)
Check /ws/output/tbl_bck11000.png                                                                    (00:00.000 / 02:41.990, 1Gb)
Check /ws/output/tbl_bck110000.png                                                                   (00:00.000 / 02:41.990, 1Gb)
Check /ws/output/tbl_bck11001.png                                                                    (00:00.000 / 02:41.990, 1Gb)
Check /ws/output/tbl_bck110010.png                                                                   (00:00.000 / 02:41.991, 1Gb)
Check /ws/output/tbl_bck1101.png                                                                     (00:00.000 / 02:41.991, 1Gb)
Check /ws/output/tbl_bck11010.png                                                                    (00:00.000 / 02:41.991, 1Gb)
Check /ws/output/tbl_bck110100.png                                                                   (00:00.000 / 02:41.992, 1Gb)
Check /ws/output/tbl_bck11011.png                                                                    (00:00.000 / 02:41.992, 1Gb)
Check /ws/output/tbl_bck110110.png                                                                   (00:00.000 / 02:41.992, 1Gb)
Check /ws/output/tbl_bck111.png                                                                      (00:00.000 / 02:41.992, 1Gb)
.Check /ws/output/tbl_bck1110.png                                                                     (00:00.000 / 02:41.993, 1Gb)
Check /ws/output/tbl_bck11100.png                                                                    (00:00.000 / 02:41.993, 1Gb)
Check /ws/output/tbl_bck111000.png                                                                   (00:00.000 / 02:41.993, 1Gb)
Check /ws/output/tbl_bck11101.png                                                                    (00:00.000 / 02:41.994, 1Gb)
Check /ws/output/tbl_bck111010.png                                                                   (00:00.000 / 02:41.994, 1Gb)
Check /ws/output/tbl_bck1111.png                                                                     (00:00.000 / 02:41.995, 1Gb)
Check /ws/output/tbl_bck11110.png                                                                    (00:00.000 / 02:41.995, 1Gb)
Check /ws/output/tbl_bck111100.png                                                                   (00:00.000 / 02:41.995, 1Gb)
Check /ws/output/tbl_bck1111000.png                                                                  (00:00.000 / 02:41.996, 1Gb)
Check /ws/output/tbl_bck111101.png                                                                   (00:00.000 / 02:41.996, 1Gb)
Check /ws/output/tbl_bck1111010.png                                                                  (00:00.000 / 02:41.996, 1Gb)
Check /ws/output/tbl_bck11111.png                                                                    (00:00.000 / 02:41.997, 1Gb)
Check /ws/output/tbl_bck111110.png                                                                   (00:00.000 / 02:41.997, 1Gb)
Check /ws/output/tbl_bck112.png                                                                      (00:00.000 / 02:41.997, 1Gb)
Check /ws/output/tbl_bck11220.png                                                                    (00:00.000 / 02:41.998, 1Gb)
Check /ws/output/tbl_bck1123.png                                                                     (00:00.000 / 02:41.998, 1Gb)
Check /ws/output/tbl_bck11230.png                                                                    (00:00.000 / 02:41.998, 1Gb)
Check /ws/output/tbl_bck11240.png                                                                    (00:00.000 / 02:41.999, 1Gb)
Check /ws/output/tbl_bck1125.png                                                                     (00:00.000 / 02:41.999, 1Gb)
Check /ws/output/tbl_bck11250.png                                                                    (00:00.000 / 02:41.999, 1Gb)
Check /ws/output/tbl_bck11252.png                                                                    (00:00.000 / 02:42.000, 1Gb)
Check /ws/output/tbl_bck113.png                                                                      (00:00.000 / 02:42.000, 1Gb)
Check /ws/output/tbl_bck11320.png                                                                    (00:00.000 / 02:42.000, 1Gb)
Check /ws/output/tbl_bck1133.png                                                                     (00:00.000 / 02:42.001, 1Gb)
Check /ws/output/tbl_bck11330.png                                                                    (00:00.000 / 02:42.001, 1Gb)
Check /ws/output/tbl_bck11332.png                                                                    (00:00.000 / 02:42.001, 1Gb)
Check /ws/output/tbl_bck11340.png                                                                    (00:00.000 / 02:42.002, 1Gb)
Check /ws/output/tbl_bck1135.png                                                                     (00:00.000 / 02:42.002, 1Gb)
Check /ws/output/tbl_bck11350.png                                                                    (00:00.000 / 02:42.002, 1Gb)
Check /ws/output/tbl_bck11352.png                                                                    (00:00.000 / 02:42.003, 1Gb)
Check /ws/output/tbl_bck1140.png                                                                     (00:00.000 / 02:42.003, 1Gb)
Check /ws/output/tbl_bck115.png                                                                      (00:00.000 / 02:42.003, 1Gb)
Check /ws/output/tbl_bck1150.png                                                                     (00:00.000 / 02:42.003, 1Gb)
Check /ws/output/tbl_bck1152.png                                                                     (00:00.000 / 02:42.004, 1Gb)
Check /ws/output/tbl_bck12.png                                                                       (00:00.000 / 02:42.004, 1Gb)
Check /ws/output/tbl_bck120.png                                                                      (00:00.000 / 02:42.004, 1Gb)
Check /ws/output/tbl_bck1220.png                                                                     (00:00.000 / 02:42.005, 1Gb)
Check /ws/output/tbl_bck123.png                                                                      (00:00.000 / 02:42.005, 1Gb)
Check /ws/output/tbl_bck12300.png                                                                    (00:00.000 / 02:42.005, 1Gb)
Check /ws/output/tbl_bck1231.png                                                                     (00:00.000 / 02:42.006, 1Gb)
Check /ws/output/tbl_bck12310.png                                                                    (00:00.000 / 02:42.006, 1Gb)
Check /ws/output/tbl_bck124.png                                                                      (00:00.000 / 02:42.006, 1Gb)
Check /ws/output/tbl_bck1240.png                                                                     (00:00.000 / 02:42.006, 1Gb)
Check /ws/output/tbl_bck12400.png                                                                    (00:00.000 / 02:42.007, 1Gb)
Check /ws/output/tbl_bck1241.png                                                                     (00:00.000 / 02:42.007, 1Gb)
Check /ws/output/tbl_bck12410.png                                                                    (00:00.000 / 02:42.007, 1Gb)
Check /ws/output/tbl_bck125.png                                                                      (00:00.000 / 02:42.008, 1Gb)
Check /ws/output/tbl_bck1250.png                                                                     (00:00.000 / 02:42.008, 1Gb)
Check /ws/output/tbl_bck12500.png                                                                    (00:00.000 / 02:42.008, 1Gb)
Check /ws/output/tbl_bck1251.png                                                                     (00:00.000 / 02:42.009, 1Gb)
Check /ws/output/tbl_bck12510.png                                                                    (00:00.000 / 02:42.009, 1Gb)
Check /ws/output/tbl_bck125100.png                                                                   (00:00.000 / 02:42.009, 1Gb)
Check /ws/output/tbl_bck12511.png                                                                    (00:00.000 / 02:42.010, 1Gb)
Check /ws/output/tbl_bck125110.png                                                                   (00:00.000 / 02:42.010, 1Gb)
Check /ws/output/tbl_bck12512.png                                                                    (00:00.000 / 02:42.010, 1Gb)
Check /ws/output/tbl_bck1252.png                                                                     (00:00.000 / 02:42.011, 1Gb)
.Check /ws/output/tbl_bck13.png                                                                       (00:00.000 / 02:42.011, 1Gb)
Check /ws/output/tbl_bck130.png                                                                      (00:00.000 / 02:42.011, 1Gb)
Check /ws/output/tbl_bck1300.png                                                                     (00:00.000 / 02:42.011, 1Gb)
Check /ws/output/tbl_bck131.png                                                                      (00:00.000 / 02:42.012, 1Gb)
Check /ws/output/tbl_bck1310.png                                                                     (00:00.000 / 02:42.012, 1Gb)
Check /ws/output/tbl_bck1320.png                                                                     (00:00.000 / 02:42.012, 1Gb)
Check /ws/output/tbl_bck133.png                                                                      (00:00.000 / 02:42.013, 1Gb)
Check /ws/output/tbl_bck1330.png                                                                     (00:00.000 / 02:42.013, 1Gb)
Check /ws/output/tbl_bck13300.png                                                                    (00:00.000 / 02:42.013, 1Gb)
Check /ws/output/tbl_bck1331.png                                                                     (00:00.000 / 02:42.013, 1Gb)
Check /ws/output/tbl_bck13310.png                                                                    (00:00.000 / 02:42.014, 1Gb)
Check /ws/output/tbl_bck13312.png                                                                    (00:00.000 / 02:42.014, 1Gb)
Check /ws/output/tbl_bck134.png                                                                      (00:00.000 / 02:42.014, 1Gb)
Check /ws/output/tbl_bck1340.png                                                                     (00:00.000 / 02:42.015, 1Gb)
Check /ws/output/tbl_bck135.png                                                                      (00:00.000 / 02:42.015, 1Gb)
Check /ws/output/tbl_bck1350.png                                                                     (00:00.000 / 02:42.015, 1Gb)
Check /ws/output/tbl_bck13500.png                                                                    (00:00.000 / 02:42.015, 1Gb)
Check /ws/output/tbl_bck1351.png                                                                     (00:00.000 / 02:42.016, 1Gb)
Check /ws/output/tbl_bck13510.png                                                                    (00:00.000 / 02:42.016, 1Gb)
Check /ws/output/tbl_bck13512.png                                                                    (00:00.000 / 02:42.016, 1Gb)
Check /ws/output/tbl_bck14.png                                                                       (00:00.000 / 02:42.016, 1Gb)
Check /ws/output/tbl_bck140.png                                                                      (00:00.000 / 02:42.017, 1Gb)
Check /ws/output/tbl_bck1400.png                                                                     (00:00.000 / 02:42.017, 1Gb)
Check /ws/output/tbl_bck141.png                                                                      (00:00.000 / 02:42.017, 1Gb)
Check /ws/output/tbl_bck1410.png                                                                     (00:00.000 / 02:42.018, 1Gb)
Check /ws/output/tbl_bck1424.png                                                                     (00:00.000 / 02:42.018, 1Gb)
Check /ws/output/tbl_bck143.png                                                                      (00:00.000 / 02:42.018, 1Gb)
Check /ws/output/tbl_bck15.png                                                                       (00:00.000 / 02:42.019, 1Gb)
Check /ws/output/tbl_bck150.png                                                                      (00:00.000 / 02:42.019, 1Gb)
Check /ws/output/tbl_bck1500.png                                                                     (00:00.000 / 02:42.019, 1Gb)
Check /ws/output/tbl_bck15040.png                                                                    (00:00.000 / 02:42.019, 1Gb)
Check /ws/output/tbl_bck1505.png                                                                     (00:00.000 / 02:42.020, 1Gb)
Check /ws/output/tbl_bck15050.png                                                                    (00:00.000 / 02:42.020, 1Gb)
Check /ws/output/tbl_bck151.png                                                                      (00:00.000 / 02:42.020, 1Gb)
Check /ws/output/tbl_bck1510.png                                                                     (00:00.000 / 02:42.021, 1Gb)
Check /ws/output/tbl_bck1512.png                                                                     (00:00.000 / 02:42.021, 1Gb)
Check /ws/output/tbl_bck15140.png                                                                    (00:00.000 / 02:42.021, 1Gb)
Check /ws/output/tbl_bck1515.png                                                                     (00:00.001 / 02:42.022, 1Gb)
Check /ws/output/tbl_bck15150.png                                                                    (00:00.000 / 02:42.023, 1Gb)
Check /ws/output/tbl_bck15152.png                                                                    (00:00.001 / 02:42.024, 1Gb)
Check /ws/output/tbl_bck152.png                                                                      (00:00.000 / 02:42.024, 1Gb)
Check /ws/output/tbl_bck1540.png                                                                     (00:00.000 / 02:42.025, 1Gb)
Check /ws/output/tbl_bck15424.png                                                                    (00:00.000 / 02:42.025, 1Gb)
Check /ws/output/tbl_bck1543.png                                                                     (00:00.000 / 02:42.026, 1Gb)
Check /ws/output/tbl_bck155.png                                                                      (00:00.000 / 02:42.026, 1Gb)
Check /ws/output/tbl_bck1550.png                                                                     (00:00.000 / 02:42.027, 1Gb)
Check /ws/output/tbl_bck1552.png                                                                     (00:00.000 / 02:42.027, 1Gb)
Check /ws/output/tbl_blank.png                                                                       (00:00.000 / 02:42.027, 1Gb)
Check /ws/output/tbl_spacer.png                                                                      (00:00.000 / 02:42.028, 1Gb)
Check /ws/output/tbl_vjoin-closed.png                                                                (00:00.000 / 02:42.028, 1Gb)
Check /ws/output/tbl_vjoin-open.png                                                                  (00:00.000 / 02:42.029, 1Gb)
Check /ws/output/tbl_vjoin.png                                                                       (00:00.000 / 02:42.029, 1Gb)
Check /ws/output/tbl_vjoin_end-closed.png                                                            (00:00.000 / 02:42.029, 1Gb)
Check /ws/output/tbl_vjoin_end-open.png                                                              (00:00.000 / 02:42.030, 1Gb)
Check /ws/output/tbl_vjoin_end.png                                                                   (00:00.000 / 02:42.030, 1Gb)
Check /ws/output/tbl_vjoin_end_slice-closed.png                                                      (00:00.000 / 02:42.031, 1Gb)
.Check /ws/output/tbl_vjoin_end_slice-open.png                                                        (00:00.000 / 02:42.031, 1Gb)
Check /ws/output/tbl_vjoin_end_slice.png                                                             (00:00.000 / 02:42.032, 1Gb)
Check /ws/output/tbl_vjoin_end_slicer-closed.png                                                     (00:00.000 / 02:42.032, 1Gb)
Check /ws/output/tbl_vjoin_end_slicer-open.png                                                       (00:00.000 / 02:42.032, 1Gb)
Check /ws/output/tbl_vjoin_end_slicer.png                                                            (00:00.000 / 02:42.033, 1Gb)
Check /ws/output/tbl_vjoin_slice-closed.png                                                          (00:00.000 / 02:42.033, 1Gb)
Check /ws/output/tbl_vjoin_slice-open.png                                                            (00:00.000 / 02:42.033, 1Gb)
Check /ws/output/tbl_vjoin_slice.png                                                                 (00:00.000 / 02:42.033, 1Gb)
Check /ws/output/tbl_vjoin_slicer-closed.png                                                         (00:00.000 / 02:42.034, 1Gb)
Check /ws/output/tbl_vjoin_slicer-open.png                                                           (00:00.000 / 02:42.034, 1Gb)
Check /ws/output/tbl_vjoin_slicer.png                                                                (00:00.000 / 02:42.034, 1Gb)
Check /ws/output/tbl_vline.png                                                                       (00:00.000 / 02:42.035, 1Gb)
Check /ws/output/tbl_vline_slice.png                                                                 (00:00.000 / 02:42.036, 1Gb)
Check /ws/output/tbl_vline_slicer.png                                                                (00:00.000 / 02:42.036, 1Gb)
Check /ws/output/terminology.html                                                                    (00:00.000 / 02:42.036, 1Gb)
Check /ws/output/toc.html                                                                            (00:00.000 / 02:42.037, 1Gb)
Check /ws/output/translationinfo.html                                                                (00:00.000 / 02:42.038, 1Gb)
Check /ws/output/tree-filter.png                                                                     (00:00.000 / 02:42.039, 1Gb)
Check /ws/output/uml-diagrams.html                                                                   (00:00.000 / 02:42.039, 1Gb)
Check /ws/output/url-literals.json                                                                   (00:00.000 / 02:42.040, 1Gb)
Check /ws/output/usage-stats.json                                                                    (00:00.000 / 02:42.040, 1Gb)
Check /ws/output/validator-mii-ig-dokument.pack                                                      (00:00.000 / 02:42.041, 1Gb)
Check /ws/output/validator.pack                                                                      (00:00.001 / 02:42.042, 1Gb)
Check /ws/output/valueset-list.csv                                                                   (00:00.001 / 02:42.043, 1Gb)
Check /ws/output/valueset-list.json                                                                  (00:00.000 / 02:42.044, 1Gb)
Check /ws/output/valueset-ref-all-list.csv                                                           (00:00.000 / 02:42.044, 1Gb)
Check /ws/output/valueset-ref-all-list.json                                                          (00:00.000 / 02:42.044, 1Gb)
Check /ws/output/valueset-ref-list.csv                                                               (00:00.000 / 02:42.045, 1Gb)
Check /ws/output/valueset-ref-list.json                                                              (00:00.000 / 02:42.045, 1Gb)
Check /ws/output/version-history.html                                                                (00:00.000 / 02:42.046, 1Gb)

Checking Other Links                                                                                 (00:00.000 / 02:42.046, 1Gb)
Sorting Conformance Clauses                                                                          (00:00.000 / 02:42.047, 1Gb)
Done checking                                                                                        (00:00.006 / 02:42.054, 1Gb)
  ... 2271 html files, 0 pages invalid xhtml (0%)                                                    (00:00.013 / 02:42.068, 1Gb)
  ... 156753 links, 0 broken links (0%)                                                              (00:00.000 / 02:42.068, 1Gb)
Generate fragment-usage-analysis.csv                                                                 (00:00.000 / 02:42.068, 1Gb)
Build final .zip                                                                                     (00:00.004 / 02:42.073, 1Gb)
Final .zip built                                                                                     (00:01.899 / 02:43.972, 1Gb)
Built. Times: loading: 00:01.603, generate: 02:14.416, narrative generation: 00:01.624, realm-rules: 00:00.000, previous-version: 00:00.003, jekyll: 00:09.310, validation: 00:27.946 (#20), template: 00:01.926 (#3) (00:05.360 / 02:49.333, 983Mb)
Generating QA                                                                                        (00:00.000 / 02:49.333, 983Mb)
Internal error in location for message: 'Error @1, 2: Found / expecting a token name', loc = '/ws/output/de/profiles-and-extensions.html', err = 'The html source has duplicate anchor Ids: end-xhtml'
Internal error in location for message: 'Error @1, 2: Found / expecting a token name', loc = '/ws/output/en/profiles-and-extensions.html', err = 'The html source has duplicate anchor Ids: dokument-documentreference,end-xhtml'
Validation output in /ws/output/qa.html
Errors: 7, Warnings: 112, Info: 390, Broken Links: 0        (00:00.484 / 02:49.818, 1Gb)
Finished @ 8/6/26, 4:05 PM. Max Memory Used = 3Gb. Log file saved in /tmp/fhir-ig-publisher-tmp.log  (00:00.030 / 02:49.848, 1Gb)
